chembl_id	pref_name	max_phase	first_approval	molecule_type	oral	parenteral	topical	natural_product	prodrug	inorganic	polymer	veterinary	withdrawn	canonical_smiles	inchi_key	mw	alogp	hba	hbd	psa	rtb	ro5_viol	qed	heavy_atoms	aromatic_rings	smiles_clean	herg
CHEMBL1000	CETIRIZINE	4	1995	Small molecule	1	1	1	1	0			0		O=C(O)COCCN1CCN(C(c2ccccc2)c2ccc(Cl)cc2)CC1			3.15	4	1	53.01	8			27	2	O=C(O)COCCN1CCN(C(c2ccccc2)c2ccc(Cl)cc2)CC1	ok
CHEMBL100116	PENTAZOCINE	4	1967	Small molecule	1	1	0	1	0			0		CC(C)=CCN1CCC2(C)c3cc(O)ccc3CC1C2C			3.88	2	1	23.47	2			21	1	CC(C)=CCN1CCC2(C)c3cc(O)ccc3CC1C2C	ok
CHEMBL1002	LEVOSALBUTAMOL	4	1999	Small molecule	0	0	1	1	0			0		CC(C)(C)NC[C@H](O)c1ccc(O)c(CO)c1			1.31	4	4	72.72	4			17	1	CC(C)(C)NC[C@H](O)c1ccc(O)c(CO)c1	ok
CHEMBL100259	URIDINE	3		Small molecule	0	0	0	1	0			0		O=c1ccn([C@@H]2O[C@H](CO)[C@@H](O)[C@H]2O)c(=O)[nH]1			-2.85	7	4	124.78	2			17	1	O=c1ccn([C@@H]2O[C@H](CO)[C@@H](O)[C@H]2O)c(=O)[nH]1	ok
CHEMBL1003	CLAVULANATE POTASSIUM	4	1984	Small molecule	1	1	0	1	0			0		O=C([O-])[C@H]1/C(=C/CO)O[C@@H]2CC(=O)N21.[K+]			-1.1	4	2	87.07	2			14	0	O=C([O-])[C@H]1/C(=C/CO)O[C@@H]2CC(=O)N21	ok
CHEMBL1004	DOXYLAMINE	4	1948	Small molecule	1	0	0	1	0			0		CN(C)CCOC(C)(c1ccccc1)c1ccccn1			2.92	3	0	25.36	6			20	2	CN(C)CCOC(C)(c1ccccc1)c1ccccn1	ok
CHEMBL1005	REMIFENTANIL	4	1996	Small molecule	0	1	0	1	0			0		CCC(=O)N(c1ccccc1)C1(C(=O)OC)CCN(CCC(=O)OC)CC1			2	6	0	76.15	7			27	1	CCC(=O)N(c1ccccc1)C1(C(=O)OC)CCN(CCC(=O)OC)CC1	ok
CHEMBL1006	AMIFOSTINE	4	1995	Small molecule	0	1	0	1	1			0		NCCCNCCSP(=O)(O)O			-0.25	4	4	95.58	7			12	0	NCCCNCCSP(=O)(O)O	ok
CHEMBL1008	BEPRIDIL	4	1990	Small molecule	1	0	0	1	0			0		CC(C)COCC(CN(Cc1ccccc1)c1ccccc1)N1CCCC1			4.83	3	0	15.71	10			27	2	CC(C)COCC(CN(Cc1ccccc1)c1ccccc1)N1CCCC1	RISK
CHEMBL1009	LEVODOPA	4	1970	Small molecule	1	0	1	1	1			0		N[C@@H](Cc1ccc(O)c(O)c1)C(=O)O			0.05	4	4	103.78	3			14	1	N[C@@H](Cc1ccc(O)c(O)c1)C(=O)O	ok
CHEMBL101	PHENYLBUTAZONE	4	1980	Small molecule	1	0	0	1	0			0		CCCCC1C(=O)N(c2ccccc2)N(c2ccccc2)C1=O			3.79	2	0	40.62	5			23	2	CCCCC1C(=O)N(c2ccccc2)N(c2ccccc2)C1=O	ok
CHEMBL1010	CEFOTAXIME SODIUM	4	1981	Small molecule	0	1	0	1	0			0		CO/N=C(\C(=O)N[C@@H]1C(=O)N2C(C(=O)[O-])=C(COC(C)=O)CS[C@H]12)c1csc(N)n1.[Na+]			-0.62	11	3	173.51	7			30	1	CO/N=C(\C(=O)N[C@@H]1C(=O)N2C(C(=O)[O-])=C(COC(C)=O)CS[C@H]12)c1csc(N)n1	ok
CHEMBL101253	VATALANIB	3		Small molecule	0	0	0	1	0			0		Clc1ccc(Nc2nnc(Cc3ccncc3)c3ccccc23)cc1			5.01	4	1	50.7	4			25	4	Clc1ccc(Nc2nnc(Cc3ccncc3)c3ccccc23)cc1	ok
CHEMBL1013	LORACARBEF ANHYDROUS	4	1991	Small molecule	1	0	0	1	0			0		N[C@@H](C(=O)N[C@@H]1C(=O)N2C(C(=O)O)=C(Cl)CC[C@H]12)c1ccccc1			0.71	4	3	112.73	4			24	1	N[C@@H](C(=O)N[C@@H]1C(=O)N2C(C(=O)O)=C(Cl)CC[C@H]12)c1ccccc1	ok
CHEMBL1014	CANDESARTAN CILEXETIL	4	1998	Small molecule	1	0	0	1	1			0		CCOc1nc2cccc(C(=O)OC(C)OC(=O)OC3CCCCC3)c2n1Cc1ccc(-c2ccccc2-c2nn[nH]n2)cc1			6.32	11	1	143.34	10			45	5	CCOc1nc2cccc(C(=O)OC(C)OC(=O)OC3CCCCC3)c2n1Cc1ccc(-c2ccccc2-c2nn[nH]n2)cc1	ok
CHEMBL1015	EVANS BLUE FREE ACID	4	1982	Small molecule	0	1	0	0	0			0		Cc1cc(-c2ccc(/N=N/c3ccc4c(S(=O)(=O)O)cc(S(=O)(=O)O)c(N)c4c3O)c(C)c2)ccc1/N=N/c1ccc2c(S(=O)(=O)O)cc(S(=O)(=O)O)c(N)c2c1O			6.67	16	8	359.42	9			58	6	Cc1cc(-c2ccc(/N=N/c3ccc4c(S(=O)(=O)O)cc(S(=O)(=O)O)c(N)c4c3O)c(C)c2)ccc1/N=N/c1ccc2c(S(=O)(=O)O)cc(S(=O)(=O)O)c(N)c2c1O	ok
CHEMBL1016	CANDESARTAN	3		Small molecule	0	0	0	1	0			0		CCOc1nc2cccc(C(=O)O)c2n1Cc1ccc(-c2ccccc2-c2nnn[nH]2)cc1			4.03	7	2	118.81	7			33	5	CCOc1nc2cccc(C(=O)O)c2n1Cc1ccc(-c2ccccc2-c2nnn[nH]2)cc1	ok
CHEMBL1017	TELMISARTAN	4	1998	Small molecule	1	0	0	1	0			1		CCCc1nc2c(C)cc(-c3nc4ccccc4n3C)cc2n1Cc1ccc(-c2ccccc2C(=O)O)cc1			7.26	5	1	72.94	7			39	6	CCCc1nc2c(C)cc(-c3nc4ccccc4n3C)cc2n1Cc1ccc(-c2ccccc2C(=O)O)cc1	ok
CHEMBL1018	DIENESTROL	4	1947	Small molecule	0	0	1	1	0			0		C/C=C(C(=C/C)/c1ccc(O)cc1)\c1ccc(O)cc1			4.6	2	2	40.46	3			20	2	C/C=C(C(=C/C)/c1ccc(O)cc1)\c1ccc(O)cc1	ok
CHEMBL1020	TOLMETIN	4	1976	Small molecule	1	0	0	1	0			0		Cc1ccc(C(=O)c2ccc(CC(=O)O)n2C)cc1			2.19	3	1	59.3	4			19	2	Cc1ccc(C(=O)c2ccc(CC(=O)O)n2C)cc1	ok
CHEMBL1021	NEPAFENAC	4	2005	Small molecule	0	0	1	1	1			0		NC(=O)Cc1cccc(C(=O)c2ccccc2)c1N			1.53	3	2	86.18	4			19	2	NC(=O)Cc1cccc(C(=O)c2ccccc2)c1N	ok
CHEMBL1023	BEXAROTENE	4	1999	Small molecule	1	0	1	1	0			0		C=C(c1ccc(C(=O)O)cc1)c1cc2c(cc1C)C(C)(C)CCC2(C)C			6.1	1	1	37.3	3			26	2	C=C(c1ccc(C(=O)O)cc1)c1cc2c(cc1C)C(C)(C)CCC2(C)C	ok
CHEMBL1024	IFOSFAMIDE	4	1988	Small molecule	0	1	0	1	1			0		O=P1(NCCCl)OCCCN1CCCl			1.88	2	1	41.57	5			14	0	O=P1(NCCCl)OCCCN1CCCl	ok
CHEMBL1025	ISOFLUROPHATE	4	1957	Small molecule	0	0	1	0	0			0		CC(C)OP(=O)(F)OC(C)C			2.91	3	0	35.53	4			11	0	CC(C)OP(=O)(F)OC(C)C	ok
CHEMBL1027	TIAGABINE	4	1997	Small molecule	1	0	0	1	0			0		Cc1ccsc1C(=CCCN1CCC[C@@H](C(=O)O)C1)c1sccc1C			5.04	4	1	40.54	6			25	2	Cc1ccsc1C(=CCCN1CCC[C@@H](C(=O)O)C1)c1sccc1C	ok
CHEMBL1029	MIGLUSTAT	4	2002	Small molecule	1	0	0	1	1			0		CCCCN1C[C@H](O)[C@@H](O)[C@H](O)[C@H]1CO			-1.45	5	4	84.16	4			15	0	CCCCN1C[C@H](O)[C@@H](O)[C@H](O)[C@H]1CO	ok
CHEMBL102970	PYRIDOXAL	3		Small molecule	0	0	0	1	0			0		Cc1ncc(CO)c(C=O)c1O			0.4	4	2	70.42	2			12	1	Cc1ncc(CO)c(C=O)c1O	ok
CHEMBL103	PROGESTERONE	4	1976	Small molecule	1	1	1	1	0			0		CC(=O)[C@H]1CC[C@H]2[C@@H]3CCC4=CC(=O)CC[C@]4(C)[C@H]3CC[C@]12C			4.72	2	0	34.14	1			23	0	CC(=O)[C@H]1CC[C@H]2[C@@H]3CCC4=CC(=O)CC[C@]4(C)[C@H]3CC[C@]12C	ok
CHEMBL10316	IDAZOXAN	3		Small molecule	0	0	0	1	0			0		c1ccc2c(c1)OCC(C1=NCCN1)O2			0.83	4	1	42.85	1			15	1	c1ccc2c(c1)OCC(C1=NCCN1)O2	ok
CHEMBL1034	DICLOFENAC SODIUM	4	1988	Small molecule	1	1	1	1	0			0		O=C([O-])Cc1ccccc1Nc1c(Cl)cccc1Cl.[Na+]			4.36	2	2	49.33	4			19	2	O=C([O-])Cc1ccccc1Nc1c(Cl)cccc1Cl	ok
CHEMBL1037	GUANADREL	4	1982	Small molecule	1	0	0	1	0			0		N=C(N)NCC1COC2(CCCCC2)O1			0.55	3	3	80.36	2			15	0	N=C(N)NCC1COC2(CCCCC2)O1	ok
CHEMBL104	CLOTRIMAZOLE	4	1975	Small molecule	1	0	1	1	0			0		Clc1ccccc1C(c1ccccc1)(c1ccccc1)n1ccnc1			5.38	2	0	17.82	4			25	4	Clc1ccccc1C(c1ccccc1)(c1ccccc1)n1ccnc1	RISK
CHEMBL1040	CALCIFEDIOL ANHYDROUS	4	1980	Small molecule	1	0	0	1	0			0		C=C1CC[C@H](O)C/C1=C/C=C1\CCC[C@]2(C)[C@@H]([C@H](C)CCCC(C)(C)O)CC[C@@H]12			6.73	2	2	40.46	6			29	0	C=C1CC[C@H](O)C/C1=C/C=C1\CCC[C@]2(C)[C@@H]([C@H](C)CCCC(C)(C)O)CC[C@@H]12	ok
CHEMBL1042	CHOLECALCIFEROL	4	1999	Small molecule	1	1	0	1	0			0		C=C1CC[C@H](O)C/C1=C/C=C1\CCC[C@]2(C)[C@@H]([C@H](C)CCCC(C)C)CC[C@@H]12			7.62	1	1	20.23	6			28	0	C=C1CC[C@H](O)C/C1=C/C=C1\CCC[C@]2(C)[C@@H]([C@H](C)CCCC(C)C)CC[C@@H]12	ok
CHEMBL1043	DAPSONE	4	1979	Small molecule	1	0	1	1	0			0		Nc1ccc(S(=O)(=O)c2ccc(N)cc2)cc1			1.68	4	2	86.18	2			17	2	Nc1ccc(S(=O)(=O)c2ccc(N)cc2)cc1	ok
CHEMBL1046	AMINOCAPROIC ACID	4	1964	Small molecule	1	1	0	1	0			0		NCCCCCC(=O)O			0.59	2	2	63.32	5			9	0	NCCCCCC(=O)O	ok
CHEMBL105	MITOMYCIN	4	1981	Small molecule	0	1	1	1	1			0		CO[C@@]12[C@H](COC(N)=O)C3=C(C(=O)C(C)=C(N)C3=O)N1C[C@@H]1N[C@@H]12			-1.65	8	3	146.89	3			24	0	CO[C@@]12[C@H](COC(N)=O)C3=C(C(=O)C(C)=C(N)C3=O)N1C[C@@H]1N[C@@H]12	ok
CHEMBL1051	LATANOPROST	4	1996	Small molecule	0	0	1	1	1			0		CC(C)OC(=O)CCC/C=C\C[C@@H]1[C@@H](CC[C@@H](O)CCc2ccccc2)[C@H](O)C[C@@H]1O			4.19	5	3	86.99	13			31	1	CC(C)OC(=O)CCC/C=C\C[C@@H]1[C@@H](CC[C@@H](O)CCc2ccccc2)[C@H](O)C[C@@H]1O	ok
CHEMBL1054	TRICHLORMETHIAZIDE	4	1960	Small molecule	1	0	0	1	0			0		NS(=O)(=O)c1cc2c(cc1Cl)NC(C(Cl)Cl)NS2(=O)=O			0.82	5	3	118.36	2			20	1	NS(=O)(=O)c1cc2c(cc1Cl)NC(C(Cl)Cl)NS2(=O)=O	ok
CHEMBL1055	CHLORTHALIDONE	4	1960	Small molecule	1	0	0	1	0			0		NS(=O)(=O)c1cc(C2(O)NC(=O)c3ccccc32)ccc1Cl			0.92	4	3	109.49	2			22	2	NS(=O)(=O)c1cc(C2(O)NC(=O)c3ccccc32)ccc1Cl	ok
CHEMBL1057	FLUORESCEIN	4	1976	Small molecule	0	1	1	1	0			0		O=C1OC2(c3ccc(O)cc3Oc3cc(O)ccc32)c2ccccc21			3.67	5	2	75.99	0			25	3	O=C1OC2(c3ccc(O)cc3Oc3cc(O)ccc32)c2ccccc21	ok
CHEMBL1059	PREGABALIN	4	2004	Small molecule	1	0	0	1	0			1		CC(C)C[C@H](CN)CC(=O)O			1.08	2	2	63.32	5			11	0	CC(C)C[C@H](CN)CC(=O)O	ok
CHEMBL106	FLUCONAZOLE	4	1990	Small molecule	1	1	0	0	0			0		OC(Cn1cncn1)(Cn1cncn1)c1ccc(F)cc1F			0.74	7	1	81.65	5			22	3	OC(Cn1cncn1)(Cn1cncn1)c1ccc(F)cc1F	ok
CHEMBL106258	AMINOREX	4		Small molecule	0	0	0	1	0			0		NC1=NCC(c2ccccc2)O1			1.07	3	1	47.61	1			12	1	NC1=NCC(c2ccccc2)O1	ok
CHEMBL1064	SIMVASTATIN	4	1991	Small molecule	1	0	0	1	1			0		CCC(C)(C)C(=O)O[C@H]1C[C@@H](C)C=C2C=C[C@H](C)[C@H](CC[C@@H]3C[C@@H](O)CC(=O)O3)[C@H]21			4.59	5	1	72.83	6			30	0	CCC(C)(C)C(=O)O[C@H]1C[C@@H](C)C=C2C=C[C@H](C)[C@H](CC[C@@H]3C[C@@H](O)CC(=O)O3)[C@H]21	ok
CHEMBL1065	METHYSERGIDE	4	1962	Small molecule	1	0	0	1	0			0		CC[C@@H](CO)NC(=O)[C@@H]1C=C2c3cccc4c3c(cn4C)C[C@H]2N(C)C1			1.94	4	2	57.5	4			26	2	CC[C@@H](CO)NC(=O)[C@@H]1C=C2c3cccc4c3c(cn4C)C[C@H]2N(C)C1	ok
CHEMBL1067	LICARBAZEPINE	3		Small molecule	0	0	0	0	0			0		NC(=O)N1c2ccccc2CC(O)c2ccccc21			2.49	2	2	66.56	0			19	2	NC(=O)N1c2ccccc2CC(O)c2ccccc21	ok
CHEMBL1068	OXCARBAZEPINE	4	2000	Small molecule	1	0	0	1	1			0		NC(=O)N1c2ccccc2CC(=O)c2ccccc21			2.64	2	1	63.4	0			19	2	NC(=O)N1c2ccccc2CC(=O)c2ccccc21	ok
CHEMBL1069	VALSARTAN	4	1996	Small molecule	1	0	0	1	0			0		CCCCC(=O)N(Cc1ccc(-c2ccccc2-c2nnn[nH]2)cc1)[C@H](C(=O)O)C(C)C			4.16	5	2	112.07	10			32	3	CCCCC(=O)N(Cc1ccc(-c2ccccc2-c2nnn[nH]2)cc1)[C@H](C(=O)O)C(C)C	ok
CHEMBL107	COLCHICINE	4	1961	Small molecule	1	0	0	1	0			0		COc1cc2c(c(OC)c1OC)-c1ccc(OC)c(=O)cc1[C@@H](NC(C)=O)CC2			2.87	6	1	83.09	5			29	2	COc1cc2c(c(OC)c1OC)-c1ccc(OC)c(=O)cc1[C@@H](NC(C)=O)CC2	ok
CHEMBL1070	NABUMETONE	4	1991	Small molecule	1	0	0	1	1			0		COc1ccc2cc(CCC(C)=O)ccc2c1			3.37	2	0	26.3	4			17	2	COc1ccc2cc(CCC(C)=O)ccc2c1	ok
CHEMBL1071	OXAPROZIN	4	1992	Small molecule	1	0	0	1	0			0		O=C(O)CCc1nc(-c2ccccc2)c(-c2ccccc2)o1			4.03	3	1	63.33	5			22	3	O=C(O)CCc1nc(-c2ccccc2)c(-c2ccccc2)o1	ok
CHEMBL1072	BUMETANIDE	4	1983	Small molecule	1	1	0	1	0			0		CCCCNc1cc(C(=O)O)cc(S(N)(=O)=O)c1Oc1ccccc1			3.04	5	3	118.72	8			25	2	CCCCNc1cc(C(=O)O)cc(S(N)(=O)=O)c1Oc1ccccc1	ok
CHEMBL1073	GLIPIZIDE	4	1984	Small molecule	1	0	0	1	0			0		Cc1cnc(C(=O)NCCc2ccc(S(=O)(=O)NC(=O)NC3CCCCC3)cc2)cn1			2.08	6	3	130.15	7			31	2	Cc1cnc(C(=O)NCCc2ccc(S(=O)(=O)NC(=O)NC3CCCCC3)cc2)cn1	ok
CHEMBL1075	MORICIZINE	4	1990	Small molecule	1	0	0	1	0			0		CCOC(=O)Nc1ccc2c(c1)N(C(=O)CCN1CCOCC1)c1ccccc1S2			4.11	6	1	71.11	5			30	2	CCOC(=O)Nc1ccc2c(c1)N(C(=O)CCN1CCOCC1)c1ccccc1S2	ok
CHEMBL1075733	VALNOCTAMIDE	3		Small molecule	0	0	0	1	0			0		CCC(C)C(CC)C(N)=O			1.54	1	1	43.09	4			10	0	CCC(C)C(CC)C(N)=O	ok
CHEMBL1076211	TOLPERISONE	3		Small molecule	0	0	0	1	0			0		Cc1ccc(C(=O)C(C)CN2CCCCC2)cc1			3.3	2	0	20.31	4			18	1	Cc1ccc(C(=O)C(C)CN2CCCCC2)cc1	ok
CHEMBL1076903	VARENICLINE	4	2006	Small molecule	1	0	1	1	0			0		c1cnc2cc3c(cc2n1)[C@@H]1CNC[C@H]3C1			1.8	3	1	37.81	0			16	2	c1cnc2cc3c(cc2n1)[C@@H]1CNC[C@H]3C1	ok
CHEMBL1077	BROMFENAC	4	1997	Small molecule	0	0	1	1	0			0		Nc1c(CC(=O)O)cccc1C(=O)c1ccc(Br)cc1			2.89	3	2	80.39	4			20	2	Nc1c(CC(=O)O)cccc1C(=O)c1ccc(Br)cc1	ok
CHEMBL1077896	ROPIVACAINE	4	1996	Small molecule	0	1	0	1	0			0		CCCN1CCCC[C@H]1C(=O)Nc1c(C)cccc1C			3.51	2	1	32.34	4			20	1	CCCN1CCCC[C@H]1C(=O)Nc1c(C)cccc1C	ok
CHEMBL1078178	MOMELOTINIB	4	2023	Small molecule	1	0	0	1	0			0		N#CCNC(=O)c1ccc(-c2ccnc(Nc3ccc(N4CCOCC4)cc3)n2)cc1			2.98	7	2	103.17	6			31	3	N#CCNC(=O)c1ccc(-c2ccnc(Nc3ccc(N4CCOCC4)cc3)n2)cc1	ok
CHEMBL1078261	PROPIVERINE	4		Small molecule	0	0	0	1	0			0		CCCOC(C(=O)OC1CCN(C)CC1)(c1ccccc1)c1ccccc1			3.99	4	0	38.77	7			27	2	CCCOC(C(=O)OC1CCN(C)CC1)(c1ccccc1)c1ccccc1	ok
CHEMBL1079	TIZANIDINE	4	1996	Small molecule	1	0	0	1	0			0		Clc1ccc2nsnc2c1NC1=NCCN1			1.72	6	2	62.2	1			16	2	Clc1ccc2nsnc2c1NC1=NCCN1	ok
CHEMBL1079604	METAXALONE	4	1962	Small molecule	1	0	0	1	0			0		Cc1cc(C)cc(OCC2CNC(=O)O2)c1			1.79	3	1	47.56	3			16	1	Cc1cc(C)cc(OCC2CNC(=O)O2)c1	ok
CHEMBL108	CARBAMAZEPINE	4	1968	Small molecule	1	1	0	1	0			0		NC(=O)N1c2ccccc2C=Cc2ccccc21			3.39	1	1	46.33	0			18	2	NC(=O)N1c2ccccc2C=Cc2ccccc21	ok
CHEMBL108030	UNDECANOATE	3		Small molecule	0	0	0	1	0			0		CCCCCCCCCCC(=O)O			3.6	1	1	37.3	9			13	0	CCCCCCCCCCC(=O)O	ok
CHEMBL1082	AMOXICILLIN	4	1974	Small molecule	1	0	0	1	0			0		CC1(C)S[C@@H]2[C@H](NC(=O)[C@H](N)c3ccc(O)cc3)C(=O)N2[C@H]1C(=O)O			0.02	6	4	132.96	4			25	1	CC1(C)S[C@@H]2[C@H](NC(=O)[C@H](N)c3ccc(O)cc3)C(=O)N2[C@H]1C(=O)O	ok
CHEMBL1082407	ENZALUTAMIDE	4	2012	Small molecule	1	0	0	0	0			0		CNC(=O)c1ccc(N2C(=S)N(c3ccc(C#N)c(C(F)(F)F)c3)C(=O)C2(C)C)cc1F			3.99	4	1	76.44	3			32	2	CNC(=O)c1ccc(N2C(=S)N(c3ccc(C#N)c(C(F)(F)F)c3)C(=O)C2(C)C)cc1F	ok
CHEMBL1082462	DBPR-108	3		Small molecule	0	0	0	0	0			0		CC(C)(CC(=O)N1CCCC1)NCC(=O)N1C[C@@H](F)C[C@H]1C#N			0.83	4	1	76.44	5			23	0	CC(C)(CC(=O)N1CCCC1)NCC(=O)N1C[C@@H](F)C[C@H]1C#N	ok
CHEMBL1083390	INTEPIRDINE	3		Small molecule	0	0	0	1	0			0		O=S(=O)(c1ccccc1)c1cnc2c(N3CCNCC3)cccc2c1			2.48	5	1	62.3	3			25	3	O=S(=O)(c1ccccc1)c1cnc2c(N3CCNCC3)cccc2c1	ok
CHEMBL1083659	SUVOREXANT	4	2014	Small molecule	1	0	0	1	0			0		Cc1ccc(-n2nccn2)c(C(=O)N2CCN(c3nc4cc(Cl)ccc4o3)CC[C@H]2C)c1			4.11	7	0	80.29	3			32	4	Cc1ccc(-n2nccn2)c(C(=O)N2CCN(c3nc4cc(Cl)ccc4o3)CC[C@H]2C)c1	ok
CHEMBL1085	ACETOPHENAZINE	4	1961	Small molecule	1	0	0	1	0			0		CC(=O)c1ccc2c(c1)N(CCCN1CCN(CCO)CC1)c1ccccc1S2			3.49	6	1	47.02	7			29	2	CC(=O)c1ccc2c(c1)N(CCCN1CCN(CCO)CC1)c1ccccc1S2	ok
CHEMBL108545	METHYL SALICYLATE	4	2008	Small molecule	0	0	1	1	0			0		COC(=O)c1ccccc1O			1.18	3	1	46.53	1			11	1	COC(=O)c1ccccc1O	ok
CHEMBL1085699	MANIDIPINE 6300	3		Small molecule	0	0	0	1	0			0		COC(=O)C1=C(C)NC(C)=C(C(=O)OCCN2CCN(C(c3ccccc3)c3ccccc3)CC2)C1c1cccc([N+](=O)[O-])c1			4.95	9	1	114.25	10			45	3	COC(=O)C1=C(C)NC(C)=C(C(=O)OCCN2CCN(C(c3ccccc3)c3ccccc3)CC2)C1c1cccc([N+](=O)[O-])c1	ok
CHEMBL1086	DIBUCAINE	4	1982	Small molecule	0	1	0	1	0			0		CCCCOc1cc(C(=O)NCCN(CC)CC)c2ccccc2n1			3.49	4	1	54.46	10			25	2	CCCCOc1cc(C(=O)NCCN(CC)CC)c2ccccc2n1	ok
CHEMBL1086440	TRICLABENDAZOLE	4	2019	Small molecule	1	0	0	1	0			0		CSc1nc2cc(Cl)c(Oc3cccc(Cl)c3Cl)cc2[nH]1			6.04	3	1	37.91	3			21	3	CSc1nc2cc(Cl)c(Oc3cccc(Cl)c3Cl)cc2[nH]1	ok
CHEMBL1086997	LUCERASTAT	3		Small molecule	0	0	0	1	0			0		CCCCN1C[C@H](O)[C@@H](O)[C@@H](O)[C@H]1CO			-1.45	5	4	84.16	4			15	0	CCCCN1C[C@H](O)[C@@H](O)[C@@H](O)[C@H]1CO	ok
CHEMBL1087	MEPIVACAINE	4	1960	Small molecule	0	1	0	1	0			0		Cc1cccc(C)c1NC(=O)C1CCCCN1C			2.73	2	1	32.34	2			18	1	Cc1cccc(C)c1NC(=O)C1CCCCN1C	ok
CHEMBL10878	AGOMELATINE	4	2009	Small molecule	1	0	0	1	0			0		COc1ccc2cccc(CCNC(C)=O)c2c1			2.53	2	1	38.33	4			18	2	COc1ccc2cccc(CCNC(C)=O)c2c1	ok
CHEMBL1088	MESORIDAZINE	4	1970	Small molecule	1	1	0	1	0			0		CN1CCCCC1CCN1c2ccccc2Sc2ccc([S+](C)[O-])cc21			4.9	4	0	29.54	4			26	2	CN1CCCCC1CCN1c2ccccc2Sc2ccc([S+](C)[O-])cc21	RISK
CHEMBL108821	SITAFLOXACIN ANHYDROUS	3		Small molecule	0	0	0	0	0			0		N[C@@H]1CN(c2c(F)cc3c(=O)c(C(=O)O)cn([C@@H]4C[C@@H]4F)c3c2Cl)CC12CC2			2.7	5	2	88.56	3			28	2	N[C@@H]1CN(c2c(F)cc3c(=O)c(C(=O)O)cn([C@@H]4C[C@@H]4F)c3c2Cl)CC12CC2	ok
CHEMBL1088750	ARRY-797	3		Small molecule	0	0	0	0	0			0		CC(C)Cn1ncc2cc(Oc3ccc(F)cc3F)c(C(=O)NCCN(C)C)cc21			4.05	5	1	59.39	8			30	3	CC(C)Cn1ncc2cc(Oc3ccc(F)cc3F)c(C(=O)NCCN(C)C)cc21	ok
CHEMBL1088752	LOSMAPIMOD	3		Small molecule	0	0	0	0	0			0		Cc1c(F)cc(C(=O)NC2CC2)cc1-c1ccc(C(=O)NCC(C)(C)C)cn1			3.86	3	2	71.09	5			28	2	Cc1c(F)cc(C(=O)NC2CC2)cc1-c1ccc(C(=O)NCC(C)(C)C)cn1	ok
CHEMBL1088977	ADEMETIONINE	3		Small molecule	0	0	0	1	0			0		C[S+](CC[C@H](N)C(=O)[O-])C[C@H]1O[C@@H](n2cnc3c(N)ncnc32)[C@H](O)[C@@H]1O			-3.26	11	4	185.46	7			27	2	C[S+](CC[C@H](N)C(=O)[O-])C[C@H]1O[C@@H](n2cnc3c(N)ncnc32)[C@H](O)[C@@H]1O	ok
CHEMBL1089	PHENELZINE	4	1961	Small molecule	1	0	0	1	0			0		NNCCc1ccccc1			0.69	2	2	38.05	3			10	1	NNCCc1ccccc1	ok
CHEMBL1089221	BENDAZAC	4	1984	Small molecule	0	0	0	0	0			0		O=C(O)COc1nn(Cc2ccccc2)c2ccccc12			2.55	4	1	64.35	5			21	3	O=C(O)COc1nn(Cc2ccccc2)c2ccccc12	ok
CHEMBL1089318	OPICAPONE	4	2016	Small molecule	1	0	0	1	0			0		Cc1c(Cl)c(C)[n+]([O-])c(Cl)c1-c1noc(-c2cc(O)c(O)c([N+](=O)[O-])c2)n1			3.28	8	2	149.46	3			27	3	Cc1c(Cl)c(C)[n+]([O-])c(Cl)c1-c1noc(-c2cc(O)c(O)c([N+](=O)[O-])c2)n1	ok
CHEMBL1089641	TRYPAN BLUE FREE ACID	4	2004	Small molecule	0	0	1	1	0			0		Cc1cc(-c2ccc(/N=N/c3c(S(=O)(=O)O)cc4cc(S(=O)(=O)O)cc(N)c4c3O)c(C)c2)ccc1/N=N/c1c(S(=O)(=O)O)cc2cc(S(=O)(=O)O)cc(N)c2c1O			6.67	16	8	359.42	9			58	6	Cc1cc(-c2ccc(/N=N/c3c(S(=O)(=O)O)cc4cc(S(=O)(=O)O)cc(N)c4c3O)c(C)c2)ccc1/N=N/c1c(S(=O)(=O)O)cc2cc(S(=O)(=O)O)cc(N)c2c1O	ok
CHEMBL109	VALPROIC ACID	4	1978	Small molecule	1	1	0	1	0			0		CCCC(CCC)C(=O)O			2.29	1	1	37.3	5			10	0	CCCC(CCC)C(=O)O	ok
CHEMBL1090	VIDARABINE	4	1976	Small molecule	0	1	1	1	0			0		Nc1ncnc2c1ncn2[C@@H]1O[C@H](CO)[C@@H](O)[C@@H]1O			-1.98	9	4	139.54	2			19	2	Nc1ncnc2c1ncn2[C@@H]1O[C@H](CO)[C@@H](O)[C@@H]1O	ok
CHEMBL1091	HYDROCORTISONE ACETATE	4	1951	Small molecule	0	1	1	1	0			0		CC(=O)OCC(=O)[C@@]1(O)CC[C@H]2[C@@H]3CCC4=CC(=O)CC[C@]4(C)[C@H]3[C@@H](O)C[C@@]21C			2.35	6	2	100.9	3			29	0	CC(=O)OCC(=O)[C@@]1(O)CC[C@H]2[C@@H]3CCC4=CC(=O)CC[C@]4(C)[C@H]3[C@@H](O)C[C@@]21C	ok
CHEMBL1091250	INDIGOTINDISULFONATE	4	2022	Small molecule	0	1	0	1	0			0		O=C1/C(=C2\Nc3ccc(S(=O)(=O)O)cc3C2=O)Nc2ccc(S(=O)(=O)O)cc21			1.31	8	4	166.94	2			28	2	O=C1/C(=C2\Nc3ccc(S(=O)(=O)O)cc3C2=O)Nc2ccc(S(=O)(=O)O)cc21	ok
CHEMBL1091644	LINSITINIB	3		Small molecule	0	0	0	1	0			0		C[C@]1(O)C[C@@H](c2nc(-c3ccc4ccc(-c5ccccc5)nc4c3)c3c(N)nccn32)C1			4.82	6	2	89.33	3			32	5	C[C@]1(O)C[C@@H](c2nc(-c3ccc4ccc(-c5ccccc5)nc4c3)c3c(N)nccn32)C1	ok
CHEMBL1093	ARTICAINE	4	2000	Small molecule	0	1	0	1	0			0		CCCNC(C)C(=O)Nc1c(C)csc1C(=O)OC			2.17	5	2	67.43	6			19	1	CCCNC(C)C(=O)Nc1c(C)csc1C(=O)OC	ok
CHEMBL1093458	ENDOXIFEN	3		Small molecule	0	0	0	0	0			0		CC/C(=C(\c1ccc(O)cc1)c1ccc(OCCNC)cc1)c1ccccc1			5.36	3	2	41.49	8			28	3	CC/C(=C(\c1ccc(O)cc1)c1ccc(OCCNC)cc1)c1ccccc1	ok
CHEMBL1094	FELBAMATE	4	1993	Small molecule	1	0	0	1	0			0		NC(=O)OCC(COC(N)=O)c1ccccc1			0.96	4	2	104.64	5			17	1	NC(=O)OCC(COC(N)=O)c1ccccc1	ok
CHEMBL1094636	NIRAPARIB	4	2017	Small molecule	1	0	0	1	0			0		NC(=O)c1cccc2cn(-c3ccc([C@@H]4CCCNC4)cc3)nc12			2.59	4	2	72.94	3			24	3	NC(=O)c1cccc2cn(-c3ccc([C@@H]4CCCNC4)cc3)nc12	ok
CHEMBL109480	TANESPIMYCIN	3		Small molecule	0	0	0	1	0			0		C=CCNC1=C2C[C@@H](C)C[C@H](OC)[C@H](O)[C@@H](C)/C=C(\C)[C@H](OC(N)=O)[C@@H](OC)/C=C\C=C(/C)C(=O)NC(=CC1=O)C2=O			2.54	9	4	166.28	6			42	0	C=CCNC1=C2C[C@@H](C)C[C@H](OC)[C@H](O)[C@@H](C)/C=C(\C)[C@H](OC(N)=O)[C@@H](OC)/C=C\C=C(/C)C(=O)NC(=CC1=O)C2=O	ok
CHEMBL1094966	PIRBUTEROL	4	1986	Small molecule	0	0	1	1	0			0		CC(C)(C)NCC(O)c1ccc(O)c(CO)n1			0.7	5	4	85.61	4			17	1	CC(C)(C)NCC(O)c1ccc(O)c(CO)n1	ok
CHEMBL1095	ETHOTOIN	4	1957	Small molecule	1	0	0	1	0			0		CCN1C(=O)NC(c2ccccc2)C1=O			1.3	2	1	49.41	2			15	1	CCN1C(=O)NC(c2ccccc2)C1=O	ok
CHEMBL1095097	EPLERENONE	4	2002	Small molecule	1	0	0	1	0			0		COC(=O)[C@@H]1CC2=CC(=O)CC[C@]2(C)[C@@]23O[C@@H]2C[C@@]2(C)[C@@H](CC[C@@]24CCC(=O)O4)[C@H]13			3.12	6	0	82.2	1			30	0	COC(=O)[C@@H]1CC2=CC(=O)CC[C@]2(C)[C@@]23O[C@@H]2C[C@@]2(C)[C@@H](CC[C@@]24CCC(=O)O4)[C@H]13	ok
CHEMBL1095777	INDACATEROL	4	2009	Small molecule	0	0	1	1	0			0		CCc1cc2c(cc1CC)CC(NC[C@H](O)c1ccc(O)c3[nH]c(=O)ccc13)C2			3.15	4	4	85.35	6			29	3	CCc1cc2c(cc1CC)CC(NC[C@H](O)c1ccc(O)c3[nH]c(=O)ccc13)C2	ok
CHEMBL1095930	CEFUROXIME AXETIL	4	1987	Small molecule	1	0	0	1	1			0		CO/N=C(\C(=O)N[C@@H]1C(=O)N2C(C(=O)OC(C)OC(C)=O)=C(COC(N)=O)CS[C@H]12)c1ccco1			-0.17	12	2	189.06	9			35	1	CO/N=C(\C(=O)N[C@@H]1C(=O)N2C(C(=O)OC(C)OC(C)=O)=C(COC(N)=O)CS[C@H]12)c1ccco1	ok
CHEMBL1096	AMLEXANOX	4	1996	Small molecule	0	0	1	1	0			0		CC(C)c1ccc2oc3nc(N)c(C(=O)O)cc3c(=O)c2c1			2.75	5	2	106.42	2			22	3	CC(C)c1ccc2oc3nc(N)c(C(=O)O)cc3c(=O)c2c1	ok
CHEMBL1096146	PONESIMOD	4	2021	Small molecule	1	0	0	1	0			0		CCC/N=C1\S/C(=C\c2ccc(OC[C@H](O)CO)c(Cl)c2)C(=O)N1c1ccccc1C			4.27	6	2	82.36	8			31	2	CCC/N=C1\S/C(=C\c2ccc(OC[C@H](O)CO)c(Cl)c2)C(=O)N1c1ccccc1C	ok
CHEMBL1096380	PLINABULIN	3		Small molecule	0	0	0	1	0			0		CC(C)(C)c1[nH]cnc1/C=c1\[nH]c(=O)/c(=C/c2ccccc2)[nH]c1=O			0.74	3	3	94.4	2			25	3	CC(C)(C)c1[nH]cnc1/C=c1\[nH]c(=O)/c(=C/c2ccccc2)[nH]c1=O	ok
CHEMBL109648	CLAZOSENTAN	3		Small molecule	0	0	0	1	0			0		COc1ccccc1Oc1c(NS(=O)(=O)c2ccc(C)cn2)nc(-c2ccnc(-c3nnn[nH]3)c2)nc1OCCO			2.39	13	3	200.11	11			41	5	COc1ccccc1Oc1c(NS(=O)(=O)c2ccc(C)cn2)nc(-c2ccnc(-c3nnn[nH]3)c2)nc1OCCO	ok
CHEMBL1096562	METHYL AMINOLEVULINATE	4	2004	Small molecule	0	0	1	1	1			0		COC(=O)CCC(=O)CN			-0.53	4	1	69.39	4			10	0	COC(=O)CCC(=O)CN	ok
CHEMBL1096882	FLUDARABINE PHOSPHATE	4	1991	Small molecule	1	1	0	0	1			0		Nc1nc(F)nc2c1ncn2[C@@H]1O[C@H](COP(=O)(O)O)[C@@H](O)[C@@H]1O			-1.72	10	5	186.07	4			24	2	Nc1nc(F)nc2c1ncn2[C@@H]1O[C@H](COP(=O)(O)O)[C@@H](O)[C@@H]1O	ok
CHEMBL1096885	VALRUBICIN	4	1998	Small molecule	0	1	0	0	0			0		CCCCC(=O)OCC(=O)[C@]1(O)Cc2c(O)c3c(c(O)c2[C@@H](O[C@H]2C[C@H](NC(=O)C(F)(F)F)[C@H](O)[C@H](C)O2)C1)C(=O)c1c(OC)cccc1C3=O			2.46	13	5	215.22	10			51	2	CCCCC(=O)OCC(=O)[C@]1(O)Cc2c(O)c3c(c(O)c2[C@@H](O[C@H]2C[C@H](NC(=O)C(F)(F)F)[C@H](O)[C@H](C)O2)C1)C(=O)c1c(OC)cccc1C3=O	ok
CHEMBL1096979	BENSERAZIDE	3		Small molecule	0	0	0	1	0			0		NC(CO)C(=O)NNCc1ccc(O)c(O)c1O			-1.76	7	7	148.07	5			18	1	NC(CO)C(=O)NNCc1ccc(O)c(O)c1O	ok
CHEMBL1097205	BORNEOL	3		Small molecule	0	0	0	1	0			0		CC1(C)C2CCC1(C)C(O)C2			2.19	1	1	20.23	0			11	0	CC1(C)C2CCC1(C)C(O)C2	ok
CHEMBL1097235	AZOSEMIDE	3		Small molecule	0	0	0	1	0			0		NS(=O)(=O)c1cc(-c2nnn[nH]2)c(NCc2cccs2)cc1Cl			1.84	7	3	126.65	5			23	3	NS(=O)(=O)c1cc(-c2nnn[nH]2)c(NCc2cccs2)cc1Cl	ok
CHEMBL1097279	CANGRELOR TETRASODIUM	4	2015	Small molecule	0	1	0	0	0			0		CSCCNc1nc(SCCC(F)(F)F)nc2c1ncn2[C@@H]1O[C@H](COP(=O)([O-])OP(=O)([O-])C(Cl)(Cl)P(=O)([O-])[O-])[C@@H](O)[C@H]1O.[Na+].[Na+].[Na+].[Na+]			2.85	15	7	255.91	15			44	2	CSCCNc1nc(SCCC(F)(F)F)nc2c1ncn2[C@@H]1O[C@H](COP(=O)([O-])OP(=O)([O-])C(Cl)(Cl)P(=O)([O-])[O-])[C@@H](O)[C@H]1O	ok
CHEMBL1097615	NETIVUDINE	3		Small molecule	0	0	0	1	0			0		CC#Cc1cn([C@@H]2O[C@H](CO)[C@@H](O)[C@@H]2O)c(=O)[nH]c1=O			-2.48	7	4	124.78	2			20	1	CC#Cc1cn([C@@H]2O[C@H](CO)[C@@H](O)[C@@H]2O)c(=O)[nH]c1=O	ok
CHEMBL1097620	IOTHALAMATE SODIUM	4	1982	Small molecule	0	1	0	0	0			0		CNC(=O)c1c(I)c(NC(C)=O)c(I)c(C(=O)[O-])c1I.[Na+]			2.52	3	3	95.5	3			20	1	CNC(=O)c1c(I)c(NC(C)=O)c(I)c(C(=O)[O-])c1I	ok
CHEMBL1098	BUPIVACAINE	4	1972	Small molecule	0	1	0	1	0			0		CCCCN1CCCCC1C(=O)Nc1c(C)cccc1C			3.9	2	1	32.34	5			21	1	CCCCN1CCCCC1C(=O)Nc1c(C)cccc1C	ok
CHEMBL1098319	2-MERCAPTOETHANESULFONIC ACID	4	1988	Small molecule	1	1	0	1	0			0		O=S(=O)(O)CCS			-0.2	3	2	54.37	2			7	0	O=S(=O)(O)CCS	ok
CHEMBL1098659	WATER	4	1982	Small molecule	0	0	1	1	0			0		O			-0.82	0	0	31.5	0			1	0	O	ok
CHEMBL11	IMIPRAMINE	4	1959	Small molecule	1	1	0	1	0			0		CN(C)CCCN1c2ccccc2CCc2ccccc21			3.88	2	0	6.48	4			21	2	CN(C)CCCN1c2ccccc2CCc2ccccc21	RISK
CHEMBL110	BENZNIDAZOLE	4	2017	Small molecule	1	0	0	1	0			0		O=C(Cn1ccnc1[N+](=O)[O-])NCc1ccccc1			1.11	5	1	90.06	5			19	2	O=C(Cn1ccnc1[N+](=O)[O-])NCc1ccccc1	ok
CHEMBL1100	PARAMETHADIONE	4	1949	Small molecule	1	0	0	1	0			0		CCC1(C)OC(=O)N(C)C1=O			0.76	3	0	46.61	1			11	0	CCC1(C)OC(=O)N(C)C1=O	ok
CHEMBL110094	MELITRACEN	3		Small molecule	0	0	0	1	0			0		CN(C)CCC=C1c2ccccc2C(C)(C)c2ccccc21			4.71	1	0	3.24	3			22	2	CN(C)CCC=C1c2ccccc2C(C)(C)c2ccccc21	ok
CHEMBL1101	BIPERIDEN	4	1959	Small molecule	1	1	0	0	0			0		OC(CCN1CCCCC1)(c1ccccc1)C1CC2C=CC1C2			3.96	2	1	23.47	5			23	1	OC(CCN1CCCCC1)(c1ccccc1)C1CC2C=CC1C2	ok
CHEMBL1102	GLUTETHIMIDE	4	1976	Small molecule	1	0	0	1	0			0		CCC1(c2ccccc2)CCC(=O)NC1=O			1.77	2	1	46.17	2			16	1	CCC1(c2ccccc2)CCC(=O)NC1=O	ok
CHEMBL1103	FURAZOLIDONE	4	1958	Small molecule	1	0	0	1	0			0		O=C1OCCN1/N=C/c1ccc([N+](=O)[O-])o1			0.97	6	0	98.18	3			16	1	O=C1OCCN1/N=C/c1ccc([N+](=O)[O-])o1	ok
CHEMBL1104	EDROPHONIUM	4	1951	Small molecule	0	1	0	1	0			0		CC[N+](C)(C)c1cccc(O)c1			1.98	1	1	20.23	2			12	1	CC[N+](C)(C)c1cccc(O)c1	ok
CHEMBL110458	MIGALASTAT	4	2016	Small molecule	1	0	0	1	0			0		OC[C@H]1NC[C@H](O)[C@@H](O)[C@H]1O			-2.97	5	5	92.95	1			11	0	OC[C@H]1NC[C@H](O)[C@@H](O)[C@H]1O	ok
CHEMBL1106	EPINASTINE	4	2003	Small molecule	0	0	1	1	0			0		NC1=NCC2c3ccccc3Cc3ccccc3N12			2.47	3	1	41.62	0			19	2	NC1=NCC2c3ccccc3Cc3ccccc3N12	ok
CHEMBL110691	CHLORMADINONE ACETATE	4		Small molecule	0	0	0	1	0			0		CC(=O)O[C@]1(C(C)=O)CC[C@H]2[C@@H]3C=C(Cl)C4=CC(=O)CC[C@]4(C)[C@H]3CC[C@@]21C			4.75	4	0	60.44	2			28	0	CC(=O)O[C@]1(C(C)=O)CC[C@H]2[C@@H]3C=C(Cl)C4=CC(=O)CC[C@]4(C)[C@H]3CC[C@@]21C	ok
CHEMBL1107	HALOFANTRINE	4	1992	Small molecule	1	0	0	0	0			0		CCCCN(CCCC)CCC(O)c1cc2c(Cl)cc(Cl)cc2c2cc(C(F)(F)F)ccc12			8.64	2	1	23.47	10			33	3	CCCCN(CCCC)CCC(O)c1cc2c(Cl)cc(Cl)cc2c2cc(C(F)(F)F)ccc12	RISK
CHEMBL110739	CORTICOSTERONE	3		Small molecule	0	0	0	1	0			0		C[C@]12C[C@H](O)[C@H]3[C@@H](CCC4=CC(=O)CC[C@@]43C)[C@@H]1CC[C@@H]2C(=O)CO			2.67	4	2	74.6	2			25	0	C[C@]12C[C@H](O)[C@H]3[C@@H](CCC4=CC(=O)CC[C@@]43C)[C@@H]1CC[C@@H]2C(=O)CO	ok
CHEMBL1108	DROPERIDOL	4	1970	Small molecule	0	1	0	0	0			0		O=C(CCCN1CC=C(n2c(=O)[nH]c3ccccc32)CC1)c1ccc(F)cc1			3.68	4	1	58.1	6			28	3	O=C(CCCN1CC=C(n2c(=O)[nH]c3ccccc32)CC1)c1ccc(F)cc1	RISK
CHEMBL1109	SULFAPHENAZOLE	4	1982	Small molecule	1	0	0	1	0			0		Nc1ccc(S(=O)(=O)Nc2ccnn2-c2ccccc2)cc1			2.26	5	2	90.01	4			22	3	Nc1ccc(S(=O)(=O)Nc2ccnn2-c2ccccc2)cc1	ok
CHEMBL111	RIMONABANT	4	2006	Small molecule	1	0	0	1	0			0		Cc1c(C(=O)NN2CCCCC2)nn(-c2ccc(Cl)cc2Cl)c1-c1ccc(Cl)cc1			5.94	4	1	50.16	4			30	3	Cc1c(C(=O)NN2CCCCC2)nn(-c2ccc(Cl)cc2Cl)c1-c1ccc(Cl)cc1	RISK
CHEMBL1110	ALOSETRON	4	2000	Small molecule	1	0	0	1	0			0		Cc1[nH]cnc1CN1CCc2c(c3ccccc3n2C)C1=O			2.41	3	1	53.92	2			22	3	Cc1[nH]cnc1CN1CCc2c(c3ccccc3n2C)C1=O	RISK
CHEMBL1111	AMBRISENTAN	4	2007	Small molecule	1	0	0	1	0			0		COC(c1ccccc1)(c1ccccc1)[C@H](Oc1nc(C)cc(C)n1)C(=O)O			3.52	5	1	81.54	7			28	3	COC(c1ccccc1)(c1ccccc1)[C@H](Oc1nc(C)cc(C)n1)C(=O)O	ok
CHEMBL1112	ARIPIPRAZOLE	4	2002	Small molecule	1	1	0	1	0			0		O=C1CCc2ccc(OCCCCN3CCN(c4cccc(Cl)c4Cl)CC3)cc2N1			4.86	4	1	44.81	7			30	2	O=C1CCc2ccc(OCCCCN3CCN(c4cccc(Cl)c4Cl)CC3)cc2N1	RISK
CHEMBL111272	M-FLUOROBENZYLGUANIDINE	3		Small molecule	0	0	0	0	0			0		N=C(N)NCc1cccc(F)c1			0.81	1	3	61.9	2			12	1	N=C(N)NCc1cccc(F)c1	ok
CHEMBL1113	AMOXAPINE	4	1980	Small molecule	1	0	0	1	0			0		Clc1ccc2c(c1)C(N1CCNCC1)=Nc1ccccc1O2			3.43	4	1	36.86	0			22	2	Clc1ccc2c(c1)C(N1CCNCC1)=Nc1ccccc1O2	ok
CHEMBL1114	THEOBROMINE	3		Small molecule	0	0	0	1	0			0		Cn1cnc2c1c(=O)[nH]c(=O)n2C			-1.04	5	1	72.68	0			13	2	Cn1cnc2c1c(=O)[nH]c(=O)n2C	ok
CHEMBL1115	PYRIDOSTIGMINE	4	1955	Small molecule	1	1	0	1	0			0		CN(C)C(=O)Oc1ccc[n+](C)c1			0.57	2	0	33.42	1			13	1	CN(C)C(=O)Oc1ccc[n+](C)c1	ok
CHEMBL1117	IDARUBICIN	4	1990	Small molecule	0	1	0	1	0			0		CC(=O)[C@]1(O)Cc2c(O)c3c(c(O)c2[C@@H](O[C@H]2C[C@H](N)[C@H](O)[C@H](C)O2)C1)C(=O)c1ccccc1C3=O			1.02	10	5	176.61	3			36	2	CC(=O)[C@]1(O)Cc2c(O)c3c(c(O)c2[C@@H](O[C@H]2C[C@H](N)[C@H](O)[C@H](C)O2)C1)C(=O)c1ccccc1C3=O	ok
CHEMBL1118	DESVENLAFAXINE	4	2008	Small molecule	1	0	0	1	0			0		CN(C)CC(c1ccc(O)cc1)C1(O)CCCCC1			2.73	3	2	43.7	4			19	1	CN(C)CC(c1ccc(O)cc1)C1(O)CCCCC1	ok
CHEMBL112	ACETAMINOPHEN	4	1968	Small molecule	1	1	1	0	0			0		CC(=O)Nc1ccc(O)cc1			1.35	2	2	49.33	1			11	1	CC(=O)Nc1ccc(O)cc1	ok
CHEMBL1123	DICYCLOMINE	4	1950	Small molecule	1	1	0	1	0			0		CCN(CC)CCOC(=O)C1(C2CCCCC2)CCCCC1			4.4	3	0	29.54	7			22	0	CCN(CC)CCOC(=O)C1(C2CCCCC2)CCCCC1	ok
CHEMBL1126	PENICILLIN G SODIUM	4	1982	Small molecule	0	1	0	1	0			0		CC1(C)S[C@@H]2[C@H](NC(=O)Cc3ccccc3)C(=O)N2[C@H]1C(=O)[O-].[Na+]			0.86	4	2	86.71	4			23	1	CC1(C)S[C@@H]2[C@H](NC(=O)Cc3ccccc3)C(=O)N2[C@H]1C(=O)[O-]	ok
CHEMBL1129	TRIFLURIDINE	4	1980	Small molecule	1	0	1	0	0			0		O=c1[nH]c(=O)n([C@H]2C[C@H](O)[C@@H](CO)O2)cc1C(F)(F)F			-0.8	6	3	104.55	2			20	1	O=c1[nH]c(=O)n([C@H]2C[C@H](O)[C@@H](CO)O2)cc1C(F)(F)F	ok
CHEMBL11298	SERINE	3		Small molecule	0	0	0	1	0			0		N[C@@H](CO)C(=O)O			-1.61	3	3	83.55	2			7	0	N[C@@H](CO)C(=O)O	ok
CHEMBL113	CAFFEINE	4	1948	Small molecule	1	1	1	1	0			0		Cn1c(=O)c2c(ncn2C)n(C)c1=O			-1.03	6	0	61.82	0			14	2	Cn1c(=O)c2c(ncn2C)n(C)c1=O	ok
CHEMBL1130	DOXIFLURIDINE	3		Small molecule	0	0	0	0	1			0		C[C@H]1O[C@@H](n2cc(F)c(=O)[nH]c2=O)[C@H](O)[C@@H]1O			-1.69	6	3	104.55	1			17	1	C[C@H]1O[C@@H](n2cc(F)c(=O)[nH]c2=O)[C@H](O)[C@@H]1O	ok
CHEMBL1131	ACITRETIN	4	1996	Small molecule	1	0	0	1	0			0		COc1cc(C)c(/C=C/C(C)=C/C=C/C(C)=C/C(=O)O)c(C)c1C			5.17	2	1	46.53	6			24	1	COc1cc(C)c(/C=C/C(C)=C/C=C/C(C)=C/C(=O)O)c(C)c1C	ok
CHEMBL113178	SELENOMETHIONINE	4	1973	Small molecule	0	1	0	1	0			0		C[Se]CC[C@H](N)C(=O)O												C[Se]CC[C@H](N)C(=O)O	ok
CHEMBL113461	TEDISAMIL	3		Small molecule	0	0	0	1	0			0		C1CCC2(C1)C1CN(CC3CC3)CC2CN(CC2CC2)C1			3.23	2	0	6.48	4			21	0	C1CCC2(C1)C1CN(CC3CC3)CC2CN(CC2CC2)C1	RISK
CHEMBL1136	TELITHROMYCIN	4	2001	Small molecule	1	0	0	1	0			0		CC[C@H]1OC(=O)[C@H](C)C(=O)[C@H](C)[C@@H](O[C@@H]2O[C@H](C)C[C@H](N(C)C)[C@H]2O)[C@](C)(OC)C[C@@H](C)C(=O)[C@H](C)[C@H]2N(CCCCn3cnc(-c4cccnc4)c3)C(=O)O[C@]12C			4.93	14	1	171.85	11			58	2	CC[C@H]1OC(=O)[C@H](C)C(=O)[C@H](C)[C@@H](O[C@@H]2O[C@H](C)C[C@H](N(C)C)[C@H]2O)[C@](C)(OC)C[C@@H](C)C(=O)[C@H](C)[C@H]2N(CCCCn3cnc(-c4cccnc4)c3)C(=O)O[C@]12C	ok
CHEMBL1138	EZETIMIBE	4	2002	Small molecule	1	0	0	0	0			0		O=C1[C@H](CC[C@H](O)c2ccc(F)cc2)[C@@H](c2ccc(O)cc2)N1c1ccc(F)cc1			4.89	3	2	60.77	6			30	3	O=C1[C@H](CC[C@H](O)c2ccc(F)cc2)[C@@H](c2ccc(O)cc2)N1c1ccc(F)cc1	ok
CHEMBL1139	EPOPROSTENOL	4	1995	Small molecule	0	1	0	1	0			0		CCCCC[C@H](O)/C=C/[C@@H]1[C@H]2C/C(=C/CCCC(=O)O)O[C@H]2C[C@H]1O			3.41	4	3	86.99	10			25	0	CCCCC[C@H](O)/C=C/[C@@H]1[C@H]2C/C(=C/CCCC(=O)O)O[C@H]2C[C@H]1O	ok
CHEMBL114	SAQUINAVIR	4	1995	Small molecule	1	0	0	1	0			0		CC(C)(C)NC(=O)[C@@H]1C[C@@H]2CCCC[C@@H]2CN1C[C@@H](O)[C@H](Cc1ccccc1)NC(=O)[C@H](CC(N)=O)NC(=O)c1ccc2ccccc2n1			3.09	7	5	166.75	12			49	3	CC(C)(C)NC(=O)[C@@H]1C[C@@H]2CCCC[C@@H]2CN1C[C@@H](O)[C@H](Cc1ccccc1)NC(=O)[C@H](CC(N)=O)NC(=O)c1ccc2ccccc2n1	ok
CHEMBL1140	NIACINAMIDE	4	1982	Small molecule	1	1	0	1	0			0		NC(=O)c1cccnc1			0.18	2	1	55.98	1			9	1	NC(=O)c1cccnc1	ok
CHEMBL1144	PRAVASTATIN	4	1991	Small molecule	1	0	0	1	0			0		CC[C@H](C)C(=O)O[C@H]1C[C@H](O)C=C2C=C[C@H](C)[C@H](CC[C@@H](O)C[C@@H](O)CC(=O)O)[C@H]21			2.44	6	4	124.29	10			30	0	CC[C@H](C)C(=O)O[C@H]1C[C@H](O)C=C2C=C[C@H](C)[C@H](CC[C@@H](O)C[C@@H](O)CC(=O)O)[C@H]21	ok
CHEMBL1146	CEFAMANDOLE	4		Small molecule	0	0	0	1	0			0		Cn1nnnc1SCC1=C(C(=O)O)N2C(=O)[C@@H](NC(=O)[C@H](O)c3ccccc3)[C@H]2SC1			-0.23	10	3	150.54	7			31	2	Cn1nnnc1SCC1=C(C(=O)O)N2C(=O)[C@@H](NC(=O)[C@H](O)c3ccccc3)[C@H]2SC1	ok
CHEMBL1148	TORSEMIDE	4	1993	Small molecule	1	1	0	1	0			1		Cc1cccc(Nc2ccncc2S(=O)(=O)NC(=O)NC(C)C)c1			2.53	5	3	100.19	5			24	2	Cc1cccc(Nc2ccncc2S(=O)(=O)NC(=O)NC(C)C)c1	ok
CHEMBL1149	LEVOCARNITINE	4	1985	Small molecule	1	1	0	1	0			0		C[N+](C)(C)C[C@H](O)CC(=O)[O-]			-1.81	3	1	60.36	4			11	0	C[N+](C)(C)C[C@H](O)CC(=O)[O-]	ok
CHEMBL115	INDINAVIR ANHYDROUS	4	1996	Small molecule	1	0	0	1	0			0		CC(C)(C)NC(=O)[C@@H]1CN(Cc2cccnc2)CCN1C[C@@H](O)C[C@@H](Cc1ccccc1)C(=O)N[C@H]1c2ccccc2C[C@H]1O			2.87	7	4	118.03	11			45	3	CC(C)(C)NC(=O)[C@@H]1CN(Cc2cccnc2)CCN1C[C@@H](O)C[C@@H](Cc1ccccc1)C(=O)N[C@H]1c2ccccc2C[C@H]1O	ok
CHEMBL1152	PREDNISOLONE ACETATE	4	1955	Small molecule	1	1	1	1	0			0		CC(=O)OCC(=O)[C@@]1(O)CC[C@H]2[C@@H]3CCC4=CC(=O)C=C[C@]4(C)[C@H]3[C@@H](O)C[C@@]21C			2.13	6	2	100.9	3			29	0	CC(=O)OCC(=O)[C@@]1(O)CC[C@H]2[C@@H]3CCC4=CC(=O)C=C[C@]4(C)[C@H]3[C@@H](O)C[C@@]21C	ok
CHEMBL1159	PINACIDIL ANHYDROUS	4	1989	Small molecule	1	0	0	1	0			0		CC(N/C(=N\C#N)Nc1ccncc1)C(C)(C)C			2.35	3	2	73.1	2			18	1	CC(N/C(=N\C#N)Nc1ccncc1)C(C)(C)C	ok
CHEMBL1159650	CLOBETASOL PROPIONATE	4	1985	Small molecule	0	0	1	0	0			0		CCC(=O)O[C@]1(C(=O)CCl)[C@@H](C)C[C@H]2[C@@H]3CCC4=CC(=O)C=C[C@]4(C)[C@@]3(F)[C@@H](O)C[C@@]21C			4.1	5	1	80.67	4			32	0	CCC(=O)O[C@]1(C(=O)CCl)[C@@H](C)C[C@H]2[C@@H]3CCC4=CC(=O)C=C[C@]4(C)[C@@]3(F)[C@@H](O)C[C@@]21C	ok
CHEMBL116	AMPRENAVIR	4	1999	Small molecule	1	0	0	1	0			0		CC(C)CN(C[C@@H](O)[C@H](Cc1ccccc1)NC(=O)O[C@H]1CCOC1)S(=O)(=O)c1ccc(N)cc1			2.4	7	3	131.19	11			35	2	CC(C)CN(C[C@@H](O)[C@H](Cc1ccccc1)NC(=O)O[C@H]1CCOC1)S(=O)(=O)c1ccc(N)cc1	ok
CHEMBL11608	TYRAMINE	3		Small molecule	0	0	0	1	0			0		NCCc1ccc(O)cc1			0.89	2	2	46.25	2			10	1	NCCc1ccc(O)cc1	ok
CHEMBL1160819	AMMONIA SOLUTION, STRONG	4	2007	Small molecule	0	1	0	1	0			0		N			0.16	1	1	35	0			1	0	N	ok
CHEMBL1161	MOMETASONE FUROATE	4	1987	Small molecule	0	1	1	1	1			0		C[C@@H]1C[C@H]2[C@@H]3CCC4=CC(=O)C=C[C@]4(C)[C@@]3(Cl)[C@@H](O)C[C@]2(C)[C@@]1(OC(=O)c1ccco1)C(=O)CCl			4.87	6	1	93.81	4			35	1	C[C@@H]1C[C@H]2[C@@H]3CCC4=CC(=O)C=C[C@]4(C)[C@@]3(Cl)[C@@H](O)C[C@]2(C)[C@@]1(OC(=O)c1ccco1)C(=O)CCl	ok
CHEMBL1161632	BICARBONATE	3		Small molecule	0	0	0	1	0			0		O=C(O)O			0.22	1	2	57.53	0			4	0	O=C(O)O	ok
CHEMBL1161681	NITROUS ACID	4	2011	Small molecule	0	1	0	1	0			0		O=NO			0.14	2	1	49.66	0			3	0	O=NO	ok
CHEMBL1162	NORETHINDRONE	4	1962	Small molecule	1	0	0	1	0			0		C#C[C@]1(O)CC[C@H]2[C@@H]3CCC4=CC(=O)CC[C@@H]4[C@H]3CC[C@@]21C			3.49	2	1	37.3	0			22	0	C#C[C@]1(O)CC[C@H]2[C@@H]3CCC4=CC(=O)CC[C@@H]4[C@H]3CC[C@@]21C	ok
CHEMBL1163	ATAZANAVIR	4	2003	Small molecule	1	0	0	1	0			0		COC(=O)N[C@H](C(=O)N[C@@H](Cc1ccccc1)[C@@H](O)CN(Cc1ccc(-c2ccccn2)cc1)NC(=O)[C@@H](NC(=O)OC)C(C)(C)C)C(C)(C)C			4.21	9	5	171.22	14			51	3	COC(=O)N[C@H](C(=O)N[C@@H](Cc1ccccc1)[C@@H](O)CN(Cc1ccc(-c2ccccn2)cc1)NC(=O)[C@@H](NC(=O)OC)C(C)(C)C)C(C)(C)C	ok
CHEMBL1164729	FEBUXOSTAT	4	2008	Small molecule	1	0	0	1	0			0		Cc1nc(-c2ccc(OCC(C)C)c(C#N)c2)sc1C(=O)O			3.72	5	1	83.21	5			22	2	Cc1nc(-c2ccc(OCC(C)C)c(C#N)c2)sc1C(=O)O	ok
CHEMBL1165	MOEXIPRIL	4	1995	Small molecule	1	0	0	1	1			0		CCOC(=O)[C@H](CCc1ccccc1)N[C@@H](C)C(=O)N1Cc2cc(OC)c(OC)cc2C[C@H]1C(=O)O			2.58	7	2	114.4	11			36	2	CCOC(=O)[C@H](CCc1ccccc1)N[C@@H](C)C(=O)N1Cc2cc(OC)c(OC)cc2C[C@H]1C(=O)O	ok
CHEMBL1165268	IODIPAMIDE	4	1982	Small molecule	0	1	1	1	0			0		O=C(CCCCC(=O)Nc1c(I)cc(I)c(C(=O)O)c1I)Nc1c(I)cc(I)c(C(=O)O)c1I												O=C(CCCCC(=O)Nc1c(I)cc(I)c(C(=O)O)c1I)Nc1c(I)cc(I)c(C(=O)O)c1I	ok
CHEMBL1165342	VINCAMINE	4		Small molecule	0	0	0	1	0			0		CC[C@]12CCCN3CCc4c(n(c5ccccc45)[C@@](O)(C(=O)OC)C1)[C@@H]32			2.95	5	1	54.7	2			26	2	CC[C@]12CCCN3CCc4c(n(c5ccccc45)[C@@](O)(C(=O)OC)C1)[C@@H]32	ok
CHEMBL1166	ARGATROBAN	4	2000	Small molecule	0	1	0	1	0			0		CC1CNc2c(cccc2S(=O)(=O)N[C@@H](CCCNC(=N)N)C(=O)N2CC[C@@H](C)C[C@@H]2C(=O)O)C1			0.91	6	6	177.71	9			35	1	CC1CNc2c(cccc2S(=O)(=O)N[C@@H](CCCNC(=N)N)C(=O)N2CC[C@@H](C)C[C@@H]2C(=O)O)C1	ok
CHEMBL11662	OZAGREL	4	1988	Small molecule	1	0	0	1	0			0		O=C(O)/C=C/c1ccc(Cn2ccnc2)cc1			2.03	3	1	55.12	4			17	2	O=C(O)/C=C/c1ccc(Cn2ccnc2)cc1	ok
CHEMBL1167	SPECTINOMYCIN	4	1971	Small molecule	0	1	0	1	0			0		CN[C@@H]1[C@H](O)[C@H](NC)[C@H]2O[C@@]3(O)C(=O)C[C@@H](C)O[C@H]3O[C@@H]2[C@H]1O			-2.93	9	5	129.51	2			23	0	CN[C@@H]1[C@H](O)[C@H](NC)[C@H]2O[C@@]3(O)C(=O)C[C@@H](C)O[C@H]3O[C@@H]2[C@H]1O	ok
CHEMBL1168	RAMIPRIL	4	1991	Small molecule	1	0	0	1	1			0		CCOC(=O)[C@H](CCc1ccccc1)N[C@@H](C)C(=O)N1[C@H](C(=O)O)C[C@@H]2CCC[C@@H]21			2.38	5	2	95.94	9			30	1	CCOC(=O)[C@H](CCc1ccccc1)N[C@@H](C)C(=O)N1[C@H](C(=O)O)C[C@@H]2CCC[C@@H]21	ok
CHEMBL1169	AMINOSALICYLIC ACID	4	1950	Small molecule	1	0	0	1	0			0		Nc1ccc(C(=O)O)c(O)c1			0.67	3	3	83.55	1			11	1	Nc1ccc(C(=O)O)c(O)c1	ok
CHEMBL1170	TESTOSTERONE PROPIONATE	4	1974	Small molecule	0	1	0	1	1			0		CCC(=O)O[C@H]1CC[C@H]2[C@@H]3CCC4=CC(=O)CC[C@]4(C)[C@H]3CC[C@]12C			4.84	3	0	43.37	2			25	0	CCC(=O)O[C@H]1CC[C@H]2[C@@H]3CCC4=CC(=O)CC[C@]4(C)[C@H]3CC[C@]12C	ok
CHEMBL1170047	INIPARIB	3		Small molecule	0	0	0	1	0			0		NC(=O)c1ccc(I)c([N+](=O)[O-])c1			1.3	3	1	86.23	2			13	1	NC(=O)c1ccc(I)c([N+](=O)[O-])c1	ok
CHEMBL1171829	BITOPERTIN	3		Small molecule	0	0	0	0	0			0		C[C@H](Oc1ccc(S(C)(=O)=O)cc1C(=O)N1CCN(c2ncc(C(F)(F)F)cc2F)CC1)C(F)(F)F			3.94	6	0	79.81	5			36	2	C[C@H](Oc1ccc(S(C)(=O)=O)cc1C(=O)N1CCN(c2ncc(C(F)(F)F)cc2F)CC1)C(F)(F)F	ok
CHEMBL1171837	PONATINIB	4	2012	Small molecule	1	0	0	0	0			0		Cc1ccc(C(=O)Nc2ccc(CN3CCN(C)CC3)c(C(F)(F)F)c2)cc1C#Cc1cnc2cccnn12			4.46	6	1	65.77	4			39	4	Cc1ccc(C(=O)Nc2ccc(CN3CCN(C)CC3)c(C(F)(F)F)c2)cc1C#Cc1cnc2cccnn12	RISK
CHEMBL1172	DESLORATADINE	4	2001	Small molecule	1	0	0	1	0			0		Clc1ccc2c(c1)CCc1cccnc1C2=C1CCNCC1			4.02	2	1	24.92	0			22	2	Clc1ccc2c(c1)CCc1cccnc1C2=C1CCNCC1	RISK
CHEMBL117287	PRUCALOPRIDE	4	2009	Small molecule	1	0	0	1	0			0		COCCCN1CCC(NC(=O)c2cc(Cl)c(N)c3c2OCC3)CC1			2.09	5	2	76.82	6			25	1	COCCCN1CCC(NC(=O)c2cc(Cl)c(N)c3c2OCC3)CC1	RISK
CHEMBL1173055	RUCAPARIB	4	2016	Small molecule	1	0	0	0	0			0		CNCc1ccc(-c2[nH]c3cc(F)cc4c3c2CCNC4=O)cc1			2.98	2	3	56.92	3			24	3	CNCc1ccc(-c2[nH]c3cc(F)cc4c3c2CCNC4=O)cc1	ok
CHEMBL117348	FOLITIXORIN	3		Small molecule	0	0	0	1	0			0		Nc1nc(=O)c2c([nH]1)NCC1CN(c3ccc(C(=O)N[C@@H](CCC(=O)O)C(=O)O)cc3)CN21			-0.52	9	6	193.98	7			33	2	Nc1nc(=O)c2c([nH]1)NCC1CN(c3ccc(C(=O)N[C@@H](CCC(=O)O)C(=O)O)cc3)CN21	ok
CHEMBL1173655	AFATINIB	4	2013	Small molecule	1	0	0	0	0			0		CN(C)C/C=C/C(=O)Nc1cc2c(Nc3ccc(F)c(Cl)c3)ncnc2cc1O[C@H]1CCOC1			4.39	7	2	88.61	8			34	3	CN(C)C/C=C/C(=O)Nc1cc2c(Nc3ccc(F)c(Cl)c3)ncnc2cc1O[C@H]1CCOC1	RISK
CHEMBL1175	DULOXETINE	4	2004	Small molecule	1	0	0	1	0			0		CNCC[C@H](Oc1cccc2ccccc12)c1cccs1			4.63	3	1	21.26	6			21	3	CNCC[C@H](Oc1cccc2ccccc12)c1cccs1	RISK
CHEMBL1177	PEMOLINE	4	1975	Small molecule	1	0	0	1	0			0		NC1=NC(=O)C(c2ccccc2)O1			0.6	3	1	64.68	1			13	1	NC1=NC(=O)C(c2ccccc2)O1	ok
CHEMBL117785	TETRABENAZINE	4	2008	Small molecule	1	0	0	0	0			0		COc1cc2c(cc1OC)C1CC(=O)C(CC(C)C)CN1CC2			3.24	4	0	38.77	4			23	1	COc1cc2c(cc1OC)C1CC(=O)C(CC(C)C)CN1CC2	ok
CHEMBL117822	ETHYLENE	3		Small molecule	0	0	0	1	0			0		C=C			0.8	0	0	0	0			2	0	C=C	ok
CHEMBL1179047	CHLOROPROCAINE	4	1955	Small molecule	0	1	1	1	0			0		CCN(CC)CCOC(=O)c1ccc(N)cc1Cl			2.42	4	1	55.56	6			18	1	CCN(CC)CCOC(=O)c1ccc(N)cc1Cl	ok
CHEMBL118	CELECOXIB	4	1998	Small molecule	1	0	0	0	0			0		Cc1ccc(-c2cc(C(F)(F)F)nn2-c2ccc(S(N)(=O)=O)cc2)cc1			3.51	4	1	77.98	3			26	3	Cc1ccc(-c2cc(C(F)(F)F)nn2-c2ccc(S(N)(=O)=O)cc2)cc1	RISK
CHEMBL1180725	PROPANTHELINE	4	1953	Small molecule	1	1	0	1	0			0		CC(C)[N+](C)(CCOC(=O)C1c2ccccc2Oc2ccccc21)C(C)C			4.73	3	0	35.53	6			27	2	CC(C)[N+](C)(CCOC(=O)C1c2ccccc2Oc2ccccc21)C(C)C	ok
CHEMBL118218	IROFULVEN	3		Small molecule	0	0	0	1	0			0		CC1=C(CO)C2=C(C)C3(CC3)[C@@](C)(O)C(=O)C2=C1			1.67	3	2	57.53	1			18	0	CC1=C(CO)C2=C(C)C3(CC3)[C@@](C)(O)C(=O)C2=C1	ok
CHEMBL1182833	MIVACURIUM	4	1992	Small molecule	0	1	0	1	0			0		COc1cc2c(cc1OC)[C@@H](Cc1cc(OC)c(OC)c(OC)c1)[N+](C)(CCCOC(=O)CC/C=C/CCC(=O)OCCC[N+]1(C)CCc3cc(OC)c(OC)cc3[C@H]1Cc1cc(OC)c(OC)c(OC)c1)CC2												COc1cc2c(cc1OC)[C@@H](Cc1cc(OC)c(OC)c(OC)c1)[N+](C)(CCCOC(=O)CC/C=C/CCC(=O)OCCC[N+]1(C)CCc3cc(OC)c(OC)cc3[C@H]1Cc1cc(OC)c(OC)c(OC)c1)CC2	ok
CHEMBL1183349	ISAVUCONAZONIUM	4	2015	Small molecule	1	1	0	0	1			0		CNCC(=O)OCc1cccnc1N(C)C(=O)OC(C)[n+]1cnn(C[C@](O)(c2cc(F)ccc2F)[C@@H](C)c2nc(-c3ccc(C#N)cc3)cs2)c1			4.58	12	2	159.37	13			51	5	CNCC(=O)OCc1cccnc1N(C)C(=O)OC(C)[n+]1cnn(C[C@](O)(c2cc(F)ccc2F)[C@@H](C)c2nc(-c3ccc(C#N)cc3)cs2)c1	ok
CHEMBL1183717	ALMITRINE	4		Small molecule	0	0	0	0	0			0		C=CCNc1nc(NCC=C)nc(N2CCN(C(c3ccc(F)cc3)c3ccc(F)cc3)CC2)n1			4.26	7	2	69.21	10			35	3	C=CCNc1nc(NCC=C)nc(N2CCN(C(c3ccc(F)cc3)c3ccc(F)cc3)CC2)n1	ok
CHEMBL1184360	DIAMTHAZOLE	4		Small molecule	0	0	0	1	0			0		CCN(CC)CCOc1ccc2nc(N(C)C)sc2c1			3.08	5	0	28.6	7			20	2	CCN(CC)CCOc1ccc2nc(N(C)C)sc2c1	ok
CHEMBL1184904	RETASPIMYCIN	3		Small molecule	0	0	0	1	0			0		C=CCNc1c(O)cc2c(O)c1C[C@@H](C)C[C@H](OC)[C@H](O)[C@@H](C)/C=C(\C)[C@H](OC(N)=O)[C@@H](OC)/C=C\C=C(/C)C(=O)N2			4.16	9	6	172.6	6			42	1	C=CCNc1c(O)cc2c(O)c1C[C@@H](C)C[C@H](OC)[C@H](O)[C@@H](C)/C=C(\C)[C@H](OC(N)=O)[C@@H](OC)/C=C\C=C(/C)C(=O)N2	ok
CHEMBL1185	ZOLMITRIPTAN	4	1997	Small molecule	1	0	1	1	0			0		CN(C)CCc1c[nH]c2ccc(C[C@H]3COC(=O)N3)cc12			1.92	3	2	57.36	5			21	2	CN(C)CCc1c[nH]c2ccc(C[C@H]3COC(=O)N3)cc12	ok
CHEMBL1185568	DITHIAZANINE	4		Small molecule	0	0	0	0	0			0		CCN1C(=CC=CC=Cc2sc3ccccc3[n+]2CC)Sc2ccccc21			6.25	3	0	7.12	5			27	3	CCN1C(=CC=CC=Cc2sc3ccccc3[n+]2CC)Sc2ccccc21	ok
CHEMBL1186579	METHYLNALTREXONE	4	2008	Small molecule	1	1	0	1	0			0		C[N+]1(CC2CC2)CC[C@]23c4c5ccc(O)c4O[C@H]2C(=O)CC[C@@]3(O)[C@H]1C5			1.67	4	2	66.76	2			26	1	C[N+]1(CC2CC2)CC[C@]23c4c5ccc(O)c4O[C@H]2C(=O)CC[C@@]3(O)[C@H]1C5	ok
CHEMBL1186610	ANISOTROPINE	4	1962	Small molecule	1	0	0	1	0			0		CCCC(CCC)C(=O)O[C@H]1C[C@H]2CC[C@@H](C1)[N+]2(C)C			3.52	2	0	26.3	6			20	0	CCCC(CCC)C(=O)O[C@H]1C[C@H]2CC[C@@H](C1)[N+]2(C)C	ok
CHEMBL1186894	AMRUBICIN	3		Small molecule	0	0	0	1	0			0		CC(=O)[C@]1(N)Cc2c(O)c3c(c(O)c2[C@@H](O[C@H]2C[C@H](O)[C@H](O)CO2)C1)C(=O)c1ccccc1C3=O			0.63	10	5	176.61	3			35	2	CC(=O)[C@]1(N)Cc2c(O)c3c(c(O)c2[C@@H](O[C@H]2C[C@H](O)[C@H](O)CO2)C1)C(=O)c1ccccc1C3=O	ok
CHEMBL1187	PHOSPHORIC ACID	4	1982	Small molecule	0	1	0	1	0			0		O=P(O)(O)O			-0.93	1	3	77.76	0			5	0	O=P(O)(O)O	ok
CHEMBL1187833	UMECLIDINIUM	4	2013	Small molecule	0	0	1	1	0			0		OC(c1ccccc1)(c1ccccc1)C12CC[N+](CCOCc3ccccc3)(CC1)CC2			5.14	2	1	29.46	8			32	3	OC(c1ccccc1)(c1ccccc1)C12CC[N+](CCOCc3ccccc3)(CC1)CC2	ok
CHEMBL1189	DIETHYLAMINE	3		Small molecule	0	0	0	1	0			0		CCNCC			0.62	1	1	12.03	2			5	0	CCNCC	ok
CHEMBL1189432	OLOPATADINE	4	1996	Small molecule	0	0	1	1	0			0		CN(C)CC/C=C1/c2ccccc2COc2ccc(CC(=O)O)cc21			3.59	3	1	49.77	5			25	2	CN(C)CC/C=C1/c2ccccc2COc2ccc(CC(=O)O)cc21	ok
CHEMBL1189679	PALONOSETRON	4	2003	Small molecule	1	1	0	1	0			0		O=C1c2cccc3c2[C@H](CCC3)CN1[C@@H]1CN2CCC1CC2			2.66	2	0	23.55	1			22	1	O=C1c2cccc3c2[C@H](CCC3)CN1[C@@H]1CN2CCC1CC2	RISK
CHEMBL119	TRIMETREXATE	4	1993	Small molecule	0	1	0	1	0			0		COc1cc(NCc2ccc3nc(N)nc(N)c3c2C)cc(OC)c1OC			2.74	8	3	117.54	6			27	3	COc1cc(NCc2ccc3nc(N)nc(N)c3c2C)cc(OC)c1OC	ok
CHEMBL1190	DECAMETHONIUM	4	1982	Small molecule	0	1	0	1	0			0		C[N+](C)(C)CCCCCCCCCC[N+](C)(C)C			3.52	0	0	0	11			18	0	C[N+](C)(C)CCCCCCCCCC[N+](C)(C)C	ok
CHEMBL1190199	ASIMADOLINE	3		Small molecule	0	0	0	1	0			0		CN(C(=O)C(c1ccccc1)c1ccccc1)[C@H](CN1CC[C@H](O)C1)c1ccccc1			4.08	3	1	43.78	7			31	3	CN(C(=O)C(c1ccccc1)c1ccccc1)[C@H](CN1CC[C@H](O)C1)c1ccccc1	ok
CHEMBL1191	SULFAMETHIZOLE	4	1953	Small molecule	1	0	0	1	0			0		Cc1nnc(NS(=O)(=O)c2ccc(N)cc2)s1			1.23	6	2	97.97	3			17	2	Cc1nnc(NS(=O)(=O)c2ccc(N)cc2)s1	ok
CHEMBL1193	PHENIRAMINE	4	1994	Small molecule	0	0	1	1	0			0		CN(C)CCC(c1ccccc1)c1ccccn1			3.17	2	0	16.13	5			18	2	CN(C)CCC(c1ccccc1)c1ccccn1	ok
CHEMBL1193948	AMIBEGRON	3		Small molecule	0	0	0	1	0			0		CCOC(=O)COc1ccc2c(c1)C[C@@H](NC[C@H](O)c1cccc(Cl)c1)CC2			3.46	5	2	67.79	8			28	2	CCOC(=O)COc1ccc2c(c1)C[C@@H](NC[C@H](O)c1cccc(Cl)c1)CC2	ok
CHEMBL1194	PRILOCAINE	4	1965	Small molecule	0	1	1	1	0			0		CCCNC(C)C(=O)Nc1ccccc1C			2.32	2	2	41.13	5			16	1	CCCNC(C)C(=O)Nc1ccccc1C	ok
CHEMBL119423	TISOPURINE	4		Small molecule	0	0	0	0	0			0		Sc1ncnc2[nH]ncc12			0.64	4	2	54.46	0			10	2	Sc1ncnc2[nH]ncc12	ok
CHEMBL1194325	ACLIDINIUM	4	2012	Small molecule	0	0	1	1	0			0		O=C(O[C@H]1C[N+]2(CCCOc3ccccc3)CCC1CC2)C(O)(c1cccs1)c1cccs1			4.67	6	1	55.76	9			33	3	O=C(O[C@H]1C[N+]2(CCCOc3ccccc3)CCC1CC2)C(O)(c1cccs1)c1cccs1	ok
CHEMBL119443	ERGONOVINE	3		Small molecule	0	0	0	1	0			0		C[C@@H](CO)NC(=O)[C@@H]1C=C2c3cccc4[nH]cc(c34)C[C@H]2N(C)C1			1.53	3	3	68.36	3			24	2	C[C@@H](CO)NC(=O)[C@@H]1C=C2c3cccc4[nH]cc(c34)C[C@H]2N(C)C1	ok
CHEMBL1194666	DIETHYLPROPION	4	1959	Small molecule	1	0	0	1	0			0		CCN(CC)C(C)C(=O)c1ccccc1			2.6	2	0	20.31	5			15	1	CCN(CC)C(C)C(=O)c1ccccc1	ok
CHEMBL1195	PROPOXYCAINE	4	1982	Small molecule	0	1	0	1	0			0		CCCOc1cc(N)ccc1C(=O)OCCN(CC)CC			2.56	5	1	64.79	9			21	1	CCCOc1cc(N)ccc1C(=O)OCCN(CC)CC	ok
CHEMBL1196	PROPARACAINE	4	1953	Small molecule	0	0	1	1	0			0		CCCOc1ccc(C(=O)OCCN(CC)CC)cc1N			2.56	5	1	64.79	9			21	1	CCCOc1ccc(C(=O)OCCN(CC)CC)cc1N	ok
CHEMBL119604	DIETHANOLAMINE	3		Small molecule	0	0	0	1	0			0		OCCNCCO			-1.44	3	3	52.49	4			7	0	OCCNCCO	ok
CHEMBL1197	HEXYLCAINE	4	1982	Small molecule	0	0	1	1	0			0		CC(CNC1CCCCC1)OC(=O)c1ccccc1			3.15	3	1	38.33	5			19	1	CC(CNC1CCCCC1)OC(=O)c1ccccc1	ok
CHEMBL1198	PRAMOXINE	4	1976	Small molecule	0	0	1	1	0			0		CCCCOc1ccc(OCCCN2CCOCC2)cc1			2.97	4	0	30.93	9			21	1	CCCCOc1ccc(OCCCN2CCOCC2)cc1	ok
CHEMBL1198857	VILANTEROL	4	2013	Small molecule	0	0	1	1	0			0		OCc1cc([C@@H](O)CNCCCCCCOCCOCc2c(Cl)cccc2Cl)ccc1O			4.61	6	4	91.18	16			32	2	OCc1cc([C@@H](O)CNCCCCCCOCCOCc2c(Cl)cccc2Cl)ccc1O	ok
CHEMBL1199080	BRETYLIUM	4	1982	Small molecule	0	1	0	1	0			0		CC[N+](C)(C)Cc1ccccc1Br			3.05	0	0	0	3			13	1	CC[N+](C)(C)Cc1ccccc1Br	ok
CHEMBL1199307	DISTIGMINE	4		Small molecule	0	0	0	1	0			0		CN(CCCCCCN(C)C(=O)Oc1ccc[n+](C)c1)C(=O)Oc1ccc[n+](C)c1			2.46	4	0	66.84	9			30	2	CN(CCCCCCN(C)C(=O)Oc1ccc[n+](C)c1)C(=O)Oc1ccc[n+](C)c1	ok
CHEMBL1199324	FOSAPREPITANT	4	2008	Small molecule	0	1	0	0	1			0		C[C@@H](O[C@H]1OCCN(Cc2nn(P(=O)(O)O)c(=O)[nH]2)[C@H]1c1ccc(F)cc1)c1cc(C(F)(F)F)cc(C(F)(F)F)c1			4.37	7	3	129.91	7			41	3	C[C@@H](O[C@H]1OCCN(Cc2nn(P(=O)(O)O)c(=O)[nH]2)[C@H]1c1ccc(F)cc1)c1cc(C(F)(F)F)cc(C(F)(F)F)c1	ok
CHEMBL12	DIAZEPAM	4	1963	Small molecule	1	1	1	1	0			0		CN1C(=O)CN=C(c2ccccc2)c2cc(Cl)ccc21			3.15	2	0	32.67	1			20	2	CN1C(=O)CN=C(c2ccccc2)c2cc(Cl)ccc21	ok
CHEMBL1200	BENOXINATE	4	1982	Small molecule	0	0	1	1	0			0		CCCCOc1cc(C(=O)OCCN(CC)CC)ccc1N			2.95	5	1	64.79	10			22	1	CCCCOc1cc(C(=O)OCCN(CC)CC)ccc1N	ok
CHEMBL1200335	TESTOSTERONE ENANTHATE	4	1953	Small molecule	0	1	0	1	1			0		CCCCCCC(=O)O[C@H]1CC[C@H]2[C@@H]3CCC4=CC(=O)CC[C@]4(C)[C@H]3CC[C@]12C			6.4	3	0	43.37	6			29	0	CCCCCCC(=O)O[C@H]1CC[C@H]2[C@@H]3CCC4=CC(=O)CC[C@]4(C)[C@H]3CC[C@]12C	ok
CHEMBL1200342	PARAMETHASONE ACETATE	4	1982	Small molecule	1	0	0	0	0			0		CC(=O)OCC(=O)[C@@]1(O)[C@H](C)C[C@H]2[C@@H]3C[C@H](F)C4=CC(=O)C=C[C@]4(C)[C@H]3[C@@H](O)C[C@@]21C			2.32	6	2	100.9	3			31	0	CC(=O)OCC(=O)[C@@]1(O)[C@H](C)C[C@H]2[C@@H]3C[C@H](F)C4=CC(=O)C=C[C@]4(C)[C@H]3[C@@H](O)C[C@@]21C	ok
CHEMBL1200345	SODIUM SUCCINATE	4	1982	Small molecule	0	1	0	0	0			0		O=C([O-])CCC(=O)O.[Na+]												O=C([O-])CCC(=O)O	ok
CHEMBL1200350	IODIPAMIDE SODIUM	4	1982	Small molecule	0	1	0	0	0			0		O=C(CCCCC(=O)Nc1c(I)cc(I)c(C(=O)[O-])c1I)Nc1c(I)cc(I)c(C(=O)[O-])c1I.[Na+].[Na+]												O=C(CCCCC(=O)Nc1c(I)cc(I)c(C(=O)[O-])c1I)Nc1c(I)cc(I)c(C(=O)[O-])c1I	ok
CHEMBL1200351	SULFADIAZINE SODIUM	4	1941	Small molecule	0	1	0	0	0			0		Nc1ccc(S(=O)(=O)[N-]c2ncccn2)cc1.[Na+]			0.86	5	2	97.97	3			17	2	Nc1ccc(S(=O)(=O)[N-]c2ncccn2)cc1	ok
CHEMBL1200354	SODIUM TETRADECYL SULFATE	4	1946	Small molecule	0	1	0	0	0			0		CCCCC(CC)CCC(CC(C)C)OS(=O)(=O)[O-].[Na+]			4.22	3	1	63.6	11			19	0	CCCCC(CC)CCC(CC(C)C)OS(=O)(=O)[O-]	ok
CHEMBL1200356	CYCLACILLIN	4	1979	Small molecule	1	0	0	1	0			0		CC1(C)S[C@@H]2[C@H](NC(=O)C3(N)CCCCC3)C(=O)N2[C@H]1C(=O)O			0.28	5	3	112.73	3			23	0	CC1(C)S[C@@H]2[C@H](NC(=O)C3(N)CCCCC3)C(=O)N2[C@H]1C(=O)O	ok
CHEMBL1200357	MOXALACTAM DISODIUM	4	1982	Small molecule	0	1	0	1	0			0		CO[C@@]1(NC(=O)C(C(=O)[O-])c2ccc(O)cc2)C(=O)N2C(C(=O)[O-])=C(CSc3nnnn3C)CO[C@@H]21.[Na+].[Na+]			-1.13	12	4	206.3	9			36	2	CO[C@@]1(NC(=O)C(C(=O)[O-])c2ccc(O)cc2)C(=O)N2C(C(=O)[O-])=C(CSc3nnnn3C)CO[C@@H]21	ok
CHEMBL1200358	SODIUM PHENYLACETATE	4	1987	Small molecule	1	1	0	0	0			0		O=C([O-])Cc1ccccc1.[Na+]												O=C([O-])Cc1ccccc1	ok
CHEMBL1200359	SULFAMETER	4	1966	Small molecule	1	0	0	1	0			0		COc1cnc(NS(=O)(=O)c2ccc(N)cc2)nc1			0.87	6	2	107.2	4			19	2	COc1cnc(NS(=O)(=O)c2ccc(N)cc2)nc1	ok
CHEMBL1200360	IOFETAMINE HYDROCHLORIDE I 123	4	1987	Small molecule	0	1	0	0	0			0		CC(C)NC(C)Cc1ccc([123I])cc1.Cl			3.22	1	1	12.03	4			14	1	CC(C)NC(C)Cc1ccc([123I])cc1	ok
CHEMBL1200365	AMINOHIPPURATE SODIUM	4	1982	Small molecule	0	1	0	0	0			0		Nc1ccc(C(=O)NCC(=O)[O-])cc1.[Na+]			0.08	3	3	92.42	3			14	1	Nc1ccc(C(=O)NCC(=O)[O-])cc1	ok
CHEMBL1200368	BENTIROMIDE	4	1983	Small molecule	1	0	0	1	0			0		O=C(O)c1ccc(NC(=O)[C@H](Cc2ccc(O)cc2)NC(=O)c2ccccc2)cc1			3.07	4	4	115.73	7			30	3	O=C(O)c1ccc(NC(=O)[C@H](Cc2ccc(O)cc2)NC(=O)c2ccccc2)cc1	ok
CHEMBL1200370	BENZOYL PEROXIDE	4	1984	Small molecule	0	0	1	1	0			0		O=C(OOC(=O)c1ccccc1)c1ccccc1			2.62	4	0	52.6	2			18	2	O=C(OOC(=O)c1ccccc1)c1ccccc1	ok
CHEMBL1200374	EXEMESTANE	4	1999	Small molecule	1	0	0	1	0			0		C=C1C[C@@H]2[C@H](CC[C@]3(C)C(=O)CC[C@@H]23)[C@@]2(C)C=CC(=O)C=C12			4.03	2	0	34.14	0			22	0	C=C1C[C@@H]2[C@H](CC[C@]3(C)C(=O)CC[C@@H]23)[C@@]2(C)C=CC(=O)C=C12	ok
CHEMBL1200375	EDETATE CALCIUM DISODIUM ANHYDROUS	4	1953	Small molecule	1	1	0	1	0			0		O=C([O-])CN(CCN(CC(=O)[O-])CC(=O)[O-])CC(=O)[O-].[Ca+2].[Na+].[Na+]												O=C([O-])CN(CCN(CC(=O)[O-])CC(=O)[O-])CC(=O)[O-]	ok
CHEMBL1200376	BETAMETHASONE BENZOATE	4	1982	Small molecule	0	0	1	0	0			0		C[C@H]1C[C@H]2[C@@H]3CCC4=CC(=O)C=C[C@]4(C)[C@@]3(F)[C@@H](O)C[C@]2(C)[C@@]1(OC(=O)c1ccccc1)C(=O)CO			3.76	6	2	100.9	4			36	1	C[C@H]1C[C@H]2[C@@H]3CCC4=CC(=O)C=C[C@]4(C)[C@@]3(F)[C@@H](O)C[C@]2(C)[C@@]1(OC(=O)c1ccccc1)C(=O)CO	ok
CHEMBL1200380	ACYCLOVIR SODIUM	4	1982	Small molecule	0	1	0	1	1			0		Nc1nc([O-])c2ncn(COCCO)c2n1.[Na+]			-1.33	7	3	119.05	4			16	2	Nc1nc([O-])c2ncn(COCCO)c2n1	ok
CHEMBL1200384	BETAMETHASONE DIPROPIONATE	4	1975	Small molecule	0	0	1	0	0			0		CCC(=O)OCC(=O)[C@@]1(OC(=O)CC)[C@@H](C)C[C@H]2[C@@H]3CCC4=CC(=O)C=C[C@]4(C)[C@@]3(F)[C@@H](O)C[C@@]21C			3.82	7	1	106.97	6			36	0	CCC(=O)OCC(=O)[C@@]1(OC(=O)CC)[C@@H](C)C[C@H]2[C@@H]3CCC4=CC(=O)C=C[C@]4(C)[C@@]3(F)[C@@H](O)C[C@@]21C	ok
CHEMBL1200386	PREDNICARBATE	4	1991	Small molecule	0	0	1	1	1			0		CCOC(=O)O[C@]1(C(=O)COC(=O)CC)CC[C@H]2[C@@H]3CCC4=CC(=O)C=C[C@]4(C)[C@H]3[C@@H](O)C[C@@]21C			3.7	8	1	116.2	6			35	0	CCOC(=O)O[C@]1(C(=O)COC(=O)CC)CC[C@H]2[C@@H]3CCC4=CC(=O)C=C[C@]4(C)[C@H]3[C@@H](O)C[C@@]21C	ok
CHEMBL1200388	CLOXACILLIN SODIUM	4	1974	Small molecule	1	0	0	1	0			0		Cc1onc(-c2ccccc2Cl)c1C(=O)N[C@@H]1C(=O)N2[C@@H]1SC(C)(C)[C@@H]2C(=O)[O-].O.[Na+]			2.55	6	2	112.74	4			29	2	Cc1onc(-c2ccccc2Cl)c1C(=O)N[C@@H]1C(=O)N2[C@@H]1SC(C)(C)[C@@H]2C(=O)[O-]	ok
CHEMBL1200391	TROMETHAMINE	4	1965	Small molecule	0	1	0	1	0			0		NC(CO)(CO)CO			-2.34	4	4	86.71	3			8	0	NC(CO)(CO)CO	ok
CHEMBL1200400	AZATHIOPRINE SODIUM	4	1974	Small molecule	0	1	0	0	1			0		Cn1cnc([N+](=O)[O-])c1Sc1ncnc2nc[n-]c12.[Na+]			1.15	8	1	115.42	3			19	3	Cn1cnc([N+](=O)[O-])c1Sc1ncnc2nc[n-]c12	ok
CHEMBL1200412	NANDROLONE PHENPROPIONATE	4	1959	Small molecule	0	1	0	1	1			0		C[C@]12CC[C@H]3[C@@H](CCC4=CC(=O)CC[C@@H]43)[C@@H]1CC[C@@H]2OC(=O)CCc1ccccc1			5.67	3	0	43.37	4			30	1	C[C@]12CC[C@H]3[C@@H](CCC4=CC(=O)CC[C@@H]43)[C@@H]1CC[C@@H]2OC(=O)CCc1ccccc1	ok
CHEMBL1200423	METRIZOATE SODIUM	4	1982	Small molecule	0	1	0	0	0			0		CC(=O)Nc1c(I)c(C(=O)[O-])c(I)c(N(C)C(C)=O)c1I.[Na+]			3.14	3	2	86.71	3			21	1	CC(=O)Nc1c(I)c(C(=O)[O-])c(I)c(N(C)C(C)=O)c1I	ok
CHEMBL1200424	PENTETATE ZINC TRISODIUM	4	2004	Small molecule	0	1	1	0	0			0		O=C([O-])CN(CCN(CC(=O)[O-])CC(=O)[O-])CCN(CC(=O)[O-])CC(=O)[O-].[Na+].[Na+].[Na+].[Zn+2]			-2.68	8	5	196.22	16			27	0	O=C([O-])CN(CCN(CC(=O)[O-])CC(=O)[O-])CCN(CC(=O)[O-])CC(=O)[O-]	ok
CHEMBL1200430	ESTRADIOL ACETATE	4	2003	Small molecule	1	0	1	1	0			0		CC(=O)Oc1ccc2c(c1)CC[C@@H]1[C@@H]2CC[C@]2(C)[C@@H](O)CC[C@@H]12			3.83	3	1	46.53	1			23	1	CC(=O)Oc1ccc2c(c1)CC[C@@H]1[C@@H]2CC[C@]2(C)[C@@H](O)CC[C@@H]12	ok
CHEMBL1200434	OXTRIPHYLLINE	4	1981	Small molecule	1	0	0	1	0			0		C[N+](C)(C)CCO.Cn1c(=O)c2[n-]cnc2n(C)c1=O			-1.04	5	1	72.68	0			13	2	Cn1c(=O)c2[n-]cnc2n(C)c1=O	ok
CHEMBL1200436	OXANDROLONE	4	1964	Small molecule	1	0	0	1	0			0		C[C@]12COC(=O)C[C@@H]1CC[C@@H]1[C@@H]2CC[C@@]2(C)[C@H]1CC[C@]2(C)O			3.54	3	1	46.53	0			22	0	C[C@]12COC(=O)C[C@@H]1CC[C@@H]1[C@@H]2CC[C@@]2(C)[C@H]1CC[C@]2(C)O	ok
CHEMBL1200438	TIOCONAZOLE	4	1983	Small molecule	0	0	1	1	0			0		Clc1ccc(C(Cn2ccnc2)OCc2ccsc2Cl)c(Cl)c1			5.86	4	0	27.05	6			23	3	Clc1ccc(C(Cn2ccnc2)OCc2ccsc2Cl)c(Cl)c1	ok
CHEMBL1200439	IODOHIPPURATE SODIUM I 123	4	1984	Small molecule	0	1	0	0	0			0		O=C([O-])CNC(=O)c1ccccc1[123I].[Na+]			1.11	2	2	66.4	3			14	1	O=C([O-])CNC(=O)c1ccccc1[123I]	ok
CHEMBL1200448	TILUDRONATE DISODIUM	4	1997	Small molecule	1	0	0	0	0			0		O=P([O-])(O)C(Sc1ccc(Cl)cc1)P(=O)([O-])O.[Na+].[Na+]			2.07	3	4	115.06	4			17	1	O=P([O-])(O)C(Sc1ccc(Cl)cc1)P(=O)([O-])O	ok
CHEMBL1200449	TRIAMCINOLONE DIACETATE	4	1959	Small molecule	1	1	0	0	1			0		CC(=O)OCC(=O)[C@@]1(O)[C@H](OC(C)=O)C[C@H]2[C@@H]3CCC4=CC(=O)C=C[C@]4(C)[C@@]3(F)[C@@H](O)C[C@@]21C			1.76	8	2	127.2	4			34	0	CC(=O)OCC(=O)[C@@]1(O)[C@H](OC(C)=O)C[C@H]2[C@@H]3CCC4=CC(=O)C=C[C@]4(C)[C@@]3(F)[C@@H](O)C[C@@]21C	ok
CHEMBL1200453	DOCOSANOL	4	2000	Small molecule	0	0	1	1	0			0		CCCCCCCCCCCCCCCCCCCCCCO			7.8	1	1	20.23	20			23	0	CCCCCCCCCCCCCCCCCCCCCCO	ok
CHEMBL1200454	VALGANCICLOVIR HYDROCHLORIDE	4	2001	Small molecule	1	0	0	0	1			0		CC(C)[C@H](N)C(=O)OCC(CO)OCn1cnc2c(=O)nc(N)[nH]c21.Cl			-1.44	10	4	171.37	8			25	2	CC(C)[C@H](N)C(=O)OCC(CO)OCn1cnc2c(=O)nc(N)[nH]c21	ok
CHEMBL1200455	IOHEXOL	4	1985	Small molecule	1	1	1	1	0			0		CC(=O)N(CC(O)CO)c1c(I)c(C(=O)NCC(O)CO)c(I)c(C(=O)NCC(O)CO)c1I			-1.63	9	8	199.89	12			34	1	CC(=O)N(CC(O)CO)c1c(I)c(C(=O)NCC(O)CO)c(I)c(C(=O)NCC(O)CO)c1I	ok
CHEMBL1200458	POTASSIUM CITRATE ANHYDROUS	4	1985	Small molecule	1	0	0	1	0			0		O=C([O-])CC(O)(CC(=O)[O-])C(=O)[O-].[K+].[K+].[K+]												O=C([O-])CC(O)(CC(=O)[O-])C(=O)[O-]	ok
CHEMBL1200463	OXAPROZIN POTASSIUM	4	2002	Small molecule	1	0	0	0	0			0		O=C([O-])CCc1nc(-c2ccccc2)c(-c2ccccc2)o1.[K+]			4.03	3	1	63.33	5			22	3	O=C([O-])CCc1nc(-c2ccccc2)c(-c2ccccc2)o1	ok
CHEMBL1200467	HYDROXYZINE PAMOATE	4	1959	Small molecule	1	0	0	0	0			0		O=C(O)c1cc2ccccc2c(Cc2c(O)c(C(=O)O)cc3ccccc23)c1O.OCCOCCN1CCN(C(c2ccccc2)c2ccc(Cl)cc2)CC1			3.06	4	1	35.94	8			26	2	O=C(O)c1cc2ccccc2c(Cc2c(O)c(C(=O)O)cc3ccccc23)c1O	ok
CHEMBL1200468	MALATHION	4	1982	Small molecule	0	0	1	1	0			0		CCOC(=O)CC(SP(=S)(OC)OC)C(=O)OCC			2.12	8	0	71.06	9			19	0	CCOC(=O)CC(SP(=S)(OC)OC)C(=O)OCC	ok
CHEMBL1200470	ESOMEPRAZOLE SODIUM	4	2005	Small molecule	0	1	0	0	1			0		COc1ccc2[n-]c([S@@+]([O-])Cc3ncc(C)c(OC)c3C)nc2c1.[Na+]			2.9	5	1	83.09	5			24	3	COc1ccc2[n-]c([S@@+]([O-])Cc3ncc(C)c(OC)c3C)nc2c1	ok
CHEMBL1200471	PYRITHIONE ZINC	4	1986	Small molecule	0	0	1	1	0			0		[O-][n+]1ccccc1[S-].[O-][n+]1ccccc1[S-].[Zn+2]			0.61	2	1	26.94	0			8	1	[O-][n+]1ccccc1[S-]	ok
CHEMBL1200472	QUAZEPAM	4	1985	Small molecule	1	0	0	0	0			0		Fc1ccccc1C1=NCC(=S)N(CC(F)(F)F)c2ccc(Cl)cc21			5.03	2	0	15.6	2			25	2	Fc1ccccc1C1=NCC(=S)N(CC(F)(F)F)c2ccc(Cl)cc21	ok
CHEMBL1200477	ALLOPURINOL SODIUM	4	1996	Small molecule	0	1	0	0	0			0		O=c1[n-]cnc2[nH]ncc12.[Na+]			0.06	4	2	74.69	0			10	2	O=c1[n-]cnc2[nH]ncc12	ok
CHEMBL1200482	CEFOPERAZONE SODIUM	4	1982	Small molecule	0	1	0	1	0			0		CCN1CCN(C(=O)N[C@@H](C(=O)N[C@@H]2C(=O)N3C(C(=O)[O-])=C(CSc4nnnn4C)CS[C@H]23)c2ccc(O)cc2)C(=O)C1=O.[Na+]			-1.11	13	4	220.26	9			44	2	CCN1CCN(C(=O)N[C@@H](C(=O)N[C@@H]2C(=O)N3C(C(=O)[O-])=C(CSc4nnnn4C)CS[C@H]23)c2ccc(O)cc2)C(=O)C1=O	ok
CHEMBL1200487	ETHACRYNATE SODIUM	4	1967	Small molecule	0	1	0	0	0			0		C=C(CC)C(=O)c1ccc(OCC(=O)[O-])c(Cl)c1Cl.[Na+]			3.61	3	1	63.6	6			19	1	C=C(CC)C(=O)c1ccc(OCC(=O)[O-])c(Cl)c1Cl	ok
CHEMBL1200495	HYDROCORTISONE SODIUM SUCCINATE	4	1955	Small molecule	0	1	0	1	1			0		C[C@]12CCC(=O)C=C1CC[C@@H]1[C@@H]2[C@@H](O)C[C@@]2(C)[C@H]1CC[C@]2(O)C(=O)COC(=O)CCC(=O)[O-].[Na+]			2.2	7	3	138.2	6			33	0	C[C@]12CCC(=O)C=C1CC[C@@H]1[C@@H]2[C@@H](O)C[C@@]2(C)[C@H]1CC[C@]2(O)C(=O)COC(=O)CCC(=O)[O-]	ok
CHEMBL1200500	BECLOMETHASONE DIPROPIONATE	4	1976	Small molecule	0	0	1	1	1			0		CCC(=O)OCC(=O)[C@@]1(OC(=O)CC)[C@@H](C)C[C@H]2[C@@H]3CCC4=CC(=O)C=C[C@]4(C)[C@@]3(Cl)[C@@H](O)C[C@@]21C			4.09	7	1	106.97	6			36	0	CCC(=O)OCC(=O)[C@@]1(OC(=O)CC)[C@@H](C)C[C@H]2[C@@H]3CCC4=CC(=O)C=C[C@]4(C)[C@@]3(Cl)[C@@H](O)C[C@@]21C	ok
CHEMBL1200515	DESERPIDINE	4	1957	Small molecule	1	0	0	1	0			0		COC(=O)[C@H]1[C@H]2C[C@@H]3c4[nH]c5ccccc5c4CCN3C[C@H]2C[C@@H](OC(=O)c2cc(OC)c(OC)c(OC)c2)[C@@H]1OC			4.16	9	1	108.55	7			42	3	COC(=O)[C@H]1[C@H]2C[C@@H]3c4[nH]c5ccccc5c4CCN3C[C@H]2C[C@@H](OC(=O)c2cc(OC)c(OC)c(OC)c2)[C@@H]1OC	ok
CHEMBL1200522	AVOBENZONE	4	1992	Small molecule	0	0	1	1	0			0		COc1ccc(C(=O)CC(=O)c2ccc(C(C)(C)C)cc2)cc1			4.45	3	0	43.37	5			23	2	COc1ccc(C(=O)CC(=O)c2ccc(C(C)(C)C)cc2)cc1	ok
CHEMBL1200523	CEFAZOLIN SODIUM	4	1973	Small molecule	0	1	0	1	0			0		Cc1nnc(SCC2=C(C(=O)[O-])N3C(=O)[C@@H](NC(=O)Cn4cnnn4)[C@H]3SC2)s1.[Na+]			-0.64	12	2	156.09	7			29	2	Cc1nnc(SCC2=C(C(=O)[O-])N3C(=O)[C@@H](NC(=O)Cn4cnnn4)[C@H]3SC2)s1	ok
CHEMBL1200530	CEFOXITIN SODIUM	4	1978	Small molecule	0	1	0	1	0			0		CO[C@@]1(NC(=O)Cc2cccs2)C(=O)N2C(C(=O)[O-])=C(COC(N)=O)CS[C@@H]21.[Na+]			0.1	8	3	148.26	7			28	1	CO[C@@]1(NC(=O)Cc2cccs2)C(=O)N2C(C(=O)[O-])=C(COC(N)=O)CS[C@@H]21	ok
CHEMBL1200538	BETAMETHASONE ACETATE	4	1965	Small molecule	0	1	0	0	1			0		CC(=O)OCC(=O)[C@@]1(O)[C@@H](C)C[C@H]2[C@@H]3CCC4=CC(=O)C=C[C@]4(C)[C@@]3(F)[C@@H](O)C[C@@]21C			2.47	6	2	100.9	3			31	0	CC(=O)OCC(=O)[C@@]1(O)[C@@H](C)C[C@H]2[C@@H]3CCC4=CC(=O)C=C[C@]4(C)[C@@]3(F)[C@@H](O)C[C@@]21C	ok
CHEMBL1200539	CALCIUM CARBONATE	4	2000	Small molecule	1	0	0	0	0			0		O=C([O-])[O-].[Ca+2]												O=C([O-])[O-]	ok
CHEMBL1200542	DESOXYCORTICOSTERONE ACETATE	4	1939	Small molecule	0	1	0	1	0			0		CC(=O)OCC(=O)[C@H]1CC[C@H]2[C@@H]3CCC4=CC(=O)CC[C@]4(C)[C@H]3CC[C@]12C			4.27	4	0	60.44	3			27	0	CC(=O)OCC(=O)[C@H]1CC[C@H]2[C@@H]3CCC4=CC(=O)CC[C@]4(C)[C@H]3CC[C@]12C	ok
CHEMBL1200545	DIFLORASONE DIACETATE	4	1977	Small molecule	0	0	1	0	0			0		CC(=O)OCC(=O)[C@@]1(OC(C)=O)[C@@H](C)C[C@H]2[C@@H]3C[C@H](F)C4=CC(=O)C=C[C@]4(C)[C@@]3(F)[C@@H](O)C[C@@]21C			2.99	7	1	106.97	4			35	0	CC(=O)OCC(=O)[C@@]1(OC(C)=O)[C@@H](C)C[C@H]2[C@@H]3C[C@H](F)C4=CC(=O)C=C[C@]4(C)[C@@]3(F)[C@@H](O)C[C@@]21C	ok
CHEMBL1200559	LACTIC ACID	4	2006	Small molecule	0	1	1	1	0			0		CC(O)C(=O)O			-0.55	2	2	57.53	1			6	0	CC(O)C(=O)O	ok
CHEMBL1200562	HYDROCORTISONE VALERATE	4	1978	Small molecule	0	0	1	1	1			0		CCCCC(=O)O[C@]1(C(=O)CO)CC[C@H]2[C@@H]3CCC4=CC(=O)CC[C@]4(C)[C@H]3[C@@H](O)C[C@@]21C			3.52	6	2	100.9	6			32	0	CCCCC(=O)O[C@]1(C(=O)CO)CC[C@H]2[C@@H]3CCC4=CC(=O)CC[C@]4(C)[C@H]3[C@@H](O)C[C@@]21C	ok
CHEMBL1200563	CERIVASTATIN SODIUM	4	1997	Small molecule	1	0	0	0	0			0		COCc1c(C(C)C)nc(C(C)C)c(/C=C/[C@@H](O)C[C@@H](O)CC(=O)[O-])c1-c1ccc(F)cc1.[Na+]			4.88	5	3	99.88	11			33	2	COCc1c(C(C)C)nc(C(C)C)c(/C=C/[C@@H](O)C[C@@H](O)CC(=O)[O-])c1-c1ccc(F)cc1	ok
CHEMBL1200570	MEGLUMINE	4	1982	Small molecule	0	1	0	1	0			0		CNC[C@H](O)[C@@H](O)[C@H](O)[C@H](O)CO			-3.36	6	6	113.18	6			13	0	CNC[C@H](O)[C@@H](O)[C@H](O)[C@H](O)CO	ok
CHEMBL1200578	THEOPHYLLINE SODIUM GLYCINATE	4	1982	Small molecule	1	0	0	1	0			0		Cn1c(=O)c2[nH]cnc2n(C)c1=O.NCC(=O)[O-].[Na+]												Cn1c(=O)c2[nH]cnc2n(C)c1=O	ok
CHEMBL1200580	SULFOXONE SODIUM	4	1982	Small molecule	1	0	0	0	0			0		O=S([O-])CNc1ccc(S(=O)(=O)c2ccc(NCS(=O)[O-])cc2)cc1.[Na+].[Na+]			1.7	6	4	132.8	8			25	2	O=S([O-])CNc1ccc(S(=O)(=O)c2ccc(NCS(=O)[O-])cc2)cc1	ok
CHEMBL1200581	DIATRIZOATE SODIUM	4	1954	Small molecule	1	1	1	0	0			0		CC(=O)Nc1c(I)c(NC(C)=O)c(I)c(C(=O)[O-])c1I.[Na+]			3.12	3	3	95.5	3			20	1	CC(=O)Nc1c(I)c(NC(C)=O)c(I)c(C(=O)[O-])c1I	ok
CHEMBL1200584	AMINOSALICYLATE POTASSIUM	4	1955	Small molecule	1	0	0	0	0			0		Nc1ccc(C(=O)[O-])c(O)c1.[K+]			0.67	3	3	83.55	1			11	1	Nc1ccc(C(=O)[O-])c(O)c1	ok
CHEMBL1200585	OXYMETHOLONE	4	1972	Small molecule	1	0	0	1	0			0		C[C@]12C/C(=C/O)C(=O)C[C@@H]1CC[C@@H]1[C@@H]2CC[C@@]2(C)[C@H]1CC[C@]2(C)O			4.4	3	2	57.53	0			24	0	C[C@]12C/C(=C/O)C(=O)C[C@@H]1CC[C@@H]1[C@@H]2CC[C@@]2(C)[C@H]1CC[C@]2(C)O	ok
CHEMBL1200592	DESOXYCORTICOSTERONE PIVALATE	4	1982	Small molecule	0	1	0	1	0			1		CC(C)(C)C(=O)OCC(=O)[C@H]1CC[C@H]2[C@@H]3CCC4=CC(=O)CC[C@]4(C)[C@H]3CC[C@]12C			5.29	4	0	60.44	3			30	0	CC(C)(C)C(=O)OCC(=O)[C@H]1CC[C@H]2[C@@H]3CCC4=CC(=O)CC[C@]4(C)[C@H]3CC[C@]12C	ok
CHEMBL1200596	CHLOROXINE	4	1976	Small molecule	0	0	1	1	0			0		Oc1c(Cl)cc(Cl)c2cccnc12			3.25	2	1	33.12	0			13	2	Oc1c(Cl)cc(Cl)c2cccnc12	ok
CHEMBL1200598	DIETHYLSTILBESTROL DIPHOSPHATE	4	1982	Small molecule	1	1	0	0	1			0		CC/C(=C(/CC)c1ccc(OP(=O)(O)O)cc1)c1ccc(OP(=O)(O)O)cc1			4.36	4	4	133.52	8			28	2	CC/C(=C(/CC)c1ccc(OP(=O)(O)O)cc1)c1ccc(OP(=O)(O)O)cc1	ok
CHEMBL1200600	FLUOROMETHOLONE	4	1972	Small molecule	0	0	1	0	0			0		CC(=O)[C@@]1(O)CC[C@H]2[C@@H]3C[C@H](C)C4=CC(=O)C=C[C@]4(C)[C@@]3(F)[C@@H](O)C[C@@]21C			2.92	4	2	74.6	1			27	0	CC(=O)[C@@]1(O)CC[C@H]2[C@@H]3C[C@H](C)C4=CC(=O)C=C[C@]4(C)[C@@]3(F)[C@@H](O)C[C@@]21C	ok
CHEMBL1200604	TROPICAMIDE	4	1960	Small molecule	0	0	1	1	0			0		CCN(Cc1ccncc1)C(=O)C(CO)c1ccccc1			2.21	3	1	53.43	6			21	2	CCN(Cc1ccncc1)C(=O)C(CO)c1ccccc1	ok
CHEMBL1200607	PERFLEXANE	4	2002	Small molecule	0	1	0	0	0			0		FC(F)(F)C(F)(F)C(F)(F)C(F)(F)C(F)(F)C(F)(F)F			4.65	0	0	0	3			20	0	FC(F)(F)C(F)(F)C(F)(F)C(F)(F)C(F)(F)C(F)(F)F	ok
CHEMBL1200613	TOLMETIN SODIUM	4	1976	Small molecule	1	0	0	1	0			0		Cc1ccc(C(=O)c2ccc(CC(=O)[O-])n2C)cc1.[Na+]			2.19	3	1	59.3	4			19	2	Cc1ccc(C(=O)c2ccc(CC(=O)[O-])n2C)cc1	ok
CHEMBL1200614	IOVERSOL	4	1988	Small molecule	0	1	0	1	0			0		O=C(NCC(O)CO)c1c(I)c(C(=O)NCC(O)CO)c(I)c(N(CCO)C(=O)CO)c1I			-2.02	9	8	199.89	12			33	1	O=C(NCC(O)CO)c1c(I)c(C(=O)NCC(O)CO)c(I)c(N(CCO)C(=O)CO)c1I	ok
CHEMBL1200616	CHLOROTHIAZIDE SODIUM	4	1958	Small molecule	0	1	0	0	0			0		NS(=O)(=O)c1cc2c(cc1Cl)N=C[N-]S2(=O)=O.[Na+]			-0.06	5	2	118.69	1			17	1	NS(=O)(=O)c1cc2c(cc1Cl)N=C[N-]S2(=O)=O	ok
CHEMBL1200617	RIMEXOLONE	4	1994	Small molecule	0	0	1	1	0			0		CCC(=O)[C@@]1(C)[C@H](C)C[C@H]2[C@@H]3CCC4=CC(=O)C=C[C@]4(C)[C@H]3[C@@H](O)C[C@@]21C			4.5	3	1	54.37	2			27	0	CCC(=O)[C@@]1(C)[C@H](C)C[C@H]2[C@@H]3CCC4=CC(=O)C=C[C@]4(C)[C@H]3[C@@H](O)C[C@@]21C	ok
CHEMBL1200622	PARICALCITOL	4	1998	Small molecule	1	1	0	1	0			0		C[C@H](/C=C/[C@H](C)C(C)(C)O)[C@H]1CC[C@H]2/C(=C/C=C3C[C@@H](O)C[C@H](O)C3)CCC[C@]12C			5.56	3	3	60.69	5			30	0	C[C@H](/C=C/[C@H](C)C(C)(C)O)[C@H]1CC[C@H]2/C(=C/C=C3C[C@@H](O)C[C@H](O)C3)CCC[C@]12C	ok
CHEMBL1200623	ETHYLESTRENOL	4	1964	Small molecule	1	0	0	1	0			0		CC[C@]1(O)CC[C@H]2[C@@H]3CCC4=CCCC[C@@H]4[C@H]3CC[C@@]21C			5.09	1	1	20.23	1			21	0	CC[C@]1(O)CC[C@H]2[C@@H]3CCC4=CCCC[C@@H]4[C@H]3CC[C@@]21C	ok
CHEMBL1200624	ETHYNODIOL DIACETATE	4	1966	Small molecule	1	0	0	1	1			0		C#C[C@]1(OC(C)=O)CC[C@H]2[C@@H]3CCC4=C[C@@H](OC(C)=O)CC[C@@H]4[C@H]3CC[C@@]21C			4.43	4	0	52.6	2			28	0	C#C[C@]1(OC(C)=O)CC[C@H]2[C@@H]3CCC4=C[C@@H](OC(C)=O)CC[C@@H]4[C@H]3CC[C@@]21C	ok
CHEMBL1200627	PROPIOLACTONE	4	1982	Small molecule	0	0	0	1	0			0		O=C1CCO1			-0.07	2	0	26.3	0			5	0	O=C1CCO1	ok
CHEMBL1200645	ETOPOSIDE PHOSPHATE	4	1996	Small molecule	0	1	0	1	1			0		COc1cc([C@@H]2c3cc4c(cc3[C@@H](O[C@@H]3O[C@@H]5CO[C@@H](C)O[C@H]5[C@H](O)[C@H]3O)[C@H]3COC(=O)[C@H]23)OCO4)cc(OC)c1OP(=O)(O)O			1.1	14	4	207.36	7			46	2	COc1cc([C@@H]2c3cc4c(cc3[C@@H](O[C@@H]3O[C@@H]5CO[C@@H](C)O[C@H]5[C@H](O)[C@H]3O)[C@H]3COC(=O)[C@H]23)OCO4)cc(OC)c1OP(=O)(O)O	ok
CHEMBL1200649	QUINUPRISTIN	4	1999	Small molecule	0	1	0	1	0			0		CC[C@H]1NC(=O)[C@@H](NC(=O)c2ncccc2O)[C@@H](C)OC(=O)[C@H](c2ccccc2)NC(=O)[C@@H]2CC(=O)[C@H](CS[C@@H]3CN4CCC3CC4)CN2C(=O)[C@H](Cc2ccc(N(C)C)cc2)N(C)C(=O)[C@@H]2CCCN2C1=O												CC[C@H]1NC(=O)[C@@H](NC(=O)c2ncccc2O)[C@@H](C)OC(=O)[C@H](c2ccccc2)NC(=O)[C@@H]2CC(=O)[C@H](CS[C@@H]3CN4CCC3CC4)CN2C(=O)[C@H](Cc2ccc(N(C)C)cc2)N(C)C(=O)[C@@H]2CCCN2C1=O	ok
CHEMBL1200656	NATAMYCIN	4	1978	Small molecule	0	0	1	1	0			0		C[C@@H]1C/C=C/C=C/C=C/C=C/[C@H](O[C@@H]2O[C@H](C)[C@@H](O)[C@H](N)[C@@H]2O)C[C@@H]2O[C@](O)(C[C@@H](O)C[C@H]3O[C@@H]3/C=C/C(=O)O1)C[C@H](O)[C@H]2C(=O)O			0.12	13	7	230.99	3			47	0	C[C@@H]1C/C=C/C=C/C=C/C=C/[C@H](O[C@@H]2O[C@H](C)[C@@H](O)[C@H](N)[C@@H]2O)C[C@@H]2O[C@](O)(C[C@@H](O)C[C@H]3O[C@@H]3/C=C/C(=O)O1)C[C@H](O)[C@H]2C(=O)O	ok
CHEMBL1200660	ISOSORBIDE	4	1974	Small molecule	1	0	0	1	0			0		O[C@@H]1CO[C@H]2[C@@H]1OC[C@@H]2O			-1.49	4	2	58.92	0			10	0	O[C@@H]1CO[C@H]2[C@@H]1OC[C@@H]2O	ok
CHEMBL1200661	UNOPROSTONE ISOPROPYL	4	2000	Small molecule	0	0	1	1	1			0		CCCCCCCC(=O)CC[C@@H]1[C@@H](C/C=C\CCCC(=O)OC(C)C)[C@@H](O)C[C@H]1O			5.12	5	2	83.83	16			30	0	CCCCCCCC(=O)CC[C@@H]1[C@@H](C/C=C\CCCC(=O)OC(C)C)[C@@H](O)C[C@H]1O	ok
CHEMBL1200664	POTASSIUM LACTATE	4	1986	Small molecule	0	1	0	1	0			0		CC(O)C(=O)[O-].[K+]												CC(O)C(=O)[O-]	ok
CHEMBL1200666	CALCIPOTRIENE	4	1993	Small molecule	0	0	1	1	0			0		C=C1/C(=C\C=C2/CCC[C@]3(C)[C@@H]([C@H](C)/C=C/[C@@H](O)C4CC4)CC[C@@H]23)C[C@@H](O)C[C@@H]1O			5.09	3	3	60.69	5			30	0	C=C1/C(=C\C=C2/CCC[C@]3(C)[C@@H]([C@H](C)/C=C/[C@@H](O)C4CC4)CC[C@@H]23)C[C@@H](O)C[C@@H]1O	ok
CHEMBL1200672	CEFPIRAMIDE SODIUM	4	1989	Small molecule	0	1	0	1	0			0		Cc1cc(O)c(C(=O)N[C@@H](C(=O)N[C@@H]2C(=O)N3C(C(=O)[O-])=C(CSc4nnnn4C)CS[C@H]23)c2ccc(O)cc2)cn1.[Na+]			0.33	13	5	212.76	9			42	3	Cc1cc(O)c(C(=O)N[C@@H](C(=O)N[C@@H]2C(=O)N3C(C(=O)[O-])=C(CSc4nnnn4C)CS[C@H]23)c2ccc(O)cc2)cn1	ok
CHEMBL1200681	MONTELUKAST SODIUM	4	1998	Small molecule	1	0	0	1	0			0		CC(C)(O)c1ccccc1CC[C@@H](SCC1(CC(=O)[O-])CC1)c1cccc(/C=C/c2ccc3ccc(Cl)cc3n2)c1.[Na+]			8.95	4	2	70.42	12			41	4	CC(C)(O)c1ccccc1CC[C@@H](SCC1(CC(=O)[O-])CC1)c1cccc(/C=C/c2ccc3ccc(Cl)cc3n2)c1	ok
CHEMBL1200682	SODIUM OXYBATE	4	2002	Small molecule	1	0	0	1	0			0		O=C([O-])CCCO.[Na+]			-0.16	2	2	57.53	3			7	0	O=C([O-])CCCO	ok
CHEMBL1200686	PIMECROLIMUS	4	2001	Small molecule	0	0	1	1	0			0		CC[C@@H]1/C=C(\C)C[C@H](C)C[C@H](OC)[C@H]2O[C@@](O)(C(=O)C(=O)N3CCCC[C@H]3C(=O)O[C@H](/C(C)=C/[C@@H]3CC[C@H](Cl)[C@H](OC)C3)[C@H](C)[C@@H](O)CC1=O)[C@H](C)C[C@@H]2OC			5.72	11	2	158.13	6			56	0	CC[C@@H]1/C=C(\C)C[C@H](C)C[C@H](OC)[C@H]2O[C@@](O)(C(=O)C(=O)N3CCCC[C@H]3C(=O)O[C@H](/C(C)=C/[C@@H]3CC[C@H](Cl)[C@H](OC)C3)[C@H](C)[C@@H](O)CC1=O)[C@H](C)C[C@@H]2OC	ok
CHEMBL1200688	ERYTHROMYCIN ETHYLSUCCINATE	4	1965	Small molecule	1	0	0	1	1			0		CCOC(=O)CCC(=O)O[C@H]1[C@H](O[C@@H]2[C@@H](C)[C@H](O[C@H]3C[C@@](C)(OC)[C@@H](O)[C@H](C)O3)[C@@H](C)C(=O)O[C@H](CC)[C@@](C)(O)[C@H](O)[C@@H](C)C(=O)[C@H](C)C[C@@]2(C)O)O[C@H](C)C[C@@H]1N(C)C			2.68	17	4	226.28	12			60	0	CCOC(=O)CCC(=O)O[C@H]1[C@H](O[C@@H]2[C@@H](C)[C@H](O[C@H]3C[C@@](C)(OC)[C@@H](O)[C@H](C)O3)[C@@H](C)C(=O)O[C@H](CC)[C@@](C)(O)[C@H](O)[C@@H](C)C(=O)[C@H](C)C[C@@]2(C)O)O[C@H](C)C[C@@H]1N(C)C	ok
CHEMBL1200689	NITRIC OXIDE	4	1999	Small molecule	0	0	1	1	0			0		[N]=O			-0.45	1	0	39.37	0			2	0	[N]=O	ok
CHEMBL1200691	MAGNESIUM ACETATE	4	1982	Small molecule	0	1	0	0	0			0		CC(=O)[O-].CC(=O)[O-].[Mg+2]												CC(=O)[O-]	ok
CHEMBL1200692	OLMESARTAN MEDOXOMIL	4	2002	Small molecule	1	0	0	1	1			0		CCCc1nc(C(C)(C)O)c(C(=O)OCc2oc(=O)oc2C)n1Cc1ccc(-c2ccccc2-c2nnn[nH]2)cc1			4.17	11	2	162.16	10			41	5	CCCc1nc(C(C)(C)O)c(C(=O)OCc2oc(=O)oc2C)n1Cc1ccc(-c2ccccc2-c2nnn[nH]2)cc1	ok
CHEMBL1200694	SEVOFLURANE	4	1995	Small molecule	0	0	1	0	0			1		FCOC(C(F)(F)F)C(F)(F)F			2.42	1	0	9.23	2			12	0	FCOC(C(F)(F)F)C(F)(F)F	ok
CHEMBL1200701	DICLOXACILLIN SODIUM	4	1968	Small molecule	1	0	0	1	0			0		Cc1onc(-c2c(Cl)cccc2Cl)c1C(=O)N[C@@H]1C(=O)N2[C@@H]1SC(C)(C)[C@@H]2C(=O)[O-].O.[Na+]			3.2	6	2	112.74	4			30	2	Cc1onc(-c2c(Cl)cccc2Cl)c1C(=O)N[C@@H]1C(=O)N2[C@@H]1SC(C)(C)[C@@H]2C(=O)[O-]	ok
CHEMBL1200711	OMEGA-3-ACID ETHYL ESTERS	4	2004	Small molecule	1	0	0	0	0			0		CC/C=C\C/C=C\C/C=C\C/C=C\C/C=C\C/C=C\CCC(=O)OCC.CC/C=C\C/C=C\C/C=C\C/C=C\C/C=C\CCCC(=O)OCC												CC/C=C\C/C=C\C/C=C\C/C=C\C/C=C\C/C=C\CCC(=O)OCC	ok
CHEMBL1200712	EVANS BLUE	4	1982	Small molecule	0	1	0	0	0			0		Cc1cc(-c2ccc(/N=N/c3ccc4c(S(=O)(=O)[O-])cc(S(=O)(=O)[O-])c(N)c4c3O)c(C)c2)ccc1/N=N/c1ccc2c(S(=O)(=O)[O-])cc(S(=O)(=O)[O-])c(N)c2c1O.[Na+].[Na+].[Na+].[Na+]			6.67	16	8	359.42	9			58	6	Cc1cc(-c2ccc(/N=N/c3ccc4c(S(=O)(=O)[O-])cc(S(=O)(=O)[O-])c(N)c4c3O)c(C)c2)ccc1/N=N/c1ccc2c(S(=O)(=O)[O-])cc(S(=O)(=O)[O-])c(N)c2c1O	ok
CHEMBL1200714	CHLORMEZANONE	4	1960	Small molecule	1	0	0	1	0			0		CN1C(=O)CCS(=O)(=O)C1c1ccc(Cl)cc1			1.62	3	0	54.45	1			17	1	CN1C(=O)CCS(=O)(=O)C1c1ccc(Cl)cc1	ok
CHEMBL1200721	ESTRAMUSTINE PHOSPHATE SODIUM	4	1981	Small molecule	1	0	0	1	1			0		C[C@]12CC[C@@H]3c4ccc(OC(=O)N(CCCl)CCCl)cc4CC[C@H]3[C@@H]1CC[C@@H]2OP(=O)([O-])[O-].[Na+].[Na+]			5.3	4	2	96.3	7			33	1	C[C@]12CC[C@@H]3c4ccc(OC(=O)N(CCCl)CCCl)cc4CC[C@H]3[C@@H]1CC[C@@H]2OP(=O)([O-])[O-]	ok
CHEMBL1200729	CHLORAMPHENICOL SODIUM SUCCINATE	4	1959	Small molecule	0	1	0	0	1			0		O=C([O-])CCC(=O)OC[C@@H](NC(=O)C(Cl)Cl)[C@H](O)c1ccc([N+](=O)[O-])cc1.[Na+]			1.32	7	3	156.07	10			27	1	O=C([O-])CCC(=O)OC[C@@H](NC(=O)C(Cl)Cl)[C@H](O)c1ccc([N+](=O)[O-])cc1	ok
CHEMBL1200732	AMCINONIDE	4	1979	Small molecule	0	0	1	0	0			0		CC(=O)OCC(=O)[C@@]12OC3(CCCC3)O[C@@H]1C[C@H]1[C@@H]3CCC4=CC(=O)C=C[C@]4(C)[C@@]3(F)[C@@H](O)C[C@@]12C			3.52	7	1	99.13	3			36	0	CC(=O)OCC(=O)[C@@]12OC3(CCCC3)O[C@@H]1C[C@H]1[C@@H]3CCC4=CC(=O)C=C[C@]4(C)[C@@]3(F)[C@@H](O)C[C@@]12C	ok
CHEMBL1200733	DESFLURANE	4	1992	Small molecule	0	0	1	0	0			0		FC(F)OC(F)C(F)(F)F			2.08	1	0	9.23	2			10	0	FC(F)OC(F)C(F)(F)F	ok
CHEMBL1200734	FOSAMPRENAVIR CALCIUM	4	2003	Small molecule	1	0	0	0	1			0		CC(C)CN(C[C@@H](OP(=O)([O-])[O-])[C@H](Cc1ccccc1)NC(=O)O[C@H]1CCOC1)S(=O)(=O)c1ccc(N)cc1.[Ca+2]			2.52	8	4	177.72	13			39	2	CC(C)CN(C[C@@H](OP(=O)([O-])[O-])[C@H](Cc1ccccc1)NC(=O)O[C@H]1CCOC1)S(=O)(=O)c1ccc(N)cc1	ok
CHEMBL1200737	COLFOSCERIL PALMITATE	4	1990	Small molecule	0	1	0	1	0			0		CCCCCCCCCCCCCCCC(=O)OC[C@H](COP(=O)([O-])OCC[N+](C)(C)C)OC(=O)CCCCCCCCCCCCCCC			10.61	8	0	111.19	38			50	0	CCCCCCCCCCCCCCCC(=O)OC[C@H](COP(=O)([O-])OCC[N+](C)(C)C)OC(=O)CCCCCCCCCCCCCCC	ok
CHEMBL1200743	IOXAGLATE SODIUM	4	1985	Small molecule	0	1	0	0	0			0		CNC(=O)c1c(I)c(C(=O)NCC(=O)Nc2c(I)c(C(=O)[O-])c(I)c(C(=O)NCCO)c2I)c(I)c(N(C)C(C)=O)c1I.[Na+]												CNC(=O)c1c(I)c(C(=O)NCC(=O)Nc2c(I)c(C(=O)[O-])c(I)c(C(=O)NCCO)c2I)c(I)c(N(C)C(C)=O)c1I	ok
CHEMBL1200751	MERCAPTOPURINE	4	1953	Small molecule	1	0	0	0	0			0		O.S=c1[nH]cnc2nc[nH]c12			0.64	4	2	54.46	0			10	2	S=c1[nH]cnc2nc[nH]c12	ok
CHEMBL1200758	AMPICILLIN SODIUM	4	1971	Small molecule	0	1	0	1	0			0		CC1(C)S[C@@H]2[C@H](NC(=O)[C@H](N)c3ccccc3)C(=O)N2[C@H]1C(=O)[O-].[Na+]			0.32	5	3	112.73	4			24	1	CC1(C)S[C@@H]2[C@H](NC(=O)[C@H](N)c3ccccc3)C(=O)N2[C@H]1C(=O)[O-]	ok
CHEMBL1200760	BALSALAZIDE DISODIUM	4	2000	Small molecule	1	0	0	0	1			0		O=C([O-])CCNC(=O)c1ccc(/N=N/c2ccc(O)c(C(=O)[O-])c2)cc1.[Na+].[Na+]			2.71	6	4	148.65	7			26	2	O=C([O-])CCNC(=O)c1ccc(/N=N/c2ccc(O)c(C(=O)[O-])c2)cc1	ok
CHEMBL1200761	CHLOROTRIANISENE	4	1982	Small molecule	1	0	0	1	0			0		COc1ccc(C(Cl)=C(c2ccc(OC)cc2)c2ccc(OC)cc2)cc1			5.87	3	0	27.69	6			27	3	COc1ccc(C(Cl)=C(c2ccc(OC)cc2)c2ccc(OC)cc2)cc1	ok
CHEMBL1200762	BETAMETHASONE SODIUM PHOSPHATE	4	1965	Small molecule	0	1	0	0	1			0		C[C@H]1C[C@H]2[C@@H]3CCC4=CC(=O)C=C[C@]4(C)[C@@]3(F)[C@@H](O)C[C@]2(C)[C@@]1(O)C(=O)COP(=O)([O-])[O-].[Na+].[Na+]			2.01	6	4	141.36	4			32	0	C[C@H]1C[C@H]2[C@@H]3CCC4=CC(=O)C=C[C@]4(C)[C@@]3(F)[C@@H](O)C[C@]2(C)[C@@]1(O)C(=O)COP(=O)([O-])[O-]	ok
CHEMBL1200763	IODOHIPPURATE SODIUM I 131	4	1982	Small molecule	0	1	0	0	0			0		O=C([O-])CNC(=O)c1ccccc1[131I].[Na+]			1.11	2	2	66.4	3			14	1	O=C([O-])CNC(=O)c1ccccc1[131I]	ok
CHEMBL1200768	CEFTAZIDIME SODIUM	4	1989	Small molecule	0	1	0	1	0			0		CC(C)(O/N=C(\C(=O)N[C@@H]1C(=O)N2C(C(=O)[O-])=C(C[n+]3ccccc3)CS[C@H]12)c1csc(N)n1)C(=O)[O-].[Na+]			-1.3	11	3	191.22	9			37	2	CC(C)(O/N=C(\C(=O)N[C@@H]1C(=O)N2C(C(=O)[O-])=C(C[n+]3ccccc3)CS[C@H]12)c1csc(N)n1)C(=O)[O-]	ok
CHEMBL1200770	IOCETAMIC ACID	4	1982	Small molecule	1	0	0	1	0			0		CC(=O)N(CC(C)C(=O)O)c1c(I)cc(I)c(N)c1I			3.16	3	2	83.63	4			20	1	CC(=O)N(CC(C)C(=O)O)c1c(I)cc(I)c(N)c1I	ok
CHEMBL1200772	WARFARIN POTASSIUM	4	1982	Small molecule	1	0	0	0	0			0		CC(=O)CC(c1ccccc1)c1c([O-])c2ccccc2oc1=O.[K+]			3.61	4	1	67.51	4			23	3	CC(=O)CC(c1ccccc1)c1c([O-])c2ccccc2oc1=O	ok
CHEMBL1200774	FLUPREDNISOLONE	4	1982	Small molecule	1	0	0	0	0			0		C[C@]12C=CC(=O)C=C1[C@@H](F)C[C@@H]1[C@@H]2[C@@H](O)C[C@@]2(C)[C@H]1CC[C@]2(O)C(=O)CO			1.51	5	3	94.83	2			27	0	C[C@]12C=CC(=O)C=C1[C@@H](F)C[C@@H]1[C@@H]2[C@@H](O)C[C@@]2(C)[C@H]1CC[C@]2(O)C(=O)CO	ok
CHEMBL1200789	TRICLOFOS SODIUM	4	1982	Small molecule	1	0	0	0	0			0		O=P([O-])(O)OCC(Cl)(Cl)Cl.[Na+]			1.47	2	2	66.76	2			10	0	O=P([O-])(O)OCC(Cl)(Cl)Cl	ok
CHEMBL1200790	METHYPRYLON	4	1982	Small molecule	1	0	0	1	0			0		CCC1(CC)C(=O)NCC(C)C1=O			1.13	2	1	46.17	2			13	0	CCC1(CC)C(=O)NCC(C)C1=O	ok
CHEMBL1200799	TRAVOPROST	4	2001	Small molecule	0	0	1	0	1			0		CC(C)OC(=O)CCC/C=C\C[C@@H]1[C@@H](/C=C/[C@@H](O)COc2cccc(C(F)(F)F)c2)[C@H](O)C[C@@H]1O			4.43	6	3	96.22	12			35	1	CC(C)OC(=O)CCC/C=C\C[C@@H]1[C@@H](/C=C/[C@@H](O)COc2cccc(C(F)(F)F)c2)[C@H](O)C[C@@H]1O	ok
CHEMBL1200802	TALBUTAL	4	1982	Small molecule	1	0	0	1	0			0		C=CCC1(C(C)CC)C(=O)NC(=O)NC1=O			0.96	3	2	75.27	4			16	0	C=CCC1(C(C)CC)C(=O)NC(=O)NC1=O	ok
CHEMBL1200806	NAPROXEN SODIUM	4	1980	Small molecule	1	0	0	1	0			0		COc1ccc2cc([C@H](C)C(=O)[O-])ccc2c1.[Na+]			3.04	2	1	46.53	3			17	2	COc1ccc2cc([C@H](C)C(=O)[O-])ccc2c1	ok
CHEMBL1200807	NORELGESTROMIN	4	2001	Small molecule	0	0	1	1	0			0		C#C[C@]1(O)CC[C@H]2[C@@H]3CCC4=C/C(=N/O)CC[C@@H]4[C@H]3CC[C@@]21CC			4.14	3	2	52.82	1			24	0	C#C[C@]1(O)CC[C@H]2[C@@H]3CCC4=C/C(=N/O)CC[C@@H]4[C@H]3CC[C@@]21CC	ok
CHEMBL1200810	DOXERCALCIFEROL	4	1999	Small molecule	1	1	0	1	1			0		C=C1/C(=C\C=C2/CCC[C@]3(C)[C@@H]([C@H](C)/C=C/[C@H](C)C(C)C)CC[C@@H]23)C[C@@H](O)C[C@@H]1O			6.61	2	2	40.46	5			30	0	C=C1/C(=C\C=C2/CCC[C@]3(C)[C@@H]([C@H](C)/C=C/[C@H](C)C(C)C)CC[C@@H]23)C[C@@H](O)C[C@@H]1O	ok
CHEMBL1200814	ACETAZOLAMIDE SODIUM	4	1982	Small molecule	0	1	0	0	0			0		CC(=O)Nc1nnc(S([NH-])(=O)=O)s1.[Na+]			-0.86	6	2	115.04	2			13	1	CC(=O)Nc1nnc(S([NH-])(=O)=O)s1	ok
CHEMBL1200820	PIPERACILLIN SODIUM	4	1981	Small molecule	0	1	0	1	0			0		CCN1CCN(C(=O)N[C@@H](C(=O)N[C@@H]2C(=O)N3[C@@H]2SC(C)(C)[C@@H]3C(=O)[O-])c2ccccc2)C(=O)C1=O.[Na+]			-0.24	7	3	156.43	6			36	1	CCN1CCN(C(=O)N[C@@H](C(=O)N[C@@H]2C(=O)N3[C@@H]2SC(C)(C)[C@@H]3C(=O)[O-])c2ccccc2)C(=O)C1=O	ok
CHEMBL1200821	PROPYLIODONE	4	1982	Small molecule	0	1	0	1	0			0		CCCOC(=O)Cn1cc(I)c(=O)c(I)c1			2.01	4	0	48.3	4			16	1	CCCOC(=O)Cn1cc(I)c(=O)c(I)c1	ok
CHEMBL1200829	GLUCONOLACTONE	4	1990	Small molecule	0	0	0	1	0			0		O=C1O[C@H](CO)[C@@H](O)[C@H](O)[C@H]1O			-3.01	6	4	107.22	1			12	0	O=C1O[C@H](CO)[C@@H](O)[C@H](O)[C@H]1O	ok
CHEMBL1200845	HALCINONIDE	4	1974	Small molecule	0	0	1	0	0			0		CC1(C)O[C@@H]2C[C@H]3[C@@H]4CCC5=CC(=O)CC[C@]5(C)[C@@]4(F)[C@@H](O)C[C@]3(C)[C@]2(C(=O)CCl)O1			3.89	5	1	72.83	2			31	0	CC1(C)O[C@@H]2C[C@H]3[C@@H]4CCC5=CC(=O)CC[C@]5(C)[C@@]4(F)[C@@H](O)C[C@]3(C)[C@]2(C(=O)CCl)O1	ok
CHEMBL1200848	HYDROXYPROGESTERONE CAPROATE	4	1975	Small molecule	0	1	0	1	0			0		CCCCCC(=O)O[C@]1(C(C)=O)CC[C@H]2[C@@H]3CCC4=CC(=O)CC[C@]4(C)[C@H]3CC[C@@]21C			5.97	4	0	60.44	6			31	0	CCCCCC(=O)O[C@]1(C(C)=O)CC[C@H]2[C@@H]3CCC4=CC(=O)CC[C@]4(C)[C@H]3CC[C@@]21C	ok
CHEMBL1200850	GANCICLOVIR SODIUM	4	1989	Small molecule	0	1	0	1	1			0		Nc1nc([O-])c2ncn(COC(CO)CO)c2n1.[Na+]			-1.97	8	4	139.28	5			18	2	Nc1nc([O-])c2ncn(COC(CO)CO)c2n1	ok
CHEMBL1200852	PENICILLIN V POTASSIUM	4	1958	Small molecule	1	0	0	1	0			0		CC1(C)S[C@@H]2[C@H](NC(=O)COc3ccccc3)C(=O)N2[C@H]1C(=O)[O-].[K+]			0.7	5	2	95.94	5			24	1	CC1(C)S[C@@H]2[C@H](NC(=O)COc3ccccc3)C(=O)N2[C@H]1C(=O)[O-]	ok
CHEMBL1200853	DYDROGESTERONE	4	1982	Small molecule	1	0	0	1	0			0		CC(=O)[C@H]1CC[C@H]2[C@@H]3C=CC4=CC(=O)CC[C@@]4(C)[C@@H]3CC[C@]12C			4.5	2	0	34.14	1			23	0	CC(=O)[C@H]1CC[C@H]2[C@@H]3C=CC4=CC(=O)CC[C@@]4(C)[C@@H]3CC[C@]12C	ok
CHEMBL1200854	FLUPHENAZINE DECANOATE	4	1972	Small molecule	0	1	0	0	1			0		CCCCCCCCCC(=O)OCCN1CCN(CCCN2c3ccccc3Sc3ccc(C(F)(F)F)cc32)CC1			8	6	0	36.02	15			41	2	CCCCCCCCCC(=O)OCCN1CCN(CCCN2c3ccccc3Sc3ccc(C(F)(F)F)cc32)CC1	ok
CHEMBL1200855	TICARCILLIN DISODIUM	4	1976	Small molecule	0	1	0	1	0			0		CC1(C)S[C@@H]2[C@H](NC(=O)[C@H](C(=O)[O-])c3ccsc3)C(=O)N2[C@H]1C(=O)[O-].[Na+].[Na+]			0.55	6	3	124.01	5			25	1	CC1(C)S[C@@H]2[C@H](NC(=O)[C@H](C(=O)[O-])c3ccsc3)C(=O)N2[C@H]1C(=O)[O-]	ok
CHEMBL1200859	ISOSULFAN BLUE	4	1981	Small molecule	0	1	0	0	0			0		CCN(CC)c1ccc(C(=C2C=CC(=[N+](CC)CC)C=C2)c2cc(S(=O)(=O)[O-])ccc2S(=O)(=O)[O-])cc1.[Na+]			4.1	6	1	117.82	9			37	2	CCN(CC)c1ccc(C(=C2C=CC(=[N+](CC)CC)C=C2)c2cc(S(=O)(=O)[O-])ccc2S(=O)(=O)[O-])cc1	ok
CHEMBL1200862	METYROSINE	4	1979	Small molecule	1	0	0	1	0			0		C[C@](N)(Cc1ccc(O)cc1)C(=O)O			0.74	3	3	83.55	3			14	1	C[C@](N)(Cc1ccc(O)cc1)C(=O)O	ok
CHEMBL1200865	LOTEPREDNOL ETABONATE	4	1998	Small molecule	0	0	1	1	0			0		CCOC(=O)O[C@]1(C(=O)OCCl)CC[C@H]2[C@@H]3CCC4=CC(=O)C=C[C@]4(C)[C@H]3[C@@H](O)C[C@@]21C			3.92	7	1	99.13	4			32	0	CCOC(=O)O[C@]1(C(=O)OCCl)CC[C@H]2[C@@H]3CCC4=CC(=O)C=C[C@]4(C)[C@H]3[C@@H](O)C[C@@]21C	ok
CHEMBL1200866	PERFLUBRON	4	1993	Small molecule	1	0	0	0	0			0		FC(F)(F)C(F)(F)C(F)(F)C(F)(F)C(F)(F)C(F)(F)C(F)(F)C(F)(F)Br			6.35	0	0	0	6			26	0	FC(F)(F)C(F)(F)C(F)(F)C(F)(F)C(F)(F)C(F)(F)C(F)(F)C(F)(F)Br	ok
CHEMBL1200868	PHENYL AMINOSALICYLATE	4	1982	Small molecule	1	0	0	1	0			0		Nc1ccc(C(=O)Oc2ccccc2)c(O)c1			2.19	4	2	72.55	2			17	2	Nc1ccc(C(=O)Oc2ccccc2)c(O)c1	ok
CHEMBL1200874	TOLBUTAMIDE SODIUM	4	1961	Small molecule	0	1	0	0	0			0		CCCCNC(=O)[N-]S(=O)(=O)c1ccc(C)cc1.[Na+]			1.78	3	2	75.27	5			18	1	CCCCNC(=O)[N-]S(=O)(=O)c1ccc(C)cc1	ok
CHEMBL1200877	FLUMETHASONE PIVALATE	4	1982	Small molecule	0	0	1	0	0			0		C[C@@H]1C[C@H]2[C@@H]3C[C@H](F)C4=CC(=O)C=C[C@]4(C)[C@@]3(F)[C@@H](O)C[C@]2(C)[C@@]1(O)C(=O)COC(=O)C(C)(C)C			3.44	6	2	100.9	3			35	0	C[C@@H]1C[C@H]2[C@@H]3C[C@H](F)C4=CC(=O)C=C[C@]4(C)[C@@]3(F)[C@@H](O)C[C@]2(C)[C@@]1(O)C(=O)COC(=O)C(C)(C)C	ok
CHEMBL1200878	TRIAMCINOLONE HEXACETONIDE	4	1969	Small molecule	0	1	0	0	1			0		CC(C)(C)CC(=O)OCC(=O)[C@@]12OC(C)(C)O[C@@H]1C[C@H]1[C@@H]3CCC4=CC(=O)C=C[C@]4(C)[C@@]3(F)[C@@H](O)C[C@@]12C			4.41	7	1	99.13	4			38	0	CC(C)(C)CC(=O)OCC(=O)[C@@]12OC(C)(C)O[C@@H]1C[C@H]1[C@@H]3CCC4=CC(=O)C=C[C@]4(C)[C@@]3(F)[C@@H](O)C[C@@]12C	ok
CHEMBL1200899	TYROPANOATE SODIUM	4	1969	Small molecule	1	0	0	0	0			0		CCCC(=O)Nc1c(I)cc(I)c(CC(CC)C(=O)[O-])c1I.[Na+]			4.89	2	2	66.4	7			22	1	CCCC(=O)Nc1c(I)cc(I)c(CC(CC)C(=O)[O-])c1I	ok
CHEMBL1200903	SECOBARBITAL SODIUM	4	1950	Small molecule	1	1	1	0	0			0		C=CCC1(C(C)CCC)C(=O)[N-]C(=O)NC1=O.[Na+]			1.35	3	2	75.27	5			17	0	C=CCC1(C(C)CCC)C(=O)[N-]C(=O)NC1=O	ok
CHEMBL1200907	TRILOSTANE	4	1984	Small molecule	1	0	0	1	0			1		C[C@]12CC[C@H]3[C@@H](CC[C@@]45O[C@@H]4C(O)=C(C#N)C[C@]35C)[C@@H]1CC[C@@H]2O			3.47	4	2	76.78	0			24	0	C[C@]12CC[C@H]3[C@@H](CC[C@@]45O[C@@H]4C(O)=C(C#N)C[C@]35C)[C@@H]1CC[C@@H]2O	ok
CHEMBL1200908	HALOBETASOL PROPIONATE	4	1990	Small molecule	0	0	1	0	0			0		CCC(=O)O[C@]1(C(=O)CCl)[C@@H](C)C[C@H]2[C@@H]3C[C@H](F)C4=CC(=O)C=C[C@]4(C)[C@@]3(F)[C@@H](O)C[C@@]21C			4.05	5	1	80.67	4			33	0	CCC(=O)O[C@]1(C(=O)CCl)[C@@H](C)C[C@H]2[C@@H]3C[C@H](F)C4=CC(=O)C=C[C@]4(C)[C@@]3(F)[C@@H](O)C[C@@]21C	ok
CHEMBL1200909	PREDNISOLONE TEBUTATE	4	1956	Small molecule	0	1	0	1	0			0		CC(C)(C)CC(=O)OCC(=O)[C@@]1(O)CC[C@H]2[C@@H]3CCC4=CC(=O)C=C[C@]4(C)[C@H]3[C@@H](O)C[C@@]21C			3.54	6	2	100.9	4			33	0	CC(C)(C)CC(=O)OCC(=O)[C@@]1(O)CC[C@H]2[C@@H]3CCC4=CC(=O)C=C[C@]4(C)[C@H]3[C@@H](O)C[C@@]21C	ok
CHEMBL1200910	SULFISOXAZOLE ACETYL	4	1953	Small molecule	1	0	0	1	1			0		CC(=O)N(c1onc(C)c1C)S(=O)(=O)c1ccc(N)cc1			1.62	6	1	106.5	3			21	2	CC(=O)N(c1onc(C)c1C)S(=O)(=O)c1ccc(N)cc1	ok
CHEMBL1200922	MEBUTAMATE	4	1982	Small molecule	1	0	0	1	0			0		CCC(C)C(C)(COC(N)=O)COC(N)=O			1.23	4	2	104.64	6			16	0	CCC(C)C(C)(COC(N)=O)COC(N)=O	ok
CHEMBL1200930	RABEPRAZOLE SODIUM	4	1999	Small molecule	1	0	0	0	0			0		COCCCOc1ccnc(C[S+]([O-])c2nc3ccccc3[n-]2)c1C.[Na+]			2.99	5	1	83.09	8			25	3	COCCCOc1ccnc(C[S+]([O-])c2nc3ccccc3[n-]2)c1C	ok
CHEMBL1200932	IOPAMIDOL	4	1985	Small molecule	0	1	0	1	0			0		C[C@H](O)C(=O)Nc1c(I)c(C(=O)NC(CO)CO)c(I)c(C(=O)NC(CO)CO)c1I			-1.01	8	8	188.45	10			31	1	C[C@H](O)C(=O)Nc1c(I)c(C(=O)NC(CO)CO)c(I)c(C(=O)NC(CO)CO)c1I	ok
CHEMBL1200934	NORGESTIMATE	4	1989	Small molecule	1	0	0	1	1			0		C#C[C@]1(OC(C)=O)CC[C@H]2[C@@H]3CCC4=C/C(=N/O)CC[C@@H]4[C@H]3CC[C@@]21CC			4.71	4	1	58.89	2			27	0	C#C[C@]1(OC(C)=O)CC[C@H]2[C@@H]3CCC4=C/C(=N/O)CC[C@@H]4[C@H]3CC[C@@]21CC	ok
CHEMBL1200937	DALFOPRISTIN	4	1999	Small molecule	0	1	0	1	0			0		CCN(CC)CCS(=O)(=O)[C@@H]1CCN2C(=O)c3coc(n3)CC(=O)C[C@H](O)/C=C(C)/C=C/CNC(=O)/C=C/[C@@H](C)[C@@H](C(C)C)OC(=O)[C@@H]12			2.27	11	2	176.42	7			48	1	CCN(CC)CCS(=O)(=O)[C@@H]1CCN2C(=O)c3coc(n3)CC(=O)C[C@H](O)/C=C(C)/C=C/CNC(=O)/C=C/[C@@H](C)[C@@H](C(C)C)OC(=O)[C@@H]12	ok
CHEMBL1200939	AMMONIUM CHLORIDE	4	1982	Small molecule	0	1	0	0	0			0		Cl.N												Cl	ok
CHEMBL1200944	SULBACTAM SODIUM	4	1986	Small molecule	0	1	0	1	0			0		CC1(C)[C@H](C(=O)[O-])N2C(=O)C[C@H]2S1(=O)=O.[Na+]			-0.79	4	1	91.75	1			15	0	CC1(C)[C@H](C(=O)[O-])N2C(=O)C[C@H]2S1(=O)=O	ok
CHEMBL1200946	NANDROLONE DECANOATE	4	1983	Small molecule	0	1	0	1	1			0		CCCCCCCCCC(=O)O[C@H]1CC[C@H]2[C@@H]3CCC4=CC(=O)CC[C@@H]4[C@H]3CC[C@]12C			7.18	3	0	43.37	9			31	0	CCCCCCCCCC(=O)O[C@H]1CC[C@H]2[C@@H]3CCC4=CC(=O)CC[C@@H]4[C@H]3CC[C@]12C	ok
CHEMBL1200951	FLUPHENAZINE ENANTHATE	4	1967	Small molecule	0	1	0	0	1			0		CCCCCCC(=O)OCCN1CCN(CCCN2c3ccccc3Sc3ccc(C(F)(F)F)cc32)CC1			6.83	6	0	36.02	12			38	2	CCCCCCC(=O)OCCN1CCN(CCCN2c3ccccc3Sc3ccc(C(F)(F)F)cc32)CC1	ok
CHEMBL1200953	HYDROCORTISONE PROBUTATE	4	1997	Small molecule	0	0	1	1	1			0		CCCC(=O)O[C@]1(C(=O)COC(=O)CC)CC[C@H]2[C@@H]3CCC4=CC(=O)CC[C@]4(C)[C@H]3[C@@H](O)C[C@@]21C			4.09	7	1	106.97	7			35	0	CCCC(=O)O[C@]1(C(=O)COC(=O)CC)CC[C@H]2[C@@H]3CCC4=CC(=O)CC[C@]4(C)[C@H]3[C@@H](O)C[C@@]21C	ok
CHEMBL1200959	METHDILAZINE	4	1982	Small molecule	1	0	0	1	0			0		CN1CCC(CN2c3ccccc3Sc3ccccc32)C1			4.24	3	0	6.48	2			21	2	CN1CCC(CN2c3ccccc3Sc3ccccc32)C1	ok
CHEMBL1200962	CEFEPIME HYDROCHLORIDE	4	1996	Small molecule	0	1	0	1	0			0		CO/N=C(\C(=O)N[C@@H]1C(=O)N2C(C(=O)O)=C(C[N+]3(C)CCCC3)CS[C@H]12)c1csc(N)n1.Cl.O.[Cl-]			-1.28	10	2	150.04	7			32	1	CO/N=C(\C(=O)N[C@@H]1C(=O)N2C(C(=O)O)=C(C[N+]3(C)CCCC3)CS[C@H]12)c1csc(N)n1	ok
CHEMBL1200963	BIMATOPROST	4	2001	Small molecule	0	0	1	1	0			0		CCNC(=O)CCC/C=C\C[C@@H]1[C@@H](/C=C/[C@@H](O)CCc2ccccc2)[C@H](O)C[C@@H]1O			3.15	4	4	89.79	12			30	1	CCNC(=O)CCC/C=C\C[C@@H]1[C@@H](/C=C/[C@@H](O)CCc2ccccc2)[C@H](O)C[C@@H]1O	ok
CHEMBL1200968	HYDROCORTISONE SODIUM PHOSPHATE	4	1960	Small molecule	0	1	0	1	1			0		C[C@]12CCC(=O)C=C1CC[C@@H]1[C@@H]2[C@@H](O)C[C@@]2(C)[C@H]1CC[C@]2(O)C(=O)COP(=O)([O-])[O-].[Na+].[Na+]			1.9	6	4	141.36	4			30	0	C[C@]12CCC(=O)C=C1CC[C@@H]1[C@@H]2[C@@H](O)C[C@@]2(C)[C@H]1CC[C@]2(O)C(=O)COP(=O)([O-])[O-]	ok
CHEMBL1200969	DUTASTERIDE	4	2001	Small molecule	1	0	0	0	0			0		C[C@]12C=CC(=O)N[C@@H]1CC[C@@H]1[C@@H]2CC[C@]2(C)[C@@H](C(=O)Nc3cc(C(F)(F)F)ccc3C(F)(F)F)CC[C@@H]12			6.58	2	2	58.2	2			37	1	C[C@]12C=CC(=O)N[C@@H]1CC[C@@H]1[C@@H]2CC[C@]2(C)[C@@H](C(=O)Nc3cc(C(F)(F)F)ccc3C(F)(F)F)CC[C@@H]12	ok
CHEMBL1200971	CEPHALOGLYCIN	4	1970	Small molecule	1	0	0	1	0			0		CC(=O)OCC1=C(C(=O)O)N2C(=O)[C@@H](NC(=O)[C@H](N)c3ccccc3)[C@H]2SC1			-0.01	7	3	139.03	6			28	1	CC(=O)OCC1=C(C(=O)O)N2C(=O)[C@@H](NC(=O)[C@H](N)c3ccccc3)[C@H]2SC1	ok
CHEMBL1200973	ESTRADIOL CYPIONATE	4	1979	Small molecule	0	1	0	1	1			0		C[C@]12CC[C@@H]3c4ccc(O)cc4CC[C@H]3[C@@H]1CC[C@@H]2OC(=O)CCC1CCCC1			6.13	3	1	46.53	4			29	1	C[C@]12CC[C@@H]3c4ccc(O)cc4CC[C@H]3[C@@H]1CC[C@@H]2OC(=O)CCC1CCCC1	ok
CHEMBL1200975	CLOCORTOLONE PIVALATE	4	1977	Small molecule	0	0	1	0	0			0		C[C@@H]1C[C@H]2[C@@H]3C[C@H](F)C4=CC(=O)C=C[C@]4(C)[C@@]3(Cl)[C@@H](O)C[C@]2(C)[C@H]1C(=O)COC(=O)C(C)(C)C			4.6	5	1	80.67	3			34	0	C[C@@H]1C[C@H]2[C@@H]3C[C@H](F)C4=CC(=O)C=C[C@]4(C)[C@@]3(Cl)[C@@H](O)C[C@]2(C)[C@H]1C(=O)COC(=O)C(C)(C)C	ok
CHEMBL1200979	DEXPANTHENOL	4	1985	Small molecule	0	1	0	1	0			0		CC(C)(CO)[C@@H](O)C(=O)NCCCO			-1.14	4	4	89.79	6			14	0	CC(C)(CO)[C@@H](O)C(=O)NCCCO	ok
CHEMBL1200982	BUTABARBITAL SODIUM	4	1939	Small molecule	1	0	0	0	0			0		CCC(C)C1(CC)C(=O)[N-]C(=O)NC1=O.[Na+]			0.79	3	2	75.27	3			15	0	CCC(C)C1(CC)C(=O)[N-]C(=O)NC1=O	ok
CHEMBL1200986	HALOPERIDOL DECANOATE	4	1986	Small molecule	0	1	0	0	1			0		CCCCCCCCCC(=O)OC1(c2ccc(Cl)cc2)CCN(CCCC(=O)c2ccc(F)cc2)CC1			8.12	4	0	46.61	15			37	2	CCCCCCCCCC(=O)OC1(c2ccc(Cl)cc2)CCN(CCCC(=O)c2ccc(F)cc2)CC1	ok
CHEMBL1200989	ALCLOMETASONE DIPROPIONATE	4	1982	Small molecule	0	0	1	1	0			0		CCC(=O)OCC(=O)[C@@]1(OC(=O)CC)[C@H](C)C[C@H]2[C@H]3[C@H]([C@@H](O)C[C@@]21C)[C@@]1(C)C=CC(=O)C=C1C[C@H]3Cl			3.94	7	1	106.97	6			36	0	CCC(=O)OCC(=O)[C@@]1(OC(=O)CC)[C@H](C)C[C@H]2[C@H]3[C@H]([C@@H](O)C[C@@]21C)[C@@]1(C)C=CC(=O)C=C1C[C@H]3Cl	ok
CHEMBL1200991	CARBENICILLIN INDANYL SODIUM	4	1972	Small molecule	1	0	0	1	1			0		CC1(C)S[C@@H]2[C@H](NC(=O)C(C(=O)Oc3ccc4c(c3)CCC4)c3ccccc3)C(=O)N2[C@H]1C(=O)[O-].[Na+]			2.5	6	2	113.01	6			35	2	CC1(C)S[C@@H]2[C@H](NC(=O)C(C(=O)Oc3ccc4c(c3)CCC4)c3ccccc3)C(=O)N2[C@H]1C(=O)[O-]	ok
CHEMBL1201	THIOTHIXENE	4	1967	Small molecule	1	1	0	1	0			0		CN1CCN(CC/C=C2/c3ccccc3Sc3ccc(S(=O)(=O)N(C)C)cc32)CC1			3.47	5	0	43.86	5			30	2	CN1CCN(CC/C=C2/c3ccccc3Sc3ccc(S(=O)(=O)N(C)C)cc32)CC1	ok
CHEMBL1201000	NITROFURANTOIN SODIUM	4	1960	Small molecule	0	1	0	0	0			0		O=C1CN(/N=C/c2ccc([N+](=O)[O-])o2)C(=O)[N-]1.[Na+]			0.07	6	1	118.05	3			17	1	O=C1CN(/N=C/c2ccc([N+](=O)[O-])o2)C(=O)[N-]1	ok
CHEMBL1201005	CEFONICID SODIUM	4	1984	Small molecule	0	1	0	1	0			0		O=C([O-])C1=C(CSc2nnnn2CS(=O)(=O)[O-])CS[C@@H]2[C@H](NC(=O)[C@H](O)c3ccccc3)C(=O)N12.[Na+].[Na+]			-0.92	12	4	204.91	9			35	2	O=C([O-])C1=C(CSc2nnnn2CS(=O)(=O)[O-])CS[C@@H]2[C@H](NC(=O)[C@H](O)c3ccccc3)C(=O)N12	ok
CHEMBL1201010	FLUDROCORTISONE ACETATE	4	1955	Small molecule	1	0	0	0	1			0		CC(=O)OCC(=O)[C@@]1(O)CC[C@H]2[C@@H]3CCC4=CC(=O)CC[C@]4(C)[C@@]3(F)[C@@H](O)C[C@@]21C			2.44	6	2	100.9	3			30	0	CC(=O)OCC(=O)[C@@]1(O)CC[C@H]2[C@@H]3CCC4=CC(=O)CC[C@]4(C)[C@@]3(F)[C@@H](O)C[C@@]21C	ok
CHEMBL1201012	FLURANDRENOLIDE	4	1965	Small molecule	0	0	1	0	0			0		CC1(C)O[C@@H]2C[C@H]3[C@@H]4C[C@H](F)C5=CC(=O)CC[C@]5(C)[C@H]4[C@@H](O)C[C@]3(C)[C@]2(C(=O)CO)O1			2.5	6	2	93.06	2			31	0	CC1(C)O[C@@H]2C[C@H]3[C@@H]4C[C@H](F)C5=CC(=O)CC[C@]5(C)[C@H]4[C@@H](O)C[C@]3(C)[C@]2(C(=O)CO)O1	ok
CHEMBL1201013	OLSALAZINE SODIUM	4	1990	Small molecule	1	0	0	0	1			0		O=C([O-])c1cc(/N=N/c2ccc(O)c(C(=O)[O-])c2)ccc1O.[Na+].[Na+]			2.91	6	4	139.78	4			22	2	O=C([O-])c1cc(/N=N/c2ccc(O)c(C(=O)[O-])c2)ccc1O	ok
CHEMBL1201014	PREDNISOLONE SODIUM PHOSPHATE	4	1973	Small molecule	1	1	1	1	0			0		C[C@]12C=CC(=O)C=C1CC[C@@H]1[C@@H]2[C@@H](O)C[C@@]2(C)[C@H]1CC[C@]2(O)C(=O)COP(=O)([O-])[O-].[Na+].[Na+]			1.67	6	4	141.36	4			30	0	C[C@]12C=CC(=O)C=C1CC[C@@H]1[C@@H]2[C@@H](O)C[C@@]2(C)[C@H]1CC[C@]2(O)C(=O)COP(=O)([O-])[O-]	ok
CHEMBL1201016	CEFPODOXIME PROXETIL	4	1992	Small molecule	1	0	0	1	1			0		COCC1=C(C(=O)OC(C)OC(=O)OC(C)C)N2C(=O)[C@@H](NC(=O)/C(=N\OC)c3csc(N)n3)[C@H]2SC1			0.83	14	2	180.97	10			37	1	COCC1=C(C(=O)OC(C)OC(=O)OC(C)C)N2C(=O)[C@@H](NC(=O)/C(=N\OC)c3csc(N)n3)[C@H]2SC1	ok
CHEMBL1201019	CEFTIZOXIME SODIUM	4	1983	Small molecule	0	1	0	1	0			0		CO/N=C(\C(=O)N[C@@H]1C(=O)N2C(C(=O)[O-])=CCS[C@H]12)c1csc(N)n1.[Na+]			-0.56	9	3	147.21	5			25	1	CO/N=C(\C(=O)N[C@@H]1C(=O)N2C(C(=O)[O-])=CCS[C@H]12)c1csc(N)n1	ok
CHEMBL1201033	IPODATE SODIUM	4	1962	Small molecule	1	0	0	0	0			0		CN(C)/C=N/c1c(I)cc(I)c(CCC(=O)[O-])c1I.[Na+]			3.74	2	1	52.9	5			19	1	CN(C)/C=N/c1c(I)cc(I)c(CCC(=O)[O-])c1I	ok
CHEMBL1201038	ACRISORCIN	4	1982	Small molecule	0	0	1	0	0			0		CCCCCCc1ccc(O)cc1O.Nc1c2ccccc2nc2ccccc12												Nc1c2ccccc2nc2ccccc12	ok
CHEMBL1201039	BENZTHIAZIDE	4	1960	Small molecule	1	0	0	1	0			0		NS(=O)(=O)c1cc2c(cc1Cl)N=C(CSCc1ccccc1)NS2(=O)=O			2.24	6	2	118.69	5			26	2	NS(=O)(=O)c1cc2c(cc1Cl)N=C(CSCc1ccccc1)NS2(=O)=O	ok
CHEMBL1201041	AZLOCILLIN SODIUM	4	1982	Small molecule	0	1	0	1	0			0		CC1(C)S[C@@H]2[C@H](NC(=O)[C@H](NC(=O)N3CCNC3=O)c3ccccc3)C(=O)N2[C@H]1C(=O)[O-].[Na+]			0.09	6	4	148.15	5			32	1	CC1(C)S[C@@H]2[C@H](NC(=O)[C@H](NC(=O)N3CCNC3=O)c3ccccc3)C(=O)N2[C@H]1C(=O)[O-]	ok
CHEMBL1201042	ETIDRONATE DISODIUM	4	1977	Small molecule	1	1	0	0	0			0		CC(O)(P(=O)([O-])O)P(=O)([O-])O.[Na+].[Na+]			-0.99	3	5	135.29	2			11	0	CC(O)(P(=O)([O-])O)P(=O)([O-])O	ok
CHEMBL1201043	CEPHAPIRIN SODIUM	4	1974	Small molecule	0	1	0	1	0			0		CC(=O)OCC1=C(C(=O)[O-])N2C(=O)[C@@H](NC(=O)CSc3ccncc3)[C@H]2SC1.[Na+]			0.48	8	2	125.9	7			28	1	CC(=O)OCC1=C(C(=O)[O-])N2C(=O)[C@@H](NC(=O)CSc3ccncc3)[C@H]2SC1	ok
CHEMBL1201045	ACETRIZOATE SODIUM	4	1982	Small molecule	0	0	1	0	0			0		CC(=O)Nc1c(I)cc(I)c(C(=O)[O-])c1I.O.[Na+]			3.16	2	2	66.4	2			16	1	CC(=O)Nc1c(I)cc(I)c(C(=O)[O-])c1I	ok
CHEMBL1201046	CEFORANIDE	4	1984	Small molecule	0	1	0	1	0			0		NCc1ccccc1CC(=O)N[C@@H]1C(=O)N2C(C(=O)O)=C(CSc3nnnn3CC(=O)O)CS[C@H]12			-0.71	11	4	193.63	10			35	2	NCc1ccccc1CC(=O)N[C@@H]1C(=O)N2C(C(=O)O)=C(CSc3nnnn3CC(=O)O)CS[C@H]12	ok
CHEMBL1201048	DROMOSTANOLONE PROPIONATE	4	1982	Small molecule	0	1	0	1	1			0		CCC(=O)O[C@H]1CC[C@H]2[C@@H]3CC[C@H]4CC(=O)[C@H](C)C[C@]4(C)[C@H]3CC[C@]12C			5.17	3	0	43.37	2			26	0	CCC(=O)O[C@H]1CC[C@H]2[C@@H]3CC[C@H]4CC(=O)[C@H](C)C[C@]4(C)[C@H]3CC[C@]12C	ok
CHEMBL1201050	PEMIROLAST POTASSIUM	4	1999	Small molecule	0	0	1	0	0			0		Cc1cccn2c(=O)c(-c3nnn[n-]3)cnc12.[K+]			0.18	6	1	88.83	1			17	3	Cc1cccn2c(=O)c(-c3nnn[n-]3)cnc12	ok
CHEMBL1201054	SELENOMETHIONINE SE 75	4	1973	Small molecule	0	1	0	0	0			0		C[75Se]CC[C@H](N)C(=O)O												C[75Se]CC[C@H](N)C(=O)O	ok
CHEMBL1201056	SULFACYTINE	4	1975	Small molecule	1	0	0	1	0			0		CCn1ccc(NS(=O)(=O)c2ccc(N)cc2)nc1=O			0.65	6	2	107.08	4			20	2	CCn1ccc(NS(=O)(=O)c2ccc(N)cc2)nc1=O	ok
CHEMBL1201057	CILASTATIN SODIUM	4	1985	Small molecule	0	1	0	0	0			0		CC1(C)C[C@@H]1C(=O)N/C(=C\CCCCSC[C@H](N)C(=O)O)C(=O)[O-].[Na+]			1.43	5	4	129.72	11			24	0	CC1(C)C[C@@H]1C(=O)N/C(=C\CCCCSC[C@H](N)C(=O)O)C(=O)[O-]	ok
CHEMBL1201064	FLUOROMETHOLONE ACETATE	4	1986	Small molecule	0	0	1	0	0			0		CC(=O)O[C@]1(C(C)=O)CC[C@H]2[C@@H]3C[C@H](C)C4=CC(=O)C=C[C@]4(C)[C@@]3(F)[C@@H](O)C[C@@]21C			3.49	5	1	80.67	2			30	0	CC(=O)O[C@]1(C(C)=O)CC[C@H]2[C@@H]3C[C@H](C)C4=CC(=O)C=C[C@]4(C)[C@@]3(F)[C@@H](O)C[C@@]21C	ok
CHEMBL1201065	THIAMYLAL SODIUM	4	1982	Small molecule	0	1	0	0	0			0		C=CCC1(C(C)CCC)C(=O)[N-]C(=S)NC1=O.[Na+]			1.52	3	2	58.2	5			17	0	C=CCC1(C(C)CCC)C(=O)[N-]C(=S)NC1=O	ok
CHEMBL1201073	SUCCIMER	4	1991	Small molecule	1	0	0	1	0			0		O=C(O)[C@@H](S)[C@@H](S)C(=O)O			-0.25	4	4	74.6	3			10	0	O=C(O)[C@@H](S)[C@@H](S)C(=O)O	ok
CHEMBL1201075	IOXILAN	4	1995	Small molecule	0	1	0	1	0			0		CC(=O)N(CC(O)CO)c1c(I)c(C(=O)NCCO)c(I)c(C(=O)NCC(O)CO)c1I			-0.99	8	7	179.66	11			32	1	CC(=O)N(CC(O)CO)c1c(I)c(C(=O)NCCO)c(I)c(C(=O)NCC(O)CO)c1I	ok
CHEMBL1201081	METHYLPREDNISOLONE SODIUM SUCCINATE	4	1959	Small molecule	0	1	0	1	1			0		C[C@H]1C[C@@H]2[C@H]([C@@H](O)C[C@@]3(C)[C@H]2CC[C@]3(O)C(=O)COC(=O)CCC(=O)[O-])[C@@]2(C)C=CC(=O)C=C12.[Na+]			2.22	7	3	138.2	6			34	0	C[C@H]1C[C@@H]2[C@H]([C@@H](O)C[C@@]3(C)[C@H]2CC[C@]3(O)C(=O)COC(=O)CCC(=O)[O-])[C@@]2(C)C=CC(=O)C=C12	ok
CHEMBL1201087	CABERGOLINE	4	1996	Small molecule	1	0	0	1	0			1		C=CCN1C[C@H](C(=O)N(CCCN(C)C)C(=O)NCC)C[C@@H]2c3cccc4[nH]cc(c34)C[C@H]21			3.19	4	2	71.68	8			33	2	C=CCN1C[C@H](C(=O)N(CCCN(C)C)C(=O)NCC)C[C@@H]2c3cccc4[nH]cc(c34)C[C@H]21	ok
CHEMBL1201098	CEFOTETAN DISODIUM	4	1985	Small molecule	0	1	0	1	0			0		CO[C@@]1(NC(=O)C2SC(=C(C(N)=O)C(=O)[O-])S2)C(=O)N2C(C(=O)[O-])=C(CSc3nnnn3C)CS[C@@H]21.[Na+].[Na+]			-1.4	14	4	219.93	9			36	1	CO[C@@]1(NC(=O)C2SC(=C(C(N)=O)C(=O)[O-])S2)C(=O)N2C(C(=O)[O-])=C(CSc3nnnn3C)CS[C@@H]21	ok
CHEMBL1201101	TESTOSTERONE CYPIONATE	4	1978	Small molecule	0	1	0	1	1			0		C[C@]12CC[C@H]3[C@@H](CCC4=CC(=O)CC[C@@]43C)[C@@H]1CC[C@@H]2OC(=O)CCC1CCCC1			6.4	3	0	43.37	4			30	0	C[C@]12CC[C@H]3[C@@H](CCC4=CC(=O)CC[C@@]43C)[C@@H]1CC[C@@H]2OC(=O)CCC1CCCC1	ok
CHEMBL1201104	METHENAMINE HIPPURATE	4	1967	Small molecule	1	0	0	0	0			0		C1N2CN3CN1CN(C2)C3.O=C(O)CNC(=O)c1ccccc1			-1.02	4	0	12.96	0			10	0	O=C(O)CNC(=O)c1ccccc1	ok
CHEMBL1201109	DESONIDE	4	1972	Small molecule	0	0	1	1	0			0		CC1(C)O[C@@H]2C[C@H]3[C@@H]4CCC5=CC(=O)C=C[C@]5(C)[C@H]4[C@@H](O)C[C@]3(C)[C@]2(C(=O)CO)O1			2.33	6	2	93.06	2			30	0	CC1(C)O[C@@H]2C[C@H]3[C@@H]4CCC5=CC(=O)C=C[C@]5(C)[C@H]4[C@@H](O)C[C@]3(C)[C@]2(C(=O)CO)O1	ok
CHEMBL1201112	NELARABINE	4	2005	Small molecule	0	1	0	1	1			0		COc1nc(N)nc2c1ncn2[C@@H]1O[C@H](CO)[C@@H](O)[C@@H]1O			-1.97	10	4	148.77	3			21	2	COc1nc(N)nc2c1ncn2[C@@H]1O[C@H](CO)[C@@H](O)[C@@H]1O	ok
CHEMBL1201116	HETACILLIN	4	1982	Small molecule	1	0	0	1	1			0		CC1(C)S[C@@H]2[C@H](N3C(=O)[C@@H](c4ccccc4)NC3(C)C)C(=O)N2[C@H]1C(=O)O			1.41	5	2	89.95	3			27	1	CC1(C)S[C@@H]2[C@H](N3C(=O)[C@@H](c4ccccc4)NC3(C)C)C(=O)N2[C@H]1C(=O)O	ok
CHEMBL1201117	METHOCARBAMOL	4	1957	Small molecule	1	1	0	1	0			0		COc1ccccc1OCC(O)COC(N)=O			0.53	5	2	91.01	6			17	1	COc1ccccc1OCC(O)COC(N)=O	ok
CHEMBL1201118	CEFMETAZOLE SODIUM	4	1989	Small molecule	0	1	0	1	0			0		CO[C@@]1(NC(=O)CSCC#N)C(=O)N2C(C(=O)[O-])=C(CSc3nnnn3C)CS[C@@H]21.[Na+]			-0.73	12	2	163.33	9			30	1	CO[C@@]1(NC(=O)CSCC#N)C(=O)N2C(C(=O)[O-])=C(CSc3nnnn3C)CS[C@@H]21	ok
CHEMBL1201119	LIOTHYRONINE SODIUM	4	1956	Small molecule	1	1	0	1	0			0		N[C@@H](Cc1cc(I)c(Oc2ccc(O)c(I)c2)c(I)c1)C(=O)[O-].[Na+]			3.95	4	3	92.78	5			23	2	N[C@@H](Cc1cc(I)c(Oc2ccc(O)c(I)c2)c(I)c1)C(=O)[O-]	ok
CHEMBL1201121	HETACILLIN POTASSIUM	4	1982	Small molecule	1	0	0	1	1			0		CC1(C)S[C@@H]2[C@H](N3C(=O)[C@@H](c4ccccc4)NC3(C)C)C(=O)N2[C@H]1C(=O)[O-].[K+]			1.41	5	2	89.95	3			27	1	CC1(C)S[C@@H]2[C@H](N3C(=O)[C@@H](c4ccccc4)NC3(C)C)C(=O)N2[C@H]1C(=O)[O-]	ok
CHEMBL1201129	DECITABINE	4	2006	Small molecule	1	1	0	1	0			0		Nc1ncn([C@H]2C[C@H](O)[C@@H](CO)O2)c(=O)n1			-2.14	8	3	123.49	2			16	1	Nc1ncn([C@H]2C[C@H](O)[C@@H](CO)O2)c(=O)n1	ok
CHEMBL1201131	PIPERONYL BUTOXIDE	4	2000	Small molecule	0	0	1	1	0			0		CCCCOCCOCCOCc1cc2c(cc1CCC)OCO2			3.72	5	0	46.15	13			24	1	CCCCOCCOCCOCc1cc2c(cc1CCC)OCO2	ok
CHEMBL1201134	LUBIPROSTONE	4	2006	Small molecule	1	0	0	0	0			0		CCCCC(F)(F)[C@@]1(O)CC[C@H]2[C@@H](CC(=O)[C@@H]2CCCCCCC(=O)O)O1			4.31	4	2	83.83	11			27	0	CCCCC(F)(F)[C@@]1(O)CC[C@H]2[C@@H](CC(=O)[C@@H]2CCCCCCC(=O)O)O1	ok
CHEMBL1201138	LEUCOVORIN CALCIUM	4	1952	Small molecule	1	1	0	1	0			0		Nc1nc(=O)c2c([nH]1)NCC(CNc1ccc(C(=O)N[C@@H](CCC(=O)[O-])C(=O)[O-])cc1)N2C=O.[Ca+2]			-0.73	9	7	219.84	10			34	2	Nc1nc(=O)c2c([nH]1)NCC(CNc1ccc(C(=O)N[C@@H](CCC(=O)[O-])C(=O)[O-])cc1)N2C=O	ok
CHEMBL1201139	MEGESTROL ACETATE	4	1971	Small molecule	1	0	0	1	0			0		CC(=O)O[C@]1(C(C)=O)CC[C@H]2[C@@H]3C=C(C)C4=CC(=O)CC[C@]4(C)[C@H]3CC[C@@]21C			4.58	4	0	60.44	2			28	0	CC(=O)O[C@]1(C(C)=O)CC[C@H]2[C@@H]3C=C(C)C4=CC(=O)CC[C@]4(C)[C@H]3CC[C@@]21C	ok
CHEMBL1201146	NORETHINDRONE ACETATE	4	1973	Small molecule	1	1	1	1	1			0		C#C[C@]1(OC(C)=O)CC[C@H]2[C@@H]3CCC4=CC(=O)CC[C@@H]4[C@H]3CC[C@@]21C			4.06	3	0	43.37	1			25	0	C#C[C@]1(OC(C)=O)CC[C@H]2[C@@H]3CCC4=CC(=O)CC[C@@H]4[C@H]3CC[C@@]21C	ok
CHEMBL1201147	OCTOCRYLENE	4	2006	Small molecule	0	0	1	1	0			0		CCCCC(CC)COC(=O)C(C#N)=C(c1ccccc1)c1ccccc1			5.77	3	0	50.09	9			27	2	CCCCC(CC)COC(=O)C(C#N)=C(c1ccccc1)c1ccccc1	ok
CHEMBL1201148	MEPREDNISONE	4	1982	Small molecule	1	0	0	1	0			0		C[C@H]1C[C@H]2[C@@H]3CCC4=CC(=O)C=C[C@]4(C)[C@H]3C(=O)C[C@]2(C)[C@@]1(O)C(=O)CO			2.01	5	2	91.67	2			27	0	C[C@H]1C[C@H]2[C@@H]3CCC4=CC(=O)C=C[C@]4(C)[C@H]3C(=O)C[C@]2(C)[C@@]1(O)C(=O)CO	ok
CHEMBL1201151	MESTRANOL	4	1961	Small molecule	1	0	0	1	1			0		C#C[C@]1(O)CC[C@H]2[C@@H]3CCc4cc(OC)ccc4[C@H]3CC[C@@]21C			3.92	2	1	29.46	1			23	1	C#C[C@]1(O)CC[C@H]2[C@@H]3CCc4cc(OC)ccc4[C@H]3CC[C@@]21C	ok
CHEMBL1201165	QUINESTROL	4	1982	Small molecule	1	0	0	1	0			0		C#C[C@]1(O)CC[C@H]2[C@@H]3CCc4cc(OC5CCCC5)ccc4[C@H]3CC[C@@]21C			5.23	2	1	29.46	2			27	1	C#C[C@]1(O)CC[C@H]2[C@@H]3CCc4cc(OC5CCCC5)ccc4[C@H]3CC[C@@]21C	ok
CHEMBL1201168	ISOCARBOXAZID	4	1959	Small molecule	1	0	0	1	0			0		Cc1cc(C(=O)NNCc2ccccc2)no1			1.42	4	2	67.16	4			17	2	Cc1cc(C(=O)NNCc2ccccc2)no1	ok
CHEMBL1201173	MEDRYSONE	4	1969	Small molecule	0	0	1	1	0			0		CC(=O)[C@H]1CC[C@H]2[C@@H]3C[C@H](C)C4=CC(=O)CC[C@]4(C)[C@H]3[C@@H](O)C[C@]12C			3.94	3	1	54.37	1			25	0	CC(=O)[C@H]1CC[C@H]2[C@@H]3C[C@H](C)C4=CC(=O)CC[C@]4(C)[C@H]3[C@@H](O)C[C@]12C	ok
CHEMBL1201182	TEMSIROLIMUS	4	2007	Small molecule	0	1	0	1	0			0		CO[C@H]1C[C@@H]2CC[C@@H](C)[C@@](O)(O2)C(=O)C(=O)N2CCCC[C@H]2C(=O)O[C@H]([C@H](C)C[C@@H]2CC[C@@H](OC(=O)C(C)(CO)CO)[C@H](OC)C2)CC(=O)[C@H](C)/C=C(\C)[C@@H](O)[C@@H](OC)C(=O)[C@H](C)C[C@H](C)/C=C/C=C/C=C/1C												CO[C@H]1C[C@@H]2CC[C@@H](C)[C@@](O)(O2)C(=O)C(=O)N2CCCC[C@H]2C(=O)O[C@H]([C@H](C)C[C@@H]2CC[C@@H](OC(=O)C(C)(CO)CO)[C@H](OC)C2)CC(=O)[C@H](C)/C=C(\C)[C@@H](O)[C@@H](OC)C(=O)[C@H](C)C[C@H](C)/C=C/C=C/C=C/1C	ok
CHEMBL1201189	AMMONIA N 13	4	2007	Small molecule	0	1	0	1	0			0		[13NH3]			0.16	1	1	35	0			1	0	[13NH3]	ok
CHEMBL1201191	LEVOCETIRIZINE	4	2007	Small molecule	1	0	0	1	0			0		O=C(O)COCCN1CCN([C@H](c2ccccc2)c2ccc(Cl)cc2)CC1			3.15	4	1	53.01	8			27	2	O=C(O)COCCN1CCN([C@H](c2ccccc2)c2ccc(Cl)cc2)CC1	ok
CHEMBL1201192	ARMODAFINIL	4	2007	Small molecule	1	0	0	1	0			0		NC(=O)C[S@@+]([O-])C(c1ccccc1)c1ccccc1			2.01	2	1	66.15	5			19	2	NC(=O)C[S@@+]([O-])C(c1ccccc1)c1ccccc1	ok
CHEMBL1201193	LEVOBUPIVACAINE	4	1999	Small molecule	0	1	0	1	0			0		CCCCN1CCCC[C@H]1C(=O)Nc1c(C)cccc1C			3.9	2	1	32.34	5			21	1	CCCCN1CCCC[C@H]1C(=O)Nc1c(C)cccc1C	ok
CHEMBL1201195	CEFMETAZOLE	4	1989	Small molecule	0	1	0	1	0			0		CO[C@@]1(NC(=O)CSCC#N)C(=O)N2C(C(=O)O)=C(CSc3nnnn3C)CS[C@@H]21			-0.73	12	2	163.33	9			30	1	CO[C@@]1(NC(=O)CSCC#N)C(=O)N2C(C(=O)O)=C(CSc3nnnn3C)CS[C@@H]21	ok
CHEMBL1201196	SERTACONAZOLE	4	2003	Small molecule	0	0	1	1	0			0		Clc1ccc(C(Cn2ccnc2)OCc2csc3c(Cl)cccc23)c(Cl)c1			7.02	4	0	27.05	6			27	4	Clc1ccc(C(Cn2ccnc2)OCc2csc3c(Cl)cccc23)c(Cl)c1	ok
CHEMBL1201197	ALATROFLOXACIN	4	1997	Small molecule	0	1	0	0	1			0		C[C@H](N)C(=O)N[C@@H](C)C(=O)N[C@H]1[C@@H]2CN(c3nc4c(cc3F)c(=O)c(C(=O)O)cn4-c3ccc(F)cc3F)C[C@@H]21			0.9	8	4	159.65	7			40	3	C[C@H](N)C(=O)N[C@@H](C)C(=O)N[C@H]1[C@@H]2CN(c3nc4c(cc3F)c(=O)c(C(=O)O)cn4-c3ccc(F)cc3F)C[C@@H]21	ok
CHEMBL1201198	PEMIROLAST	4	1999	Small molecule	0	0	1	1	0			0		Cc1cccn2c(=O)c(-c3nnn[nH]3)cnc12			0.18	6	1	88.83	1			17	3	Cc1cccn2c(=O)c(-c3nnn[nH]3)cnc12	ok
CHEMBL1201201	METHAMPHETAMINE	4	1943	Small molecule	1	0	0	1	0			0		CN[C@@H](C)Cc1ccccc1			1.84	1	1	12.03	3			11	1	CN[C@@H](C)Cc1ccccc1	ok
CHEMBL1201203	BENZTROPINE	4	1954	Small molecule	1	1	0	1	0			0		CN1[C@@H]2CC[C@H]1C[C@@H](OC(c1ccccc1)c1ccccc1)C2			4.42	2	0	12.47	4			23	2	CN1[C@@H]2CC[C@H]1C[C@@H](OC(c1ccccc1)c1ccccc1)C2	ok
CHEMBL1201204	CEFPIRAMIDE	4	1989	Small molecule	0	1	0	1	0			0		Cc1cc(O)c(C(=O)N[C@@H](C(=O)N[C@@H]2C(=O)N3C(C(=O)O)=C(CSc4nnnn4C)CS[C@H]23)c2ccc(O)cc2)cn1			0.33	13	5	212.76	9			42	3	Cc1cc(O)c(C(=O)N[C@@H](C(=O)N[C@@H]2C(=O)N3C(C(=O)O)=C(CSc4nnnn4C)CS[C@H]23)c2ccc(O)cc2)cn1	ok
CHEMBL1201206	PIPECURONIUM	4	1990	Small molecule	0	1	0	1	0			0		CC(=O)O[C@H]1C[C@@H]2CC[C@@H]3[C@H](CC[C@@]4(C)[C@H]3C[C@H](N3CC[N+](C)(C)CC3)[C@@H]4OC(C)=O)[C@@]2(C)C[C@@H]1N1CC[N+](C)(C)CC1			3.63	6	0	59.08	4			43	0	CC(=O)O[C@H]1C[C@@H]2CC[C@@H]3[C@H](CC[C@@]4(C)[C@H]3C[C@H](N3CC[N+](C)(C)CC3)[C@@H]4OC(C)=O)[C@@]2(C)C[C@@H]1N1CC[N+](C)(C)CC1	ok
CHEMBL1201207	BETAMETHASONE PHOSPHORIC ACID	4	1965	Small molecule	0	1	0	0	1			0		C[C@H]1C[C@H]2[C@@H]3CCC4=CC(=O)C=C[C@]4(C)[C@@]3(F)[C@@H](O)C[C@]2(C)[C@@]1(O)C(=O)COP(=O)(O)O			2.01	6	4	141.36	4			32	0	C[C@H]1C[C@H]2[C@@H]3CCC4=CC(=O)C=C[C@]4(C)[C@@]3(F)[C@@H](O)C[C@]2(C)[C@@]1(O)C(=O)COP(=O)(O)O	ok
CHEMBL1201208	PHENMETRAZINE	4	1982	Small molecule	1	0	0	1	0			0		CC1NCCOC1c1ccccc1			1.74	2	1	21.26	1			13	1	CC1NCCOC1c1ccccc1	ok
CHEMBL1201210	PROPIOMAZINE	4	1960	Small molecule	0	1	0	1	0			0		CCC(=O)c1ccc2c(c1)N(CC(C)N(C)C)c1ccccc1S2			4.83	4	0	23.55	5			24	2	CCC(=O)c1ccc2c(c1)N(CC(C)N(C)C)c1ccccc1S2	ok
CHEMBL1201212	MIDODRINE	4	1996	Small molecule	1	0	0	1	1			0		COc1ccc(OC)c(C(O)CNC(=O)CN)c1			-0.19	5	3	93.81	6			18	1	COc1ccc(OC)c(C(O)CNC(=O)CN)c1	ok
CHEMBL1201213	ISOETHARINE	4	1979	Small molecule	0	0	1	1	0			0		CCC(NC(C)C)C(O)c1ccc(O)c(O)c1			1.91	4	4	72.72	5			17	1	CCC(NC(C)C)C(O)c1ccc(O)c(O)c1	ok
CHEMBL1201216	DAPIPRAZOLE	4	1990	Small molecule	0	0	1	1	0			0		Cc1ccccc1N1CCN(CCc2nnc3n2CCCC3)CC1			2.29	5	0	37.19	4			24	2	Cc1ccccc1N1CCN(CCc2nnc3n2CCCC3)CC1	ok
CHEMBL1201217	DYCLONINE	4	1982	Small molecule	0	0	1	1	0			0		CCCCOc1ccc(C(=O)CCN2CCCCC2)cc1			3.92	3	0	29.54	8			21	1	CCCCOc1ccc(C(=O)CCN2CCCCC2)cc1	ok
CHEMBL1201218	CEFAMANDOLE NAFATE FREE BASE	4	1978	Small molecule	0	1	0	1	1			0		Cn1nnnc1SCC1=C(C(=O)O)N2C(=O)[C@@H](NC(=O)[C@H](OC=O)c3ccccc3)[C@H]2SC1			-0.04	11	2	156.61	9			33	2	Cn1nnnc1SCC1=C(C(=O)O)N2C(=O)[C@@H](NC(=O)[C@H](OC=O)c3ccccc3)[C@H]2SC1	ok
CHEMBL1201219	VECURONIUM	4	1984	Small molecule	0	1	0	1	0			0		CC(=O)O[C@H]1C[C@@H]2CC[C@@H]3[C@H](CC[C@@]4(C)[C@H]3C[C@H]([N+]3(C)CCCCC3)[C@@H]4OC(C)=O)[C@@]2(C)C[C@@H]1N1CCCCC1			5.97	5	0	55.84	4			40	0	CC(=O)O[C@H]1C[C@@H]2CC[C@@H]3[C@H](CC[C@@]4(C)[C@H]3C[C@H]([N+]3(C)CCCCC3)[C@@H]4OC(C)=O)[C@@]2(C)C[C@@H]1N1CCCCC1	ok
CHEMBL1201220	DIATRIZOIC ACID	4	1954	Small molecule	1	1	1	1	0			0		CC(=O)Nc1c(I)c(NC(C)=O)c(I)c(C(=O)O)c1I			3.12	3	3	95.5	3			20	1	CC(=O)Nc1c(I)c(NC(C)=O)c(I)c(C(=O)O)c1I	ok
CHEMBL1201222	LISDEXAMFETAMINE	4	2007	Small molecule	1	0	0	1	1			0		C[C@@H](Cc1ccccc1)NC(=O)[C@@H](N)CCCCN			1.19	3	3	81.14	8			19	1	C[C@@H](Cc1ccccc1)NC(=O)[C@@H](N)CCCCN	ok
CHEMBL1201224	CEFMENOXIME	4	1987	Small molecule	0	1	0	1	0			0		CO/N=C(\C(=O)N[C@@H]1C(=O)N2C(C(=O)O)=C(CSc3nnnn3C)CS[C@H]12)c1csc(N)n1			-0.87	14	3	190.81	8			33	2	CO/N=C(\C(=O)N[C@@H]1C(=O)N2C(C(=O)O)=C(CSc3nnnn3C)CS[C@H]12)c1csc(N)n1	ok
CHEMBL1201225	IODINE	3		Small molecule	0	0	0	1	0			0		II			1.77	0	0	0	0			2	0	II	ok
CHEMBL1201227	CYCRIMINE	4	1982	Small molecule	1	0	0	1	0			0		OC(CCN1CCCCC1)(c1ccccc1)C1CCCC1			3.94	2	1	23.47	5			21	1	OC(CCN1CCCCC1)(c1ccccc1)C1CCCC1	ok
CHEMBL1201229	DEMECARIUM	4	1959	Small molecule	0	0	1	1	0			0		CN(CCCCCCCCCCN(C)C(=O)Oc1cccc([N+](C)(C)C)c1)C(=O)Oc1cccc([N+](C)(C)C)c1			6.76	4	0	59.08	15			40	2	CN(CCCCCCCCCCN(C)C(=O)Oc1cccc([N+](C)(C)C)c1)C(=O)Oc1cccc([N+](C)(C)C)c1	ok
CHEMBL1201231	PREDNISOLONE PHOSPHORIC ACID	4	1973	Small molecule	1	1	1	1	0			0		C[C@]12C=CC(=O)C=C1CC[C@@H]1[C@@H]2[C@@H](O)C[C@@]2(C)[C@H]1CC[C@]2(O)C(=O)COP(=O)(O)O			1.67	6	4	141.36	4			30	0	C[C@]12C=CC(=O)C=C1CC[C@@H]1[C@@H]2[C@@H](O)C[C@@]2(C)[C@H]1CC[C@]2(O)C(=O)COP(=O)(O)O	ok
CHEMBL1201232	ISOPROPAMIDE	4	1957	Small molecule	1	0	0	1	0			0		CC(C)[N+](C)(CCC(C(N)=O)(c1ccccc1)c1ccccc1)C(C)C			4.11	1	1	43.09	8			26	2	CC(C)[N+](C)(CCC(C(N)=O)(c1ccccc1)c1ccccc1)C(C)C	ok
CHEMBL1201233	METHYLDOPATE	4	1962	Small molecule	0	1	0	1	0			0		CCOC(=O)[C@@](C)(N)Cc1ccc(O)c(O)c1			0.92	5	3	92.78	4			17	1	CCOC(=O)[C@@](C)(N)Cc1ccc(O)c(O)c1	ok
CHEMBL1201234	MEPHENTERMINE	4	1951	Small molecule	0	1	0	1	0			0		CNC(C)(C)Cc1ccccc1			2.23	1	1	12.03	3			12	1	CNC(C)(C)Cc1ccccc1	ok
CHEMBL1201235	METHYLHOMATROPINE	4	1943	Small molecule	1	0	0	1	0			0		C[N+]1(C)[C@@H]2CC[C@H]1C[C@@H](OC(=O)C(O)c1ccccc1)C2			2.03	3	1	46.53	3			21	1	C[N+]1(C)[C@@H]2CC[C@H]1C[C@@H](OC(=O)C(O)c1ccccc1)C2	ok
CHEMBL1201236	CARBIDOPA ANHYDROUS	4	1975	Small molecule	1	0	0	1	0			0		C[C@@](Cc1ccc(O)c(O)c1)(NN)C(=O)O			-0.05	5	5	115.81	4			16	1	C[C@@](Cc1ccc(O)c(O)c1)(NN)C(=O)O	ok
CHEMBL1201237	LEVOBUNOLOL	4	1985	Small molecule	0	0	1	1	0			0		CC(C)(C)NC[C@H](O)COc1cccc2c1CCCC2=O			2.33	4	2	58.56	5			21	1	CC(C)(C)NC[C@H](O)COc1cccc2c1CCCC2=O	ok
CHEMBL1201239	IODAMIDE	4	1982	Small molecule	0	1	0	1	0			0		CC(=O)NCc1c(I)c(NC(C)=O)c(I)c(C(=O)O)c1I			2.79	3	3	95.5	4			21	1	CC(=O)NCc1c(I)c(NC(C)=O)c(I)c(C(=O)O)c1I	ok
CHEMBL1201242	INDECAINIDE	4	1989	Small molecule	1	0	0	1	0			0		CC(C)NCCCC1(C(N)=O)c2ccccc2-c2ccccc21			3.22	2	2	55.12	6			23	2	CC(C)NCCCC1(C(N)=O)c2ccccc2-c2ccccc21	ok
CHEMBL1201243	IPODATE	4	1962	Small molecule	1	0	0	1	0			0		CN(C)/C=N/c1c(I)cc(I)c(CCC(=O)O)c1I			3.74	2	1	52.9	5			19	1	CN(C)/C=N/c1c(I)cc(I)c(CCC(=O)O)c1I	ok
CHEMBL1201244	ROCURONIUM	4	1994	Small molecule	0	1	0	1	0			0		C=CC[N+]1([C@H]2C[C@H]3[C@@H]4CC[C@H]5C[C@H](O)[C@@H](N6CCOCC6)C[C@]5(C)[C@H]4CC[C@]3(C)[C@H]2OC(C)=O)CCCC1			4.41	5	1	59	5			38	0	C=CC[N+]1([C@H]2C[C@H]3[C@@H]4CC[C@H]5C[C@H](O)[C@@H](N6CCOCC6)C[C@]5(C)[C@H]4CC[C@]3(C)[C@H]2OC(C)=O)CCCC1	ok
CHEMBL1201245	BROMODIPHENHYDRAMINE	4	1954	Small molecule	1	0	0	1	0			0		CN(C)CCOC(c1ccccc1)c1ccc(Br)cc1			4.12	2	0	12.47	6			20	2	CN(C)CCOC(c1ccccc1)c1ccc(Br)cc1	ok
CHEMBL1201248	CISATRACURIUM	4	1995	Small molecule	0	1	0	1	0			0		COc1ccc(C[C@@H]2c3cc(OC)c(OC)cc3CC[N@+]2(C)CCC(=O)OCCCCCOC(=O)CC[N@@+]2(C)CCc3cc(OC)c(OC)cc3[C@H]2Cc2ccc(OC)c(OC)c2)cc1OC			8.07	12	0	126.44	24			67	4	COc1ccc(C[C@@H]2c3cc(OC)c(OC)cc3CC[N@+]2(C)CCC(=O)OCCCCCOC(=O)CC[N@@+]2(C)CCc3cc(OC)c(OC)cc3[C@H]2Cc2ccc(OC)c(OC)c2)cc1OC	ok
CHEMBL1201250	BENZQUINAMIDE	4	1974	Small molecule	0	1	1	1	0			0		CCN(CC)C(=O)C1CN2CCc3cc(OC)c(OC)cc3C2CC1OC(C)=O			2.42	6	0	68.31	6			29	1	CCN(CC)C(=O)C1CN2CCc3cc(OC)c(OC)cc3C2CC1OC(C)=O	ok
CHEMBL1201251	ARBUTAMINE	4	1997	Small molecule	0	1	0	1	0			0		Oc1ccc(CCCCNC[C@H](O)c2ccc(O)c(O)c2)cc1			2.45	5	5	92.95	8			23	2	Oc1ccc(CCCCNC[C@H](O)c2ccc(O)c(O)c2)cc1	ok
CHEMBL1201256	TRIMETHOBENZAMIDE	4	1974	Small molecule	1	1	0	1	0			0		COc1cc(C(=O)NCc2ccc(OCCN(C)C)cc2)cc(OC)c1OC			2.58	6	1	69.26	10			28	2	COc1cc(C(=O)NCc2ccc(OCCN(C)C)cc2)cc(OC)c1OC	ok
CHEMBL1201260	BETHANIDINE	4	1982	Small molecule	1	0	0	1	0			0		C/N=C(\NC)NCc1ccccc1			0.98	1	2	36.42	2			13	1	C/N=C(\NC)NCc1ccccc1	ok
CHEMBL1201261	TYROPANOIC ACID	4	1969	Small molecule	1	0	0	1	0			0		CCCC(=O)Nc1c(I)cc(I)c(CC(CC)C(=O)O)c1I			4.89	2	2	66.4	7			22	1	CCCC(=O)Nc1c(I)cc(I)c(CC(CC)C(=O)O)c1I	ok
CHEMBL1201262	DIPIVEFRIN	4	1980	Small molecule	0	0	1	1	1			0		CNCC(O)c1ccc(OC(=O)C(C)(C)C)c(OC(=O)C(C)(C)C)c1			2.84	6	2	84.86	5			25	1	CNCC(O)c1ccc(OC(=O)C(C)(C)C)c(OC(=O)C(C)(C)C)c1	ok
CHEMBL1201263	HYDROCORTAMATE	4	1956	Small molecule	0	0	1	1	0			0		CCN(CC)CC(=O)OCC(=O)[C@@]1(O)CC[C@H]2[C@@H]3CCC4=CC(=O)CC[C@]4(C)[C@H]3[C@@H](O)C[C@@]21C			2.67	7	2	104.14	7			34	0	CCN(CC)CC(=O)OCC(=O)[C@@]1(O)CC[C@H]2[C@@H]3CCC4=CC(=O)CC[C@]4(C)[C@H]3[C@@H](O)C[C@@]21C	ok
CHEMBL1201264	METHANTHELINE	4	1951	Small molecule	1	0	0	1	0			0		CC[N+](C)(CC)CCOC(=O)C1c2ccccc2Oc2ccccc21			3.95	3	0	35.53	6			25	2	CC[N+](C)(CC)CCOC(=O)C1c2ccccc2Oc2ccccc21	ok
CHEMBL1201265	METHYLPREDNISOLONE HEMISUCCINATE	4	1959	Small molecule	0	1	0	1	1			0		C[C@H]1C[C@@H]2[C@H]([C@@H](O)C[C@@]3(C)[C@H]2CC[C@]3(O)C(=O)COC(=O)CCC(=O)O)[C@@]2(C)C=CC(=O)C=C12			2.22	7	3	138.2	6			34	0	C[C@H]1C[C@@H]2[C@H]([C@@H](O)C[C@@]3(C)[C@H]2CC[C@]3(O)C(=O)COC(=O)CCC(=O)O)[C@@]2(C)C=CC(=O)C=C12	ok
CHEMBL1201266	LODOXAMIDE	4	1993	Small molecule	0	0	1	1	0			0		N#Cc1cc(NC(=O)C(=O)O)c(Cl)c(NC(=O)C(=O)O)c1			0.26	5	4	156.59	2			21	1	N#Cc1cc(NC(=O)C(=O)O)c(Cl)c(NC(=O)C(=O)O)c1	ok
CHEMBL1201269	CHLORPHENTERMINE	4		Small molecule	1	0	0	1	0			0		CC(C)(N)Cc1ccc(Cl)cc1			2.62	1	1	26.02	2			12	1	CC(C)(N)Cc1ccc(Cl)cc1	ok
CHEMBL1201270	METHENAMINE	4	1967	Small molecule	1	0	0	1	0			0		C1N2CN3CN1CN(C2)C3			-1.02	4	0	12.96	0			10	0	C1N2CN3CN1CN(C2)C3	ok
CHEMBL1201271	BUCLIZINE	4	1982	Small molecule	1	0	0	1	0			0		CC(C)(C)c1ccc(CN2CCN(C(c3ccccc3)c3ccc(Cl)cc3)CC2)cc1			6.54	2	0	6.48	5			31	3	CC(C)(C)c1ccc(CN2CCN(C(c3ccccc3)c3ccc(Cl)cc3)CC2)cc1	ok
CHEMBL1201273	PROTOKYLOL	4	1982	Small molecule	1	0	0	1	0			0		CC(Cc1ccc2c(c1)OCO2)NCC(O)c1ccc(O)c(O)c1			2.08	6	4	91.18	6			24	2	CC(Cc1ccc2c(c1)OCO2)NCC(O)c1ccc(O)c(O)c1	ok
CHEMBL1201274	LEVOBETAXOLOL	4	2000	Small molecule	0	0	1	1	0			0		CC(C)NC[C@H](O)COc1ccc(CCOCC2CC2)cc1			2.39	4	2	50.72	11			22	1	CC(C)NC[C@H](O)COc1ccc(CCOCC2CC2)cc1	ok
CHEMBL1201275	ISOSULFAN BLUE INNER SALT	4	1981	Small molecule	0	1	0	0	0			0		CCN(CC)c1ccc(C(=C2C=CC(=[N+](CC)CC)C=C2)c2cc(S(=O)(=O)[O-])ccc2S(=O)(=O)O)cc1			4.1	6	1	117.82	9			37	2	CCN(CC)c1ccc(C(=C2C=CC(=[N+](CC)CC)C=C2)c2cc(S(=O)(=O)[O-])ccc2S(=O)(=O)O)cc1	ok
CHEMBL1201281	CHLORAMPHENICOL SUCCINIC ACID	4	1959	Small molecule	0	1	0	1	1			0		O=C(O)CCC(=O)OC[C@@H](NC(=O)C(Cl)Cl)[C@H](O)c1ccc([N+](=O)[O-])cc1			1.32	7	3	156.07	10			27	1	O=C(O)CCC(=O)OC[C@@H](NC(=O)C(Cl)Cl)[C@H](O)c1ccc([N+](=O)[O-])cc1	ok
CHEMBL1201284	CINACALCET	4	2004	Small molecule	1	0	0	0	0			0		C[C@@H](NCCCc1cccc(C(F)(F)F)c1)c1cccc2ccccc12			6.14	1	1	12.03	6			26	3	C[C@@H](NCCCc1cccc(C(F)(F)F)c1)c1cccc2ccccc12	ok
CHEMBL1201286	OXYPHENONIUM	4	1982	Small molecule	1	0	0	1	0			0		CC[N+](C)(CC)CCOC(=O)C(O)(c1ccccc1)C1CCCCC1			3.48	3	1	46.53	8			25	1	CC[N+](C)(CC)CCOC(=O)C(O)(c1ccccc1)C1CCCCC1	ok
CHEMBL1201287	DEXBROMPHENIRAMINE	4	1963	Small molecule	1	0	0	1	0			0		CN(C)CC[C@@H](c1ccc(Br)cc1)c1ccccn1			3.93	2	0	16.13	5			19	2	CN(C)CC[C@@H](c1ccc(Br)cc1)c1ccccn1	ok
CHEMBL1201288	DANTROLENE	4	1974	Small molecule	1	1	0	1	0			0		O=C1CN(/N=C/c2ccc(-c3ccc([N+](=O)[O-])cc3)o2)C(=O)N1			1.74	6	1	118.05	4			23	2	O=C1CN(/N=C/c2ccc(-c3ccc([N+](=O)[O-])cc3)o2)C(=O)N1	ok
CHEMBL1201289	CLINDAMYCIN PALMITATE	4	1982	Small molecule	1	0	0	1	1			0		CCCCCCCCCCCCCCCC(=O)O[C@@H]1[C@@H](O)[C@@H](O)[C@@H]([C@H](NC(=O)[C@@H]2C[C@@H](CCC)CN2C)[C@H](C)Cl)O[C@@H]1SC			6.42	8	3	108.33	22			44	0	CCCCCCCCCCCCCCCC(=O)O[C@@H]1[C@@H](O)[C@@H](O)[C@@H]([C@H](NC(=O)[C@@H]2C[C@@H](CCC)CN2C)[C@H](C)Cl)O[C@@H]1SC	ok
CHEMBL1201291	IOXAGLIC ACID	4	1985	Small molecule	0	1	0	1	0			0		CNC(=O)c1c(I)c(C(=O)NCC(=O)Nc2c(I)c(C(=O)O)c(I)c(C(=O)NCCO)c2I)c(I)c(N(C)C(C)=O)c1I												CNC(=O)c1c(I)c(C(=O)NCC(=O)Nc2c(I)c(C(=O)O)c(I)c(C(=O)NCCO)c2I)c(I)c(N(C)C(C)=O)c1I	ok
CHEMBL1201293	ACAMPROSATE	4	2004	Small molecule	1	0	0	1	0			0		CC(=O)NCCCS(=O)(=O)O			-0.6	3	2	83.47	4			11	0	CC(=O)NCCCS(=O)(=O)O	ok
CHEMBL1201294	DIPHENOXYLATE	4	1960	Small molecule	1	0	0	1	0			0		CCOC(=O)C1(c2ccccc2)CCN(CCC(C#N)(c2ccccc2)c2ccccc2)CC1			5.48	4	0	53.33	8			34	3	CCOC(=O)C1(c2ccccc2)CCN(CCC(C#N)(c2ccccc2)c2ccccc2)CC1	ok
CHEMBL1201295	BITOLTEROL	4	1984	Small molecule	0	0	1	1	1			0		Cc1ccc(C(=O)Oc2ccc(C(O)CNC(C)(C)C)cc2OC(=O)c2ccc(C)cc2)cc1			5.16	6	2	84.86	7			34	3	Cc1ccc(C(=O)Oc2ccc(C(O)CNC(C)(C)C)cc2OC(=O)c2ccc(C)cc2)cc1	ok
CHEMBL1201300	IOTHALAMIC ACID	4	1962	Small molecule	0	1	0	1	0			0		CNC(=O)c1c(I)c(NC(C)=O)c(I)c(C(=O)O)c1I			2.52	3	3	95.5	3			20	1	CNC(=O)c1c(I)c(NC(C)=O)c(I)c(C(=O)O)c1I	ok
CHEMBL1201302	DEXAMETHASONE PHOSPHORIC ACID	4	1959	Small molecule	0	1	1	0	1			0		C[C@@H]1C[C@H]2[C@@H]3CCC4=CC(=O)C=C[C@]4(C)[C@@]3(F)[C@@H](O)C[C@]2(C)[C@@]1(O)C(=O)COP(=O)(O)O			2.01	6	4	141.36	4			32	0	C[C@@H]1C[C@H]2[C@@H]3CCC4=CC(=O)C=C[C@]4(C)[C@@]3(F)[C@@H](O)C[C@]2(C)[C@@]1(O)C(=O)COP(=O)(O)O	ok
CHEMBL1201303	PYRVINIUM	4	1982	Small molecule	1	0	0	1	0			0		Cc1cc(/C=C/c2ccc3cc(N(C)C)ccc3[n+]2C)c(C)n1-c1ccccc1			5.31	2	0	12.05	4			29	4	Cc1cc(/C=C/c2ccc3cc(N(C)C)ccc3[n+]2C)c(C)n1-c1ccccc1	ok
CHEMBL1201304	INDOCYANINE GREEN ACID FORM	4	1959	Small molecule	0	1	0	1	0			0		CC1(C)C(/C=C/C=C/C=C/C=C2\N(CCCCS(=O)(=O)O)c3ccc4ccccc4c3C2(C)C)=[N+](CCCCS(=O)(=O)[O-])c2ccc3ccccc3c21			8.71	6	1	117.82	14			53	4	CC1(C)C(/C=C/C=C/C=C/C=C2\N(CCCCS(=O)(=O)O)c3ccc4ccccc4c3C2(C)C)=[N+](CCCCS(=O)(=O)[O-])c2ccc3ccccc3c21	ok
CHEMBL1201308	IOFETAMINE	4	1987	Small molecule	0	1	0	1	0			0		CC(C)NC(C)Cc1ccc(I)cc1			3.22	1	1	12.03	4			14	1	CC(C)NC(C)Cc1ccc(I)cc1	ok
CHEMBL1201313	CHLOPHEDIANOL	4	1982	Small molecule	1	0	0	1	0			0		CN(C)CCC(O)(c1ccccc1)c1ccccc1Cl			3.53	2	1	23.47	5			20	2	CN(C)CCC(O)(c1ccccc1)c1ccccc1Cl	ok
CHEMBL1201314	VALGANCICLOVIR	4	2001	Small molecule	1	0	0	1	1			0		CC(C)[C@H](N)C(=O)OCC(CO)OCn1cnc2c(=O)[nH]c(N)nc21			-1.44	10	4	171.37	8			25	2	CC(C)[C@H](N)C(=O)OCC(CO)OCn1cnc2c(=O)[nH]c(N)nc21	ok
CHEMBL1201317	TRICLOFOS	4	1982	Small molecule	1	0	0	0	0			0		O=P(O)(O)OCC(Cl)(Cl)Cl			1.47	2	2	66.76	2			10	0	O=P(O)(O)OCC(Cl)(Cl)Cl	ok
CHEMBL1201319	METARAMINOL	4	1954	Small molecule	0	1	0	1	0			0		C[C@H](N)[C@H](O)c1cccc(O)c1			0.77	3	3	66.48	2			12	1	C[C@H](N)[C@H](O)c1cccc(O)c1	ok
CHEMBL1201320	ESOMEPRAZOLE	4	2001	Small molecule	1	1	0	1	1			0		COc1ccc2[nH]c([S@@+]([O-])Cc3ncc(C)c(OC)c3C)nc2c1			2.9	5	1	83.09	5			24	3	COc1ccc2[nH]c([S@@+]([O-])Cc3ncc(C)c(OC)c3C)nc2c1	ok
CHEMBL1201321	DIFENOXIN	4	1978	Small molecule	1	0	0	1	0			0		N#CC(CCN1CCC(C(=O)O)(c2ccccc2)CC1)(c1ccccc1)c1ccccc1			5	3	1	64.33	7			32	3	N#CC(CCN1CCC(C(=O)O)(c2ccccc2)CC1)(c1ccccc1)c1ccccc1	ok
CHEMBL1201322	THONZONIUM	4	1982	Small molecule	0	0	1	1	0			0		CCCCCCCCCCCCCCCC[N+](C)(C)CCN(Cc1ccc(OC)cc1)c1ncccn1			8.05	4	0	38.25	22			37	2	CCCCCCCCCCCCCCCC[N+](C)(C)CCN(Cc1ccc(OC)cc1)c1ncccn1	ok
CHEMBL1201323	BETAZOLE	4	1982	Small molecule	0	1	0	1	0			0		NCCc1cc[nH]n1			-0.09	2	2	54.7	2			8	1	NCCc1cc[nH]n1	ok
CHEMBL1201325	HEXOCYCLIUM	4	1982	Small molecule	1	0	0	1	0			0		C[N+]1(C)CCN(CC(O)(c2ccccc2)C2CCCCC2)CC1			2.85	2	1	23.47	4			23	1	C[N+]1(C)CCN(CC(O)(c2ccccc2)C2CCCCC2)CC1	ok
CHEMBL1201327	ACETRIZOIC ACID	4	1982	Small molecule	0	0	1	1	0			0		CC(=O)Nc1c(I)cc(I)c(C(=O)O)c1I			3.16	2	2	66.4	2			16	1	CC(=O)Nc1c(I)cc(I)c(C(=O)O)c1I	ok
CHEMBL1201328	CARPHENAZINE	4	1982	Small molecule	1	0	0	1	0			0		CCC(=O)c1ccc2c(c1)N(CCCN1CCN(CCO)CC1)c1ccccc1S2			3.88	6	1	47.02	8			30	2	CCC(=O)c1ccc2c(c1)N(CCCN1CCN(CCO)CC1)c1ccccc1S2	ok
CHEMBL1201329	TRIMETHAPHAN	4	1982	Small molecule	0	1	0	1	0			0		O=C1N(Cc2ccccc2)C2C[S+]3CCCC3C2N1Cc1ccccc1			3.66	1	0	23.55	4			26	2	O=C1N(Cc2ccccc2)C2C[S+]3CCCC3C2N1Cc1ccccc1	ok
CHEMBL1201335	GLYCOPYRRONIUM	4	1961	Small molecule	1	1	1	1	0			0		C[N+]1(C)CCC(OC(=O)C(O)(c2ccccc2)C2CCCC2)C1			2.46	3	1	46.53	4			23	1	C[N+]1(C)CCC(OC(=O)C(O)(c2ccccc2)C2CCCC2)C1	ok
CHEMBL1201336	FOSPHENYTOIN	4	1996	Small molecule	0	1	0	1	1			0		O=C1NC(c2ccccc2)(c2ccccc2)C(=O)N1COP(=O)(O)O			1.55	4	3	116.17	5			25	2	O=C1NC(c2ccccc2)(c2ccccc2)C(=O)N1COP(=O)(O)O	ok
CHEMBL1201338	CYCLOPENTOLATE	4	1974	Small molecule	0	0	1	1	0			0		CN(C)CCOC(=O)C(c1ccccc1)C1(O)CCCC1			2.18	4	1	49.77	6			21	1	CN(C)CCOC(=O)C(c1ccccc1)C1(O)CCCC1	ok
CHEMBL1201340	DIPHEMANIL	4	1982	Small molecule	1	0	0	1	0			0		C[N+]1(C)CCC(=C(c2ccccc2)c2ccccc2)CC1			4.36	0	0	0	2			21	2	C[N+]1(C)CCC(=C(c2ccccc2)c2ccccc2)CC1	ok
CHEMBL1201341	ECHOTHIOPHATE	4	1960	Small molecule	0	0	1	1	0			0		CCOP(=O)(OCC)SCC[N+](C)(C)C			2.61	4	0	35.53	8			15	0	CCOP(=O)(OCC)SCC[N+](C)(C)C	ok
CHEMBL1201342	METHIXENE	4	1982	Small molecule	1	0	0	1	0			0		CN1CCCC(CC2c3ccccc3Sc3ccccc32)C1			5.02	2	0	3.24	2			22	2	CN1CCCC(CC2c3ccccc3Sc3ccccc32)C1	ok
CHEMBL1201345	TETRADECYL SULFURIC ACID	4	1946	Small molecule	0	1	0	1	0			0		CCCCC(CC)CCC(CC(C)C)OS(=O)(=O)O			4.22	3	1	63.6	11			19	0	CCCCC(CC)CCC(CC(C)C)OS(=O)(=O)O	ok
CHEMBL1201346	BALSALAZIDE	4	2000	Small molecule	1	0	0	1	1			0		O=C(O)CCNC(=O)c1ccc(/N=N/c2ccc(O)c(C(=O)O)c2)cc1			2.71	6	4	148.65	7			26	2	O=C(O)CCNC(=O)c1ccc(/N=N/c2ccc(O)c(C(=O)O)c2)cc1	ok
CHEMBL1201347	ANILERIDINE	4	1982	Small molecule	1	1	0	1	0			0		CCOC(=O)C1(c2ccccc2)CCN(CCc2ccc(N)cc2)CC1			3.41	4	1	55.56	6			26	2	CCOC(=O)C1(c2ccccc2)CCN(CCc2ccc(N)cc2)CC1	ok
CHEMBL1201348	MENADIOL DIPHOSPHORIC ACID	4	1982	Small molecule	1	1	0	1	0			0		Cc1cc(OP(=O)(O)O)c2ccccc2c1OP(=O)(O)O			2.09	4	4	133.52	4			21	2	Cc1cc(OP(=O)(O)O)c2ccccc2c1OP(=O)(O)O	ok
CHEMBL1201349	HEXAFLUORENIUM	4	1982	Small molecule	0	1	0	1	0			0		C[N+](C)(CCCCCC[N+](C)(C)C1c2ccccc2-c2ccccc21)C1c2ccccc2-c2ccccc21			8.24	0	0	0	9			38	4	C[N+](C)(CCCCCC[N+](C)(C)C1c2ccccc2-c2ccccc21)C1c2ccccc2-c2ccccc21	ok
CHEMBL1201352	RAPACURONIUM	4	1999	Small molecule	0	1	0	1	0			0		C=CC[N+]1([C@H]2C[C@H]3[C@@H]4CC[C@H]5C[C@H](OC(C)=O)[C@@H](N6CCCCC6)C[C@]5(C)[C@H]4CC[C@]3(C)[C@H]2OC(=O)CC)CCCCC1			6.91	5	0	55.84	7			43	0	C=CC[N+]1([C@H]2C[C@H]3[C@@H]4CC[C@H]5C[C@H](OC(C)=O)[C@@H](N6CCCCC6)C[C@]5(C)[C@H]4CC[C@]3(C)[C@H]2OC(=O)CC)CCCCC1	ok
CHEMBL1201353	DEXCHLORPHENIRAMINE	4	1981	Small molecule	1	0	0	1	0			0		CN(C)CC[C@@H](c1ccc(Cl)cc1)c1ccccn1			3.82	2	0	16.13	5			19	2	CN(C)CC[C@@H](c1ccc(Cl)cc1)c1ccccn1	ok
CHEMBL1201354	TRIDIHEXETHYL	4	1954	Small molecule	1	1	0	1	0			0		CC[N+](CC)(CC)CCC(O)(c1ccccc1)C1CCCCC1			4.72	1	1	20.23	8			23	1	CC[N+](CC)(CC)CCC(O)(c1ccccc1)C1CCCCC1	ok
CHEMBL1201356	METHYLERGONOVINE	4	1946	Small molecule	1	1	0	1	0			0		CC[C@@H](CO)NC(=O)[C@@H]1C=C2c3cccc4[nH]cc(c34)C[C@H]2N(C)C1			1.92	3	3	68.36	4			25	2	CC[C@@H](CO)NC(=O)[C@@H]1C=C2c3cccc4[nH]cc(c34)C[C@H]2N(C)C1	ok
CHEMBL1201362	CLOBETASOL	3		Small molecule	0	0	0	0	0			0		C[C@H]1C[C@H]2[C@@H]3CCC4=CC(=O)C=C[C@]4(C)[C@@]3(F)[C@@H](O)C[C@]2(C)[C@@]1(O)C(=O)CCl			3.14	4	2	74.6	2			28	0	C[C@H]1C[C@H]2[C@@H]3CCC4=CC(=O)C=C[C@]4(C)[C@@]3(F)[C@@H](O)C[C@]2(C)[C@@]1(O)C(=O)CCl	ok
CHEMBL1201389	LOTEPREDNOL	3		Small molecule	0	0	0	1	0			0		C[C@]12C=CC(=O)C=C1CC[C@@H]1[C@@H]2[C@@H](O)C[C@@]2(C)[C@H]1CC[C@]2(O)C(=O)O			2.08	4	3	94.83	1			25	0	C[C@]12C=CC(=O)C=C1CC[C@@H]1[C@@H]2[C@@H](O)C[C@@]2(C)[C@H]1CC[C@]2(O)C(=O)O	ok
CHEMBL1201396	FLUTICASONE	3		Small molecule	0	0	0	0	0			0		C[C@@H]1C[C@H]2[C@@H]3C[C@H](F)C4=CC(=O)C=C[C@]4(C)[C@@]3(F)[C@@H](O)C[C@]2(C)[C@@]1(O)C(=O)SCF			3.47	5	2	74.6	2			30	0	C[C@@H]1C[C@H]2[C@@H]3C[C@H](F)C4=CC(=O)C=C[C@]4(C)[C@@]3(F)[C@@H](O)C[C@]2(C)[C@@]1(O)C(=O)SCF	ok
CHEMBL1201404	MOMETASONE	3		Small molecule	0	0	0	1	0			0		C[C@@H]1C[C@H]2[C@@H]3CCC4=CC(=O)C=C[C@]4(C)[C@@]3(Cl)[C@@H](O)C[C@]2(C)[C@@]1(O)C(=O)CCl			3.41	4	2	74.6	2			28	0	C[C@@H]1C[C@H]2[C@@H]3CCC4=CC(=O)C=C[C@]4(C)[C@@]3(Cl)[C@@H](O)C[C@]2(C)[C@@]1(O)C(=O)CCl	ok
CHEMBL1201745	CHOLINE FENOFIBRATE	4	2008	Small molecule	1	0	0	0	0			0		CC(C)(Oc1ccc(C(=O)c2ccc(Cl)cc2)cc1)C(=O)[O-].C[N+](C)(C)CCO			3.81	3	1	63.6	5			22	2	CC(C)(Oc1ccc(C(=O)c2ccc(Cl)cc2)cc1)C(=O)[O-]	ok
CHEMBL1201746	PRALATREXATE	4	2009	Small molecule	0	1	0	1	0			0		C#CCC(Cc1cnc2nc(N)nc(N)c2n1)c1ccc(C(=O)N[C@@H](CCC(=O)O)C(=O)O)cc1			0.98	9	5	207.3	10			35	3	C#CCC(Cc1cnc2nc(N)nc(N)c2n1)c1ccc(C(=O)N[C@@H](CCC(=O)O)C(=O)O)cc1	ok
CHEMBL1201747	ALCAFTADINE	4	2010	Small molecule	0	0	1	1	0			0		CN1CCC(=C2c3ccccc3CCn3c(C=O)cnc32)CC1			2.78	4	0	38.13	1			23	2	CN1CCC(=C2c3ccccc3CCn3c(C=O)cnc32)CC1	ok
CHEMBL1201748	CABAZITAXEL	4	2010	Small molecule	0	1	0	1	0			0		CO[C@H]1C(=O)[C@]2(C)[C@@H](OC)C[C@H]3OC[C@@]3(OC(C)=O)[C@H]2[C@H](OC(=O)c2ccccc2)[C@]2(O)C[C@H](OC(=O)[C@H](O)[C@@H](NC(=O)OC(C)(C)C)c3ccccc3)C(C)=C1C2(C)C			4.57	14	3	202.45	10			60	2	CO[C@H]1C(=O)[C@]2(C)[C@@H](OC)C[C@H]3OC[C@@]3(OC(C)=O)[C@H]2[C@H](OC(=O)c2ccccc2)[C@]2(O)C[C@H](OC(=O)[C@H](O)[C@@H](NC(=O)OC(C)(C)C)c3ccccc3)C(C)=C1C2(C)C	ok
CHEMBL1201749	DIFLUPREDNATE	4	2008	Small molecule	0	0	1	0	1			0		CCCC(=O)O[C@]1(C(=O)COC(C)=O)CC[C@H]2[C@@H]3C[C@H](F)C4=CC(=O)C=C[C@]4(C)[C@@]3(F)[C@@H](O)C[C@@]21C			3.52	7	1	106.97	6			36	0	CCCC(=O)O[C@]1(C(=O)COC(C)=O)CC[C@H]2[C@@H]3C[C@H](F)C4=CC(=O)C=C[C@]4(C)[C@@]3(F)[C@@H](O)C[C@@]21C	ok
CHEMBL1201752	IXABEPILONE	4	2007	Small molecule	0	1	0	1	0			0		C/C(=C\c1csc(C)n1)[C@@H]1C[C@@H]2O[C@]2(C)CCC[C@H](C)[C@H](O)[C@@H](C)C(=O)C(C)(C)[C@@H](O)CC(=O)N1			4.05	7	3	112.05	2			35	1	C/C(=C\c1csc(C)n1)[C@@H]1C[C@@H]2O[C@]2(C)CCC[C@H](C)[C@H](O)[C@@H](C)C(=O)C(C)(C)[C@@H](O)CC(=O)N1	ok
CHEMBL1201753	PITAVASTATIN	4	2009	Small molecule	1	0	0	0	0			0		O=C(O)C[C@H](O)C[C@H](O)/C=C/c1c(C2CC2)nc2ccccc2c1-c1ccc(F)cc1			4.52	4	3	90.65	8			31	3	O=C(O)C[C@H](O)C[C@H](O)/C=C/c1c(C2CC2)nc2ccccc2c1-c1ccc(F)cc1	ok
CHEMBL1201754	RUFINAMIDE	4	2007	Small molecule	1	0	0	0	0			0		NC(=O)c1cn(Cc2c(F)cccc2F)nn1			0.7	4	1	73.8	3			17	2	NC(=O)c1cn(Cc2c(F)cccc2F)nn1	ok
CHEMBL1201758	BEPOTASTINE	4	2009	Small molecule	0	0	1	0	0			0		O=C(O)CCCN1CCC(O[C@@H](c2ccc(Cl)cc2)c2ccccn2)CC1			4.17	4	1	62.66	8			27	2	O=C(O)CCCN1CCC(O[C@@H](c2ccc(Cl)cc2)c2ccccn2)CC1	ok
CHEMBL1201760	BESIFLOXACIN	4	2009	Small molecule	0	0	1	0	0			0		N[C@@H]1CCCCN(c2c(F)cc3c(=O)c(C(=O)O)cn(C4CC4)c3c2Cl)C1			3.14	5	2	88.56	3			27	2	N[C@@H]1CCCCN(c2c(F)cc3c(=O)c(C(=O)O)cn(C4CC4)c3c2Cl)C1	ok
CHEMBL1201764	FESOTERODINE	4	2007	Small molecule	1	0	0	1	1			0		CC(C)C(=O)Oc1ccc(CO)cc1[C@H](CCN(C(C)C)C(C)C)c1ccccc1			5.38	4	1	49.77	10			30	2	CC(C)C(=O)Oc1ccc(CO)cc1[C@H](CCN(C(C)C)C(C)C)c1ccccc1	ok
CHEMBL1201766	FOSPROPOFOL	4	2008	Small molecule	0	1	0	1	1			0		CC(C)c1cccc(C(C)C)c1OCOP(=O)(O)O			3.38	3	2	75.99	6			19	1	CC(C)c1cccc(C(C)C)c1OCOP(=O)(O)O	ok
CHEMBL1201772	PRASUGREL	4	2009	Small molecule	1	0	0	0	1			0		CC(=O)Oc1cc2c(s1)CCN(C(C(=O)C1CC1)c1ccccc1F)C2			3.89	5	0	46.61	5			26	2	CC(=O)Oc1cc2c(s1)CCN(C(C(=O)C1CC1)c1ccccc1F)C2	ok
CHEMBL1201774	SAPROPTERIN	4	2007	Small molecule	1	0	0	1	0			0		C[C@H](O)[C@H](O)[C@H]1CNc2nc(N)[nH]c(=O)c2N1			-1.7	7	6	136.29	2			17	1	C[C@H](O)[C@H](O)[C@H]1CNc2nc(N)[nH]c(=O)c2N1	ok
CHEMBL1201775	SAPROPTERIN DIHYDROCHLORIDE	4	2007	Small molecule	1	0	0	0	0			0		C[C@H](O)[C@H](O)[C@H]1CNc2[nH]c(N)nc(=O)c2N1.Cl.Cl			-1.7	7	6	136.29	2			17	1	C[C@H](O)[C@H](O)[C@H]1CNc2[nH]c(N)nc(=O)c2N1	ok
CHEMBL1201776	TAPENTADOL	4	2008	Small molecule	1	0	0	1	0			0		CC[C@@H](c1cccc(O)c1)[C@@H](C)CN(C)C			3.08	2	1	23.47	5			16	1	CC[C@@H](c1cccc(O)c1)[C@@H](C)CN(C)C	ok
CHEMBL1201780	CARGLUMIC ACID	4	2003	Small molecule	1	0	0	1	0			0		NC(=O)N[C@@H](CCC(=O)O)C(=O)O			-1.03	3	4	129.72	5			13	0	NC(=O)N[C@@H](CCC(=O)O)C(=O)O	ok
CHEMBL1201784	HEXAMINOLEVULINATE	4	2010	Small molecule	0	1	0	1	0			0		CCCCCCOC(=O)CCC(=O)CN			1.42	4	1	69.39	9			15	0	CCCCCCOC(=O)CCC(=O)CN	ok
CHEMBL1201786	LAPYRIUM	4	1982	Small molecule	0	0	1	1	0			0		CCCCCCCCCCCC(=O)OCCNC(=O)C[n+]1ccccc1			3.55	3	1	59.28	15			26	1	CCCCCCCCCCCC(=O)OCCNC(=O)C[n+]1ccccc1	ok
CHEMBL1201794	RIBOFLAVIN 5'-PHOSPHATE	4	1985	Small molecule	0	1	1	1	0			0		Cc1cc2nc3c(=O)[nH]c(=O)nc-3n(C[C@H](O)[C@H](O)[C@H](O)COP(=O)(O)O)c2cc1C			-1.61	10	6	208.09	7			31	1	Cc1cc2nc3c(=O)[nH]c(=O)nc-3n(C[C@H](O)[C@H](O)[C@H](O)COP(=O)(O)O)c2cc1C	ok
CHEMBL1201863	DEXLANSOPRAZOLE	4	2009	Small molecule	1	0	0	0	0			0		Cc1c(OCC(F)(F)F)ccnc1C[S@@+]([O-])c1nc2ccccc2[nH]1			3.52	4	1	73.86	5			25	3	Cc1c(OCC(F)(F)F)ccnc1C[S@@+]([O-])c1nc2ccccc2[nH]1	ok
CHEMBL1201864	DIENOGEST	4	2010	Small molecule	1	0	0	1	0			0		C[C@]12CCC3=C4CCC(=O)C=C4CC[C@H]3[C@@H]1CC[C@@]2(O)CC#N			3.84	3	1	61.09	1			23	0	C[C@]12CCC3=C4CCC(=O)C=C4CC[C@H]3[C@@H]1CC[C@@]2(O)CC#N	ok
CHEMBL1201891	DEFLAZACORT	4	2017	Small molecule	1	0	0	1	1			0		CC(=O)OCC(=O)[C@@]12N=C(C)O[C@@H]1C[C@H]1[C@@H]3CCC4=CC(=O)C=C[C@]4(C)[C@H]3[C@@H](O)C[C@@]12C			2.56	7	1	102.26	3			32	0	CC(=O)OCC(=O)[C@@]12N=C(C)O[C@@H]1C[C@H]1[C@@H]3CCC4=CC(=O)C=C[C@]4(C)[C@H]3[C@@H](O)C[C@@]12C	ok
CHEMBL1204644	FOSFOCREATINE	3		Small molecule	0	0	0	1	0			0		CN(CC(=O)O)C(=N)NP(=O)(O)O			-1.38	3	5	133.95	3			13	0	CN(CC(=O)O)C(=N)NP(=O)(O)O	ok
CHEMBL1206	ETHOPROPAZINE	4	1982	Small molecule	1	0	0	1	0			0		CCN(CC)C(C)CN1c2ccccc2Sc2ccccc21			5.02	3	0	6.48	5			22	2	CCN(CC)C(C)CN1c2ccccc2Sc2ccccc21	ok
CHEMBL1206232	FOSBRETABULIN	3		Small molecule	0	0	0	1	1			0		COc1ccc(/C=C\c2cc(OC)c(OC)c(OC)c2)cc1OP(=O)(O)O			3.36	6	2	103.68	8			27	2	COc1ccc(/C=C\c2cc(OC)c(OC)c(OC)c2)cc1OP(=O)(O)O	ok
CHEMBL120643	TOCOTRIENOL	3		Small molecule	0	0	0	1	0			0		CC(C)=CCC/C(C)=C/CC/C(C)=C/CCC1(C)CCc2cc(O)ccc2O1			7.68	2	1	29.46	9			28	1	CC(C)=CCC/C(C)=C/CC/C(C)=C/CCC1(C)CCc2cc(O)ccc2O1	ok
CHEMBL1206690	PARECOXIB	4	2002	Small molecule	0	0	0	1	1			0		CCC(=O)NS(=O)(=O)c1ccc(-c2c(-c3ccccc3)noc2C)cc1			3.53	5	1	89.27	5			26	3	CCC(=O)NS(=O)(=O)c1ccc(-c2c(-c3ccccc3)noc2C)cc1	ok
CHEMBL1207745	BERAPROST	3		Small molecule	0	0	0	0	0			0		CC#CCC(C)[C@H](O)/C=C/[C@@H]1[C@H]2c3cccc(CCCC(=O)O)c3O[C@H]2C[C@H]1O			3.29	4	3	86.99	8			29	1	CC#CCC(C)[C@H](O)/C=C/[C@@H]1[C@H]2c3cccc(CCCC(=O)O)c3O[C@H]2C[C@H]1O	ok
CHEMBL1208	CINOXACIN	4	1980	Small molecule	1	0	0	1	0			0		CCn1nc(C(=O)O)c(=O)c2cc3c(cc21)OCO3			0.84	6	1	90.65	2			19	2	CCn1nc(C(=O)O)c(=O)c2cc3c(cc21)OCO3	ok
CHEMBL1208155	ELAGOLIX	4	2018	Small molecule	1	0	0	0	0			0		COc1cccc(-c2c(C)n(Cc3c(F)cccc3C(F)(F)F)c(=O)n(C[C@H](NCCCC(=O)O)c3ccccc3)c2=O)c1F			5.54	7	2	102.56	12			45	4	COc1cccc(-c2c(C)n(Cc3c(F)cccc3C(F)(F)F)c(=O)n(C[C@H](NCCCC(=O)O)c3ccccc3)c2=O)c1F	ok
CHEMBL1208422	ROSE BENGAL FREE ACID	4	1971	Small molecule	0	1	0	1	0			0		O=C(O)c1c(Cl)c(Cl)c(Cl)c(Cl)c1-c1c2cc(I)c(=O)c(I)c-2oc2c(I)c(O)c(I)cc12			9	4	2	87.74	2			33	2	O=C(O)c1c(Cl)c(Cl)c(Cl)c(Cl)c1-c1c2cc(I)c(=O)c(I)c-2oc2c(I)c(O)c(I)cc12	ok
CHEMBL1208642	THIOSULFURIC ACID	4	1992	Small molecule	0	1	0	1	0			0		O=S(O)(O)=S			-0.32	2	2	57.53	0			5	0	O=S(O)(O)=S	ok
CHEMBL121	ROSIGLITAZONE	4	1999	Small molecule	1	0	0	1	0			0		CN(CCOc1ccc(CC2SC(=O)NC2=O)cc1)c1ccccn1			2.49	6	1	71.53	7			25	2	CN(CCOc1ccc(CC2SC(=O)NC2=O)cc1)c1ccccn1	ok
CHEMBL1213165	DOLUTEGRAVIR SODIUM	4	2013	Small molecule	1	0	0	0	0			0		C[C@@H]1CCO[C@H]2Cn3cc(C(=O)NCc4ccc(F)cc4F)c(=O)c([O-])c3C(=O)N12.[Na+]			1.35	6	2	100.87	3			30	2	C[C@@H]1CCO[C@H]2Cn3cc(C(=O)NCc4ccc(F)cc4F)c(=O)c([O-])c3C(=O)N12	ok
CHEMBL1213251	CLOBENZOREX	4		Small molecule	0	0	0	0	0			0		CC(Cc1ccccc1)NCc1ccccc1Cl			4.06	1	1	12.03	5			18	2	CC(Cc1ccccc1)NCc1ccccc1Cl	ok
CHEMBL1213252	CLORAZEPIC ACID	4	1972	Small molecule	1	0	0	1	0			0		O=C(O)C1N=C(c2ccccc2)c2cc(Cl)ccc2NC1=O			2.58	3	2	78.76	2			22	2	O=C(O)C1N=C(c2ccccc2)c2cc(Cl)ccc2NC1=O	ok
CHEMBL1213327	COENZYME_A	3		Small molecule	0	0	0	1	0			0		CC(C)(COP(=O)(O)OP(=O)(O)OC[C@H]1O[C@@H](n2cnc3c(N)ncnc32)[C@H](O)[C@@H]1OP(=O)(O)O)[C@@H](O)C(=O)NCCC(=O)NCCS			-1.67	18	10	346.56	18			48	2	CC(C)(COP(=O)(O)OP(=O)(O)OC[C@H]1O[C@@H](n2cnc3c(N)ncnc32)[C@H](O)[C@@H]1OP(=O)(O)O)[C@@H](O)C(=O)NCCC(=O)NCCS	ok
CHEMBL1213351	PROPOXYPHENE	4	1957	Small molecule	1	0	0	1	0			0		CCC(=O)O[C@](Cc1ccccc1)(c1ccccc1)[C@H](C)CN(C)C			4.28	3	0	29.54	8			25	2	CCC(=O)O[C@](Cc1ccccc1)(c1ccccc1)[C@H](C)CN(C)C	ok
CHEMBL1213456	NEMONOXACIN	3		Small molecule	0	0	0	1	0			0		COc1c(N2C[C@@H](C)C[C@H](N)C2)ccc2c(=O)c(C(=O)O)cn(C3CC3)c12			2.22	6	2	97.79	4			27	2	COc1c(N2C[C@@H](C)C[C@H](N)C2)ccc2c(=O)c(C(=O)O)cn(C3CC3)c12	ok
CHEMBL1213492	GIVINOSTAT	4	2024	Small molecule	1	0	0	1	0			0		CCN(CC)Cc1ccc2cc(COC(=O)Nc3ccc(C(=O)NO)cc3)ccc2c1			4.55	5	3	90.9	8			31	3	CCN(CC)Cc1ccc2cc(COC(=O)Nc3ccc(C(=O)NO)cc3)ccc2c1	ok
CHEMBL1213553	CHLORPROGUANIL	3		Small molecule	0	0	0	1	0			0		CC(C)NC(=N)NC(=N)Nc1ccc(Cl)c(Cl)c1			2.86	2	5	83.79	2			18	1	CC(C)NC(=N)NC(=N)Nc1ccc(Cl)c(Cl)c1	ok
CHEMBL1213583	GESTODENE	3		Small molecule	0	0	0	1	0			0		C#C[C@]1(O)C=C[C@H]2[C@@H]3CCC4=CC(=O)CC[C@@H]4[C@H]3CC[C@@]21CC			3.66	2	1	37.3	1			23	0	C#C[C@]1(O)C=C[C@H]2[C@@H]3CCC4=CC(=O)CC[C@@H]4[C@H]3CC[C@@]21CC	ok
CHEMBL1214	CARBENICILLIN	4	1982	Small molecule	0	1	0	1	0			0		CC1(C)S[C@@H]2[C@H](NC(=O)C(C(=O)O)c3ccccc3)C(=O)N2[C@H]1C(=O)O			0.49	5	3	124.01	5			26	1	CC1(C)S[C@@H]2[C@H](NC(=O)C(C(=O)O)c3ccccc3)C(=O)N2[C@H]1C(=O)O	ok
CHEMBL1214124	PERAMPANEL	4	2012	Small molecule	1	0	0	1	0			0		N#Cc1ccccc1-c1cc(-c2ccccn2)cn(-c2ccccc2)c1=O			4.44	4	0	58.68	3			27	4	N#Cc1ccccc1-c1cc(-c2ccccn2)cn(-c2ccccc2)c1=O	ok
CHEMBL1214185	ROXITHROMYCIN	3		Small molecule	0	0	0	1	0			0		CC[C@H]1OC(=O)[C@H](C)[C@@H](O[C@H]2C[C@@](C)(OC)[C@@H](O)[C@H](C)O2)[C@H](C)[C@@H](O[C@@H]2O[C@H](C)C[C@H](N(C)C)[C@H]2O)[C@](C)(O)C[C@@H](C)/C(=N\OCOCCOC)[C@H](C)[C@@H](O)[C@]1(C)O			2.21	17	5	216.89	13			58	0	CC[C@H]1OC(=O)[C@H](C)[C@@H](O[C@H]2C[C@@](C)(OC)[C@@H](O)[C@H](C)O2)[C@H](C)[C@@H](O[C@@H]2O[C@H](C)C[C@H](N(C)C)[C@H]2O)[C@](C)(O)C[C@@H](C)/C(=N\OCOCCOC)[C@H](C)[C@@H](O)[C@]1(C)O	ok
CHEMBL1214598	UMIFENOVIR	3		Small molecule	0	0	0	1	0			0		CCOC(=O)c1c(CSc2ccccc2)n(C)c2cc(Br)c(O)c(CN(C)C)c12			5.18	6	1	54.7	7			29	3	CCOC(=O)c1c(CSc2ccccc2)n(C)c2cc(Br)c(O)c(CN(C)C)c12	RISK
CHEMBL1215	PHENYLEPHRINE	4	1952	Small molecule	1	1	1	1	0			0		CNC[C@H](O)c1cccc(O)c1			0.65	3	3	52.49	3			12	1	CNC[C@H](O)c1cccc(O)c1	ok
CHEMBL1218	RAMELTEON	4	2005	Small molecule	1	0	0	1	0			0		CCC(=O)NCC[C@@H]1CCc2ccc3c(c21)CCO3			2.57	2	1	38.33	4			19	1	CCC(=O)NCC[C@@H]1CCc2ccc3c(c21)CCO3	ok
CHEMBL1219	RABEPRAZOLE	4	1999	Small molecule	1	0	0	1	0			0		COCCCOc1ccnc(C[S+]([O-])c2nc3ccccc3[nH]2)c1C			2.99	5	1	83.09	8			25	3	COCCCOc1ccnc(C[S+]([O-])c2nc3ccccc3[nH]2)c1C	ok
CHEMBL122	ROFECOXIB	4	1999	Small molecule	1	0	0	1	0			0		CS(=O)(=O)c1ccc(C2=C(c3ccccc3)C(=O)OC2)cc1			2.56	4	0	60.44	3			22	2	CS(=O)(=O)c1ccc(C2=C(c3ccccc3)C(=O)OC2)cc1	ok
CHEMBL1220	TINIDAZOLE	4	2004	Small molecule	1	0	0	1	0			0		CCS(=O)(=O)CCn1c([N+](=O)[O-])cnc1C			0.53	6	0	95.1	5			16	1	CCS(=O)(=O)CCn1c([N+](=O)[O-])cnc1C	ok
CHEMBL1221	SULCONAZOLE	4	1985	Small molecule	0	0	1	1	0			0		Clc1ccc(CSC(Cn2ccnc2)c2ccc(Cl)cc2Cl)cc1			6.52	3	0	17.82	6			24	3	Clc1ccc(CSC(Cn2ccnc2)c2ccc(Cl)cc2Cl)cc1	ok
CHEMBL1222250	DEXTROSE	4	1982	Small molecule	0	1	0	1	0			0		OC[C@H]1OC(O)[C@H](O)[C@@H](O)[C@@H]1O			-3.22	6	5	110.38	1			12	0	OC[C@H]1OC(O)[C@H](O)[C@@H](O)[C@@H]1O	ok
CHEMBL1222251	INOSITOL	3		Small molecule	0	0	0	1	0			0		O[C@H]1[C@H](O)[C@@H](O)[C@H](O)[C@@H](O)[C@H]1O			-3.83	6	6	121.38	0			12	0	O[C@H]1[C@H](O)[C@@H](O)[C@H](O)[C@@H](O)[C@H]1O	ok
CHEMBL1224	ACRIVASTINE	4	1994	Small molecule	1	0	0	1	0			0		Cc1ccc(/C(=C\CN2CCCC2)c2cccc(/C=C/C(=O)O)n2)cc1			4.02	3	1	53.43	6			26	2	Cc1ccc(/C(=C\CN2CCCC2)c2cccc(/C=C/C(=O)O)n2)cc1	ok
CHEMBL1228	OXYPHENBUTAZONE ANHYDROUS	4	1960	Small molecule	1	0	0	1	0			0		CCCCC1C(=O)N(c2ccccc2)N(c2ccc(O)cc2)C1=O			3.49	3	1	60.85	5			24	2	CCCCC1C(=O)N(c2ccccc2)N(c2ccc(O)cc2)C1=O	ok
CHEMBL1229	OSELTAMIVIR	4	1999	Small molecule	1	0	0	1	1			0		CCOC(=O)C1=C[C@@H](OC(CC)CC)[C@H](NC(C)=O)[C@@H](N)C1			1.29	5	2	90.65	7			22	0	CCOC(=O)C1=C[C@@H](OC(CC)CC)[C@H](NC(C)=O)[C@@H](N)C1	ok
CHEMBL1229211	DOLUTEGRAVIR	4	2013	Small molecule	1	0	0	0	0			0		C[C@@H]1CCO[C@H]2Cn3cc(C(=O)NCc4ccc(F)cc4F)c(=O)c(O)c3C(=O)N12			1.35	6	2	100.87	3			30	2	C[C@@H]1CCO[C@H]2Cn3cc(C(=O)NCc4ccc(F)cc4F)c(=O)c(O)c3C(=O)N12	ok
CHEMBL1229517	VEMURAFENIB	4	2011	Small molecule	1	0	0	0	0			0		CCCS(=O)(=O)Nc1ccc(F)c(C(=O)c2c[nH]c3ncc(-c4ccc(Cl)cc4)cc23)c1F			5.54	4	2	91.92	7			33	4	CCCS(=O)(=O)Nc1ccc(F)c(C(=O)c2c[nH]c3ncc(-c4ccc(Cl)cc4)cc23)c1F	ok
CHEMBL1230191	TRIPHOSPHATE	3		Small molecule	0	0	0	1	0			0		O=P(O)(O)OP(=O)(O)OP(=O)(O)O			-0.69	5	5	170.82	4			13	0	O=P(O)(O)OP(=O)(O)OP(=O)(O)O	ok
CHEMBL1230245	RONOPTERIN	3		Small molecule	0	0	0	1	0			0		C[C@H](O)[C@H](O)[C@H]1CNc2nc(N)nc(N)c2N1			-1.41	8	6	142.34	2			17	1	C[C@H](O)[C@H](O)[C@H]1CNc2nc(N)nc(N)c2N1	ok
CHEMBL1230314	ESTETROL ANHYDROUS	4	2021	Small molecule	1	0	0	1	0			0		C[C@]12CC[C@@H]3c4ccc(O)cc4CC[C@H]3[C@@H]1[C@@H](O)[C@@H](O)[C@@H]2O			1.55	4	4	80.92	0			22	1	C[C@]12CC[C@@H]3c4ccc(O)cc4CC[C@H]3[C@@H]1[C@@H](O)[C@@H](O)[C@@H]2O	ok
CHEMBL1231	OXYBUTYNIN	4	1975	Small molecule	1	0	1	1	0			0		CCN(CC)CC#CCOC(=O)C(O)(c1ccccc1)C1CCCCC1			3.34	4	1	49.77	7			26	1	CCN(CC)CC#CCOC(=O)C(O)(c1ccccc1)C1CCCCC1	ok
CHEMBL1231160	PEVONEDISTAT	3		Small molecule	0	0	0	1	0			0		NS(=O)(=O)OC[C@@H]1C[C@@H](n2ccc3c(N[C@H]4CCc5ccccc54)ncnc32)C[C@@H]1O			2.06	8	3	132.36	6			31	3	NS(=O)(=O)OC[C@@H]1C[C@@H](n2ccc3c(N[C@H]4CCc5ccccc54)ncnc32)C[C@@H]1O	ok
CHEMBL1231574	LEVOMEFOLIC ACID	4	2010	Small molecule	1	0	0	1	0			0		CN1c2c([nH]c(N)nc2=O)NC[C@@H]1CNc1ccc(C(=O)N[C@@H](CCC(=O)O)C(=O)O)cc1			-0.26	9	7	202.77	9			33	2	CN1c2c([nH]c(N)nc2=O)NC[C@@H]1CNc1ccc(C(=O)N[C@@H](CCC(=O)O)C(=O)O)cc1	ok
CHEMBL1231700	CITICOLINE	3		Small molecule	0	0	0	1	0			0		C[N+](C)(C)CCOP(=O)(O)OP(=O)([O-])OC[C@H]1O[C@@H](n2ccc(N)nc2=O)[C@H](O)[C@@H]1O			-2.23	13	4	215.72	10			31	1	C[N+](C)(C)CCOP(=O)(O)OP(=O)([O-])OC[C@H]1O[C@@H](n2ccc(N)nc2=O)[C@H](O)[C@@H]1O	ok
CHEMBL12318	CLODRONIC ACID	3		Small molecule	0	0	0	1	0			0		O=P(O)(O)C(Cl)(Cl)P(=O)(O)O			0.43	2	4	115.06	2			11	0	O=P(O)(O)C(Cl)(Cl)P(=O)(O)O	ok
CHEMBL1231840	CARBON MONOXIDE	3		Small molecule	0	0	0	1	0			0		[C-]#[O+]			-0.04	0	0	19.9	0			2	0	[C-]#[O+]	ok
CHEMBL1231871	CARBON DIOXIDE	3		Small molecule	0	0	0	1	0			0		O=C=O			-0.58	2	0	34.14	0			3	0	O=C=O	ok
CHEMBL1232	ERTAPENEM SODIUM	4	2001	Small molecule	0	1	0	1	0			0		C[C@@H](O)[C@H]1C(=O)N2C(C(=O)[O-])=C(S[C@@H]3CN[C@H](C(=O)Nc4cccc(C(=O)O)c4)C3)[C@H](C)[C@H]12.[Na+]			0.94	7	5	156.27	7			33	1	C[C@@H](O)[C@H]1C(=O)N2C(C(=O)[O-])=C(S[C@@H]3CN[C@H](C(=O)Nc4cccc(C(=O)O)c4)C3)[C@H](C)[C@H]12	ok
CHEMBL1232131	DOBESILIC ACID	4		Small molecule	0	0	0	1	0			0		O=S(=O)(O)c1cc(O)ccc1O			0.34	4	3	94.83	1			12	1	O=S(=O)(O)c1cc(O)ccc1O	ok
CHEMBL1232510	SOLITHROMYCIN	3		Small molecule	0	0	0	0	0			0		CC[C@H]1OC(=O)[C@@](C)(F)C(=O)[C@H](C)[C@@H](O[C@@H]2O[C@H](C)C[C@H](N(C)C)[C@H]2O)[C@](C)(OC)C[C@@H](C)C(=O)[C@H](C)[C@H]2N(CCCCn3cc(-c4cccc(N)c4)nn3)C(=O)O[C@]12C			4.6	15	2	197.87	11			60	2	CC[C@H]1OC(=O)[C@@](C)(F)C(=O)[C@H](C)[C@@H](O[C@@H]2O[C@H](C)C[C@H](N(C)C)[C@H]2O)[C@](C)(OC)C[C@@H](C)C(=O)[C@H](C)[C@H]2N(CCCCn3cc(-c4cccc(N)c4)nn3)C(=O)O[C@]12C	ok
CHEMBL1233	CARISOPRODOL	4	1959	Small molecule	1	0	0	1	1			0		CCCC(C)(COC(N)=O)COC(=O)NC(C)C			2.02	4	2	90.65	7			18	0	CCCC(C)(COC(N)=O)COC(=O)NC(C)C	ok
CHEMBL1233511	PHYTIC ACID	3		Small molecule	0	0	0	1	0			0		O=P(O)(O)O[C@H]1[C@H](OP(=O)(O)O)[C@@H](OP(=O)(O)O)[C@H](OP(=O)(O)O)[C@@H](OP(=O)(O)O)[C@H]1OP(=O)(O)O			-3.13	12	12	400.56	12			36	0	O=P(O)(O)O[C@H]1[C@H](OP(=O)(O)O)[C@@H](OP(=O)(O)O)[C@H](OP(=O)(O)O)[C@@H](OP(=O)(O)O)[C@H]1OP(=O)(O)O	ok
CHEMBL1233528	VOLASERTIB	3		Small molecule	0	0	0	1	0			0		CC[C@@H]1C(=O)N(C)c2cnc(Nc3ccc(C(=O)N[C@H]4CC[C@H](N5CCN(CC6CC6)CC5)CC4)cc3OC)nc2N1C(C)C			4.27	9	2	106.17	10			45	2	CC[C@@H]1C(=O)N(C)c2cnc(Nc3ccc(C(=O)N[C@H]4CC[C@H](N5CCN(CC6CC6)CC5)CC4)cc3OC)nc2N1C(C)C	ok
CHEMBL1234270	ARFOLITIXORIN	3		Small molecule	0	0	0	1	0			0		Nc1nc2c(c(=O)[nH]1)N1CN(c3ccc(C(=O)N[C@@H](CCC(=O)O)C(=O)O)cc3)C[C@H]1CN2			-0.52	9	6	193.98	7			33	2	Nc1nc2c(c(=O)[nH]1)N1CN(c3ccc(C(=O)N[C@@H](CCC(=O)O)C(=O)O)cc3)C[C@H]1CN2	ok
CHEMBL1234579	NITROUS OXIDE	4		Small molecule	0	0	0	1	0			0		[N-]=[N+]=O			-0.16	1	0	53.47	0			3	0	[N-]=[N+]=O	ok
CHEMBL1234886	OXYGEN	4	2006	Small molecule	0	0	1	1	0			1		O=O			0.07	2	0	34.14	0			2	0	O=O	ok
CHEMBL1235452	SULFUR	4	1982	Small molecule	0	0	1	1	0			0		S1SSSSSSS1			5.19	8	0	0	0			8	0	S1SSSSSSS1	ok
CHEMBL1235551	PRAZIQUANTEL, (R)-	3		Small molecule	0	0	0	1	0			0		O=C(C1CCCCC1)N1CC(=O)N2CCc3ccccc3[C@@H]2C1			2.53	2	0	40.62	1			23	1	O=C(C1CCCCC1)N1CC(=O)N2CCc3ccccc3[C@@H]2C1	ok
CHEMBL123558	AZIMILIDE	3		Small molecule	0	0	0	1	0			0		CN1CCN(CCCCN2C(=O)CN(/N=C/c3ccc(-c4ccc(Cl)cc4)o3)C2=O)CC1			3.23	6	0	72.6	8			32	2	CN1CCN(CCCCN2C(=O)CN(/N=C/c3ccc(-c4ccc(Cl)cc4)o3)C2=O)CC1	RISK
CHEMBL1235931	LEVULINIC ACID	3		Small molecule	0	0	0	1	0			0		CC(=O)CCC(=O)O			0.44	2	1	54.37	3			8	0	CC(=O)CCC(=O)O	ok
CHEMBL1236183	TAGATOSE	3		Small molecule	0	0	0	1	0			0		O=C(CO)[C@@H](O)[C@@H](O)[C@H](O)CO			-3.38	6	5	118.22	5			12	0	O=C(CO)[C@@H](O)[C@@H](O)[C@H](O)CO	ok
CHEMBL1236315	TARTARIC ACID	4	1985	Small molecule	1	0	0	1	0			0		O=C(O)[C@H](O)[C@@H](O)C(=O)O			-2.12	4	4	115.06	3			10	0	O=C(O)[C@H](O)[C@@H](O)C(=O)O	ok
CHEMBL1236821	XYLOSE	4	1982	Small molecule	1	0	0	1	0			0		O=C[C@H](O)[C@@H](O)[C@H](O)CO			-2.74	5	4	97.99	4			10	0	O=C[C@H](O)[C@@H](O)[C@H](O)CO	ok
CHEMBL1237	LISINOPRIL ANHYDROUS	4	1987	Small molecule	1	0	0	1	0			0		NCCCC[C@H](N[C@@H](CCc1ccccc1)C(=O)O)C(=O)N1CCC[C@H]1C(=O)O			1.24	5	4	132.96	12			29	1	NCCCC[C@H](N[C@@H](CCc1ccccc1)C(=O)O)C(=O)N1CCC[C@H]1C(=O)O	ok
CHEMBL1237021	LURASIDONE	4	2010	Small molecule	1	0	0	1	0			0		O=C1[C@@H]2[C@H]3CC[C@H](C3)[C@@H]2C(=O)N1C[C@@H]1CCCC[C@H]1CN1CCN(c2nsc3ccccc23)CC1			4.26	6	0	56.75	5			35	2	O=C1[C@@H]2[C@H]3CC[C@H](C3)[C@@H]2C(=O)N1C[C@@H]1CCCC[C@H]1CN1CCN(c2nsc3ccccc23)CC1	ok
CHEMBL1237044	TRAMADOL	4	1995	Small molecule	1	0	0	1	0			0		COc1cccc(C2(O)CCCCC2CN(C)C)c1			2.63	3	1	32.7	4			19	1	COc1cccc(C2(O)CCCCC2CN(C)C)c1	ok
CHEMBL1237054	PLICAMYCIN	4	1970	Small molecule	0	1	0	1	0			0		CO[C@H](C(=O)[C@@H](O)[C@@H](C)O)[C@@H]1Cc2cc3cc(O[C@H]4C[C@@H](O[C@@H]5C[C@@H](O)[C@H](O)[C@@H](C)O5)[C@H](O)[C@@H](C)O4)c(C)c(O)c3c(O)c2C(=O)[C@H]1O[C@H]1C[C@@H](O[C@@H]2C[C@@H](O)[C@@H](O[C@@H]3C[C@](C)(O)[C@H](O)[C@@H](C)O3)[C@@H](C)O2)[C@H](O)[C@@H](C)O1												CO[C@H](C(=O)[C@@H](O)[C@@H](C)O)[C@@H]1Cc2cc3cc(O[C@H]4C[C@@H](O[C@@H]5C[C@@H](O)[C@H](O)[C@@H](C)O5)[C@H](O)[C@@H](C)O4)c(C)c(O)c3c(O)c2C(=O)[C@H]1O[C@H]1C[C@@H](O[C@@H]2C[C@@H](O)[C@@H](O[C@@H]3C[C@](C)(O)[C@H](O)[C@@H](C)O3)[C@@H](C)O2)[C@H](O)[C@@H](C)O1	ok
CHEMBL1237061	PITAVASTATIN CALCIUM	4	2009	Small molecule	1	0	0	0	0			0		O=C([O-])C[C@H](O)C[C@H](O)/C=C/c1c(C2CC2)nc2ccccc2c1-c1ccc(F)cc1.O=C([O-])C[C@H](O)C[C@H](O)/C=C/c1c(C2CC2)nc2ccccc2c1-c1ccc(F)cc1.[Ca+2]			4.52	4	3	90.65	8			31	3	O=C([O-])C[C@H](O)C[C@H](O)/C=C/c1c(C2CC2)nc2ccccc2c1-c1ccc(F)cc1	ok
CHEMBL1237066	CALCIUM GLUCEPTATE	4	1982	Small molecule	0	1	0	1	0			0		O=C([O-])C(O)[C@H](O)[C@@H](O)[C@H](O)[C@H](O)CO.O=C([O-])C(O)[C@H](O)[C@@H](O)[C@H](O)[C@H](O)CO.[Ca+2]												O=C([O-])C(O)[C@H](O)[C@@H](O)[C@H](O)[C@H](O)CO	ok
CHEMBL1237070	MICAFUNGIN SODIUM	4	2005	Small molecule	0	1	0	1	0			0		CCCCCOc1ccc(-c2cc(-c3ccc(C(=O)N[C@H]4C[C@@H](O)[C@@H](O)NC(=O)[C@@H]5[C@@H](O)[C@@H](C)CN5C(=O)[C@H]([C@H](O)CC(N)=O)NC(=O)[C@H]([C@H](O)[C@@H](O)c5ccc(O)c(OS(=O)(=O)[O-])c5)NC(=O)[C@@H]5C[C@@H](O)CN5C(=O)[C@H]([C@@H](C)O)NC4=O)cc3)no2)cc1.[Na+]												CCCCCOc1ccc(-c2cc(-c3ccc(C(=O)N[C@H]4C[C@@H](O)[C@@H](O)NC(=O)[C@@H]5[C@@H](O)[C@@H](C)CN5C(=O)[C@H]([C@H](O)CC(N)=O)NC(=O)[C@H]([C@H](O)[C@@H](O)c5ccc(O)c(OS(=O)(=O)[O-])c5)NC(=O)[C@@H]5C[C@@H](O)CN5C(=O)[C@H]([C@@H](C)O)NC4=O)cc3)no2)cc1	ok
CHEMBL1237072	DIRITHROMYCIN	4	1995	Small molecule	1	0	0	1	1			0		CC[C@H]1OC(=O)[C@H](C)[C@@H](O[C@H]2C[C@@](C)(OC)[C@@H](O)[C@H](C)O2)[C@H](C)[C@@H](O[C@@H]2O[C@H](C)C[C@H](N(C)C)[C@H]2O)[C@](C)(O)C[C@@H](C)[C@@H]2N[C@@H](COCCOC)O[C@H]([C@H]2C)[C@]1(C)O			2.2	16	5	196.33	12			58	0	CC[C@H]1OC(=O)[C@H](C)[C@@H](O[C@H]2C[C@@](C)(OC)[C@@H](O)[C@H](C)O2)[C@H](C)[C@@H](O[C@@H]2O[C@H](C)C[C@H](N(C)C)[C@H]2O)[C@](C)(O)C[C@@H](C)[C@@H]2N[C@@H](COCCOC)O[C@H]([C@H]2C)[C@]1(C)O	ok
CHEMBL1237119	TREPROSTINIL	4	2002	Small molecule	1	1	1	1	0			0		CCCCC[C@H](O)CC[C@@H]1[C@H]2Cc3cccc(OCC(=O)O)c3C[C@H]2C[C@H]1O			3.58	4	3	86.99	10			28	1	CCCCC[C@H](O)CC[C@@H]1[C@H]2Cc3cccc(OCC(=O)O)c3C[C@H]2C[C@H]1O	ok
CHEMBL1237122	CARBOPROST	4	1979	Small molecule	0	1	0	1	0			0		CCCCC[C@](C)(O)/C=C/[C@@H]1[C@@H](C/C=C\CCCC(=O)O)[C@@H](O)C[C@H]1O			3.43	4	4	97.99	12			26	0	CCCCC[C@](C)(O)/C=C/[C@@H]1[C@@H](C/C=C\CCCC(=O)O)[C@@H](O)C[C@H]1O	ok
CHEMBL1237123	DOXACURIUM	4	1991	Small molecule	0	1	0	0	0			0		COc1cc(CC2c3c(cc(OC)c(OC)c3OC)CC[N+]2(C)CCCOC(=O)CCC(=O)OCCC[N+]2(C)CCc3cc(OC)c(OC)c(OC)c3C2Cc2cc(OC)c(OC)c(OC)c2)cc(OC)c1OC												COc1cc(CC2c3c(cc(OC)c(OC)c3OC)CC[N+]2(C)CCCOC(=O)CCC(=O)OCCC[N+]2(C)CCc3cc(OC)c(OC)c(OC)c3C2Cc2cc(OC)c(OC)c(OC)c2)cc(OC)c1OC	ok
CHEMBL1237132	CLEVIDIPINE	4	2008	Small molecule	0	1	0	1	0			0		CCCC(=O)OCOC(=O)C1=C(C)NC(C)=C(C(=O)OC)C1c1cccc(Cl)c1Cl			4.25	7	1	90.93	7			30	1	CCCC(=O)OCOC(=O)C1=C(C)NC(C)=C(C(=O)OC)C1c1cccc(Cl)c1Cl	ok
CHEMBL1238	AZELAIC ACID	4	1995	Small molecule	0	0	1	1	0			0		O=C(O)CCCCCCCC(=O)O			1.89	2	2	74.6	8			13	0	O=C(O)CCCCCCCC(=O)O	ok
CHEMBL1239	BENZYL BENZOATE	4	1976	Small molecule	0	0	1	1	0			0		O=C(OCc1ccccc1)c1ccccc1			3.04	2	0	26.3	3			16	2	O=C(OCc1ccccc1)c1ccccc1	ok
CHEMBL1241	TRIPELENNAMINE	4	1948	Small molecule	1	0	0	1	0			0		CN(C)CCN(Cc1ccccc1)c1ccccn1			2.65	3	0	19.37	6			19	2	CN(C)CCN(Cc1ccccc1)c1ccccn1	ok
CHEMBL1241348	FALDAPREVIR	3		Small molecule	0	0	0	1	0			0		C=C[C@@H]1C[C@]1(NC(=O)[C@@H]1C[C@@H](Oc2cc(-c3csc(NC(=O)C(C)C)n3)nc3c(Br)c(OC)ccc23)CN1C(=O)[C@@H](NC(=O)OC1CCCC1)C(C)(C)C)C(=O)O			6.3	11	4	198.38	13			57	3	C=C[C@@H]1C[C@]1(NC(=O)[C@@H]1C[C@@H](Oc2cc(-c3csc(NC(=O)C(C)C)n3)nc3c(Br)c(OC)ccc23)CN1C(=O)[C@@H](NC(=O)OC1CCCC1)C(C)(C)C)C(=O)O	ok
CHEMBL1241855	RIGOSERTIB	3		Small molecule	0	0	0	1	0			0		COc1cc(OC)c(/C=C/S(=O)(=O)Cc2ccc(OC)c(NCC(=O)O)c2)c(OC)c1			2.8	8	2	120.39	11			31	2	COc1cc(OC)c(/C=C/S(=O)(=O)Cc2ccc(OC)c(NCC(=O)O)c2)c(OC)c1	ok
CHEMBL1241951	LETERMOVIR	4	2017	Small molecule	1	1	0	0	0			0		COc1cccc(N2CCN(C3=Nc4c(F)cccc4[C@H](CC(=O)O)N3c3cc(C(F)(F)F)ccc3OC)CC2)c1			5.71	7	1	77.84	6			41	3	COc1cccc(N2CCN(C3=Nc4c(F)cccc4[C@H](CC(=O)O)N3c3cc(C(F)(F)F)ccc3OC)CC2)c1	ok
CHEMBL1242	PHENAZOPYRIDINE	4	1987	Small molecule	1	0	0	1	0			0		Nc1ccc(/N=N/c2ccccc2)c(N)n1			2.66	5	2	89.65	2			16	2	Nc1ccc(/N=N/c2ccccc2)c(N)n1	ok
CHEMBL1243	SULFABENZAMIDE	4	1945	Small molecule	0	0	1	1	0			0		Nc1ccc(S(=O)(=O)NC(=O)c2ccccc2)cc1			1.39	4	2	89.26	3			19	2	Nc1ccc(S(=O)(=O)NC(=O)c2ccccc2)cc1	ok
CHEMBL1248	FLUORIDE ION F-18	3		Small molecule	0	0	0	0	0			0		[18F-]			-3	0	0	0	0			1	0	[18F-]	ok
CHEMBL125	MILTEFOSINE	4	2014	Small molecule	1	0	0	1	0			0		CCCCCCCCCCCCCCCCOP(=O)([O-])OCC[N+](C)(C)C			5.68	4	0	58.59	20			27	0	CCCCCCCCCCCCCCCCOP(=O)([O-])OCC[N+](C)(C)C	ok
CHEMBL1254025	NOLASIBAN	3		Small molecule	0	0	0	0	0			0		CO/N=C1/C[C@@H](CO)N(C(=O)c2ccc(-c3ccccc3C)cc2)C1			2.87	4	1	62.13	4			25	2	CO/N=C1/C[C@@H](CO)N(C(=O)c2ccc(-c3ccccc3C)cc2)C1	ok
CHEMBL1254682	LEVALLORPHAN	4	1982	Small molecule	0	1	0	1	0			0		C=CCN1CC[C@]23CCCC[C@H]2[C@H]1Cc1ccc(O)cc13			3.64	2	1	23.47	2			21	1	C=CCN1CC[C@]23CCCC[C@H]2[C@H]1Cc1ccc(O)cc13	ok
CHEMBL1254990	NORUCHOLIC ACID	3		Small molecule	0	0	0	0	0			0		C[C@H](CC(=O)O)[C@H]1CC[C@H]2[C@@H]3[C@@H](O)C[C@@H]4C[C@H](O)CC[C@]4(C)[C@H]3CC[C@]12C			4.09	3	3	77.76	3			27	0	C[C@H](CC(=O)O)[C@H]1CC[C@H]2[C@@H]3[C@@H](O)C[C@@H]4C[C@H](O)CC[C@]4(C)[C@H]3CC[C@]12C	ok
CHEMBL1255653	SEPIAPTERIN	3		Small molecule	0	0	0	1	0			0		C[C@H](O)C(=O)C1=Nc2c(nc(N)[nH]c2=O)NC1			-1.2	7	4	133.46	2			17	1	C[C@H](O)C(=O)C1=Nc2c(nc(N)[nH]c2=O)NC1	ok
CHEMBL1255794	APLAVIROC	3		Small molecule	0	0	0	0	0			0		CCCCN1C(=O)[C@@H]([C@H](O)C2CCCCC2)NC(=O)C12CCN(Cc1ccc(Oc3ccc(C(=O)O)cc3)cc1)CC2			4.58	6	3	119.41	10			42	2	CCCCN1C(=O)[C@@H]([C@H](O)C2CCCCC2)NC(=O)C12CCN(Cc1ccc(Oc3ccc(C(=O)O)cc3)cc1)CC2	ok
CHEMBL1255800	FIDAXOMICIN	4	2011	Small molecule	1	0	0	1	0			0		CCc1c(Cl)c(O)c(Cl)c(O)c1C(=O)O[C@H]1[C@H](O)[C@H](OC)[C@H](OC/C2=C\C=C\C[C@H](O)/C(C)=C/[C@H](CC)[C@@H](O[C@@H]3OC(C)(C)[C@@H](OC(=O)C(C)C)[C@H](O)[C@@H]3O)/C(C)=C/C(C)=C/C[C@@H]([C@@H](C)O)OC2=O)O[C@@H]1C												CCc1c(Cl)c(O)c(Cl)c(O)c1C(=O)O[C@H]1[C@H](O)[C@H](OC)[C@H](OC/C2=C\C=C\C[C@H](O)/C(C)=C/[C@H](CC)[C@@H](O[C@@H]3OC(C)(C)[C@@H](OC(=O)C(C)C)[C@H](O)[C@@H]3O)/C(C)=C/C(C)=C/C[C@@H]([C@@H](C)O)OC2=O)O[C@@H]1C	ok
CHEMBL1255871	ASTAXANTHIN	3		Small molecule	0	0	0	1	0			0		CC1=C(/C=C/C(C)=C/C=C/C(C)=C/C=C/C=C(C)/C=C/C=C(C)/C=C/C2=C(C)C(=O)[C@@H](O)CC2(C)C)C(C)(C)C[C@H](O)C1=O			8.91	4	2	74.6	10			44	0	CC1=C(/C=C/C(C)=C/C=C/C(C)=C/C=C/C=C(C)/C=C/C=C(C)/C=C/C2=C(C)C(=O)[C@@H](O)CC2(C)C)C(C)(C)C[C@H](O)C1=O	ok
CHEMBL1255891	NARLAPREVIR	3		Small molecule	0	0	0	0	0			0		CCCC[C@H](NC(=O)[C@@H]1[C@@H]2[C@H](CN1C(=O)[C@@H](NC(=O)NC1(CS(=O)(=O)C(C)(C)C)CCCCC1)C(C)(C)C)C2(C)C)C(=O)C(=O)NC1CC1			3.62	7	4	170.85	13			49	0	CCCC[C@H](NC(=O)[C@@H]1[C@@H]2[C@H](CN1C(=O)[C@@H](NC(=O)NC1(CS(=O)(=O)C(C)(C)C)CCCCC1)C(C)(C)C)C2(C)C)C(=O)C(=O)NC1CC1	ok
CHEMBL1256	ISOFLURANE	4	1979	Small molecule	0	0	1	0	0			0		FC(F)OC(Cl)C(F)(F)F			2.35	1	0	9.23	2			10	0	FC(F)OC(Cl)C(F)(F)F	ok
CHEMBL1256391	PIRFENIDONE	4	2011	Small molecule	1	0	0	1	0			0		Cc1ccc(=O)n(-c2ccccc2)c1			2.15	2	0	22	1			14	2	Cc1ccc(=O)n(-c2ccccc2)c1	ok
CHEMBL1256786	FORMOTEROL	4	2001	Small molecule	0	0	1	1	0			0		COc1ccc(CC(C)NCC(O)c2ccc(O)c(NC=O)c2)cc1			2.22	5	4	90.82	9			25	2	COc1ccc(CC(C)NCC(O)c2ccc(O)c(NC=O)c2)cc1	ok
CHEMBL1256841	NIALAMIDE	4		Small molecule	0	0	0	1	0			0		O=C(CCNNC(=O)c1ccncc1)NCc1ccccc1			1.02	4	3	83.12	7			22	2	O=C(CCNNC(=O)c1ccncc1)NCc1ccccc1	ok
CHEMBL1256987	FUSIDATE SODIUM	4		Small molecule	0	0	0	1	0			0		CC(=O)O[C@H]1C[C@@]2(C)[C@@H](C[C@@H](O)[C@H]3[C@@]4(C)CC[C@@H](O)[C@@H](C)[C@@H]4CC[C@@]32C)/C1=C(\CCC=C(C)C)C(=O)[O-].[Na+]			5.67	5	3	104.06	5			37	0	CC(=O)O[C@H]1C[C@@]2(C)[C@@H](C[C@@H](O)[C@H]3[C@@]4(C)CC[C@@H](O)[C@@H](C)[C@@H]4CC[C@@]32C)/C1=C(\CCC=C(C)C)C(=O)[O-]	ok
CHEMBL1256994	CITICOLINE SODIUM	3		Small molecule	0	0	0	1	0			0		C[N+](C)(C)CCOP(=O)([O-])OP(=O)([O-])OC[C@H]1O[C@@H](n2ccc(N)nc2=O)[C@H](O)[C@@H]1O.[Na+]			-2.23	13	4	215.72	10			31	1	C[N+](C)(C)CCOP(=O)([O-])OP(=O)([O-])OC[C@H]1O[C@@H](n2ccc(N)nc2=O)[C@H](O)[C@@H]1O	ok
CHEMBL1257	ENFLURANE	4	1972	Small molecule	0	0	1	0	0			0		FC(F)OC(F)(F)C(F)Cl			2.35	1	0	9.23	3			10	0	FC(F)OC(F)(F)C(F)Cl	ok
CHEMBL1257015	PICOTAMIDE	4		Small molecule	0	0	0	1	0			0		COc1ccc(C(=O)NCc2cccnc2)cc1C(=O)NCc1cccnc1			2.35	5	2	93.21	7			28	3	COc1ccc(C(=O)NCc2cccnc2)cc1C(=O)NCc1cccnc1	ok
CHEMBL1257030	LONIDAMINE	3		Small molecule	0	0	0	1	0			0		O=C(O)c1nn(Cc2ccc(Cl)cc2Cl)c2ccccc12			4.09	3	1	55.12	3			21	3	O=C(O)c1nn(Cc2ccc(Cl)cc2Cl)c2ccccc12	ok
CHEMBL1257051	TEDIZOLID	4		Small molecule	0	0	0	0	0			0		Cn1nnc(-c2ccc(-c3ccc(N4C[C@H](CO)OC4=O)cc3F)cn2)n1			1.4	8	1	106.26	4			27	3	Cn1nnc(-c2ccc(-c3ccc(N4C[C@H](CO)OC4=O)cc3F)cn2)n1	ok
CHEMBL1257070	FAROPENEM MEDOXOMIL	3		Small molecule	0	0	0	1	1			0		Cc1oc(=O)oc1COC(=O)C1=C([C@H]2CCCO2)S[C@@H]2[C@@H]([C@@H](C)O)C(=O)N12			0.89	9	1	119.42	5			27	1	Cc1oc(=O)oc1COC(=O)C1=C([C@H]2CCCO2)S[C@@H]2[C@@H]([C@@H](C)O)C(=O)N12	ok
CHEMBL1257073	TECOVIRIMAT	4	2018	Small molecule	1	1	0	0	0			0		O=C(NN1C(=O)[C@@H]2[C@@H]3C=C[C@@H]([C@H]4C[C@@H]34)[C@@H]2C1=O)c1ccc(C(F)(F)F)cc1			2.4	3	1	66.48	2			27	1	O=C(NN1C(=O)[C@@H]2[C@@H]3C=C[C@@H]([C@H]4C[C@@H]34)[C@@H]2C1=O)c1ccc(C(F)(F)F)cc1	ok
CHEMBL1259	METOCURINE	4	1982	Small molecule	0	1	0	1	0			0		COc1ccc2cc1Oc1cc3c(cc1OC)CC[N+](C)(C)[C@H]3Cc1ccc(cc1)Oc1c(OC)c(OC)cc3c1[C@@H](C2)[N+](C)(C)CC3			7.45	6	0	55.38	4			48	4	COc1ccc2cc1Oc1cc3c(cc1OC)CC[N+](C)(C)[C@H]3Cc1ccc(cc1)Oc1c(OC)c(OC)cc3c1[C@@H](C2)[N+](C)(C)CC3	ok
CHEMBL1259059	SOFOSBUVIR	4	2013	Small molecule	1	0	0	0	1			0		CC(C)OC(=O)[C@H](C)N[P@](=O)(OC[C@H]1O[C@@H](n2ccc(=O)[nH]c2=O)[C@](C)(F)[C@@H]1O)Oc1ccccc1			1.66	10	3	158.18	10			36	2	CC(C)OC(=O)[C@H](C)N[P@](=O)(OC[C@H]1O[C@@H](n2ccc(=O)[nH]c2=O)[C@](C)(F)[C@@H]1O)Oc1ccccc1	ok
CHEMBL126	LINEZOLID	4	2000	Small molecule	1	1	0	0	0			0		CC(=O)NC[C@H]1CN(c2ccc(N3CCOCC3)c(F)c2)C(=O)O1			1.12	5	1	71.11	4			24	1	CC(=O)NC[C@H]1CN(c2ccc(N3CCOCC3)c(F)c2)C(=O)O1	ok
CHEMBL1261	CITRIC ACID	4	1982	Small molecule	1	0	1	1	0			0		O=C(O)CC(O)(CC(=O)O)C(=O)O			-1.25	4	4	132.13	5			13	0	O=C(O)CC(O)(CC(=O)O)C(=O)O	ok
CHEMBL12610	BENZYDAMINE	4		Small molecule	0	0	0	1	0			0		CN(C)CCCOc1nn(Cc2ccccc2)c2ccccc12			3.42	4	0	30.29	7			23	3	CN(C)CCCOc1nn(Cc2ccccc2)c2ccccc12	ok
CHEMBL1262	OXICONAZOLE	4	1988	Small molecule	0	0	1	1	0			0		Clc1ccc(CO/N=C(\Cn2ccnc2)c2ccc(Cl)cc2Cl)c(Cl)c1			6.12	4	0	39.41	6			26	3	Clc1ccc(CO/N=C(\Cn2ccnc2)c2ccc(Cl)cc2Cl)c(Cl)c1	ok
CHEMBL126224	IPRINDOLE	4		Small molecule	0	0	0	0	0			0		CN(C)CCCn1c2c(c3ccccc31)CCCCCC2			4.25	2	0	8.17	4			21	2	CN(C)CCCn1c2c(c3ccccc31)CCCCCC2	ok
CHEMBL1263	SALMETEROL	4	1994	Small molecule	0	0	1	1	0			0		OCc1cc(C(O)CNCCCCCCOCCCCc2ccccc2)ccc1O			4.11	5	4	81.95	16			30	2	OCc1cc(C(O)CNCCCCCCOCCCCc2ccccc2)ccc1O	ok
CHEMBL1265	ADAPALENE	4	1996	Small molecule	0	0	1	1	0			0		COc1ccc(-c2ccc3cc(C(=O)O)ccc3c2)cc1C12CC3CC(CC(C3)C1)C2			6.68	2	1	46.53	4			31	3	COc1ccc(-c2ccc3cc(C(=O)O)ccc3c2)cc1C12CC3CC(CC(C3)C1)C2	ok
CHEMBL1266	TETRAHYDROZOLINE	4	1979	Small molecule	0	0	1	1	0			0		c1ccc2c(c1)CCCC2C1=NCCN1			2.11	2	1	24.39	1			15	1	c1ccc2c(c1)CCCC2C1=NCCN1	ok
CHEMBL1267	LERIGLITAZONE	3		Small molecule	0	0	0	1	0			0		CC(O)c1ccc(CCOc2ccc(CC3SC(=O)NC3=O)cc2)nc1			2.65	6	2	88.52	7			26	2	CC(O)c1ccc(CCOc2ccc(CC3SC(=O)NC3=O)cc2)nc1	ok
CHEMBL1269025	EDOXABAN	4	2015	Small molecule	1	0	0	1	0			0		CN1CCc2nc(C(=O)N[C@@H]3C[C@@H](C(=O)N(C)C)CC[C@@H]3NC(=O)C(=O)Nc3ccc(Cl)cn3)sc2C1			1.29	8	3	136.63	5			37	2	CN1CCc2nc(C(=O)N[C@@H]3C[C@@H](C(=O)N(C)C)CC[C@@H]3NC(=O)C(=O)Nc3ccc(Cl)cn3)sc2C1	ok
CHEMBL127	MEROPENEM	4	1996	Small molecule	0	1	0	1	0			0		C[C@@H](O)[C@H]1C(=O)N2C(C(=O)O)=C(S[C@@H]3CN[C@H](C(=O)N(C)C)C3)[C@H](C)[C@H]12			-0.31	6	3	110.18	5			26	0	C[C@@H](O)[C@H]1C(=O)N2C(C(=O)O)=C(S[C@@H]3CN[C@H](C(=O)N(C)C)C3)[C@H](C)[C@H]12	ok
CHEMBL1271	PENTOLINIUM	4	1982	Small molecule	0	1	0	1	0			0		C[N+]1(CCCCC[N+]2(C)CCCC2)CCCC1			2.64	0	0	0	6			17	0	C[N+]1(CCCCC[N+]2(C)CCCC2)CCCC1	ok
CHEMBL12713	SERTINDOLE	4	1996	Small molecule	1	0	0	0	0			0		O=C1NCCN1CCN1CCC(c2cn(-c3ccc(F)cc3)c3ccc(Cl)cc23)CC1			4.63	3	1	40.51	5			31	3	O=C1NCCN1CCN1CCC(c2cn(-c3ccc(F)cc3)c3ccc(Cl)cc23)CC1	RISK
CHEMBL1272	REPAGLINIDE	4	1997	Small molecule	1	0	0	1	0			0		CCOc1cc(CC(=O)N[C@@H](CC(C)C)c2ccccc2N2CCCCC2)ccc1C(=O)O			5.22	4	2	78.87	10			33	2	CCOc1cc(CC(=O)N[C@@H](CC(C)C)c2ccccc2N2CCCCC2)ccc1C(=O)O	ok
CHEMBL1274	NILUTAMIDE	4	1996	Small molecule	1	0	0	0	0			0		CC1(C)NC(=O)N(c2ccc([N+](=O)[O-])c(C(F)(F)F)c2)C1=O			2.45	4	1	92.55	2			22	1	CC1(C)NC(=O)N(c2ccc([N+](=O)[O-])c(C(F)(F)F)c2)C1=O	ok
CHEMBL127516	BUTAMBEN	4		Small molecule	0	0	0	1	0			0		CCCCOC(=O)c1ccc(N)cc1			2.23	3	1	52.32	4			14	1	CCCCOC(=O)c1ccc(N)cc1	ok
CHEMBL1275868	AZELNIDIPINE	3		Small molecule	0	0	0	1	0			0		CC1=C(C(=O)OC(C)C)C(c2cccc([N+](=O)[O-])c2)C(C(=O)OC2CN(C(c3ccccc3)c3ccccc3)C2)=C(N)N1			4.69	9	2	137.03	9			43	3	CC1=C(C(=O)OC(C)C)C(c2cccc([N+](=O)[O-])c2)C(C(=O)OC2CN(C(c3ccccc3)c3ccccc3)C2)=C(N)N1	ok
CHEMBL127592	OXETHAZAINE	3		Small molecule	0	0	0	1	0			0		CN(C(=O)CN(CCO)CC(=O)N(C)C(C)(C)Cc1ccccc1)C(C)(C)Cc1ccccc1			3.24	4	1	64.09	12			34	2	CN(C(=O)CN(CCO)CC(=O)N(C)C(C)(C)Cc1ccccc1)C(C)(C)Cc1ccccc1	ok
CHEMBL1276308	MIFEPRISTONE	4	2000	Small molecule	1	0	0	1	0			0		CC#C[C@]1(O)CC[C@H]2[C@@H]3CCC4=CC(=O)CCC4=C3[C@@H](c3ccc(N(C)C)cc3)C[C@@]21C			5.41	3	1	40.54	2			32	1	CC#C[C@]1(O)CC[C@H]2[C@@H]3CCC4=CC(=O)CCC4=C3[C@@H](c3ccc(N(C)C)cc3)C[C@@]21C	ok
CHEMBL1276310	TEMOCILLIN	3		Small molecule	0	0	0	1	0			0		CO[C@@]1(NC(=O)C(C(=O)O)c2ccsc2)C(=O)N2[C@@H](C(=O)O)C(C)(C)S[C@@H]21			0.52	7	3	133.24	6			27	1	CO[C@@]1(NC(=O)C(C(=O)O)c2ccsc2)C(=O)N2[C@@H](C(=O)O)C(C)(C)S[C@@H]21	ok
CHEMBL1278	NARATRIPTAN	4	1998	Small molecule	1	0	0	1	0			0		CNS(=O)(=O)CCc1ccc2[nH]cc(C3CCN(C)CC3)c2c1			2.07	3	2	65.2	5			23	2	CNS(=O)(=O)CCc1ccc2[nH]cc(C3CCN(C)CC3)c2c1	ok
CHEMBL1278146	FAMITINIB	3		Small molecule	0	0	0	0	0			0		CCN(CC)CCN1CCc2[nH]c(/C=C3\C(=O)Nc4ccc(F)cc43)c(C)c2C1=O			3.3	3	2	68.44	6			30	2	CCN(CC)CCN1CCc2[nH]c(/C=C3\C(=O)Nc4ccc(F)cc43)c(C)c2C1=O	ok
CHEMBL1279	FROVATRIPTAN	4	2001	Small molecule	1	0	0	1	0			0		CN[C@@H]1CCc2[nH]c3ccc(C(N)=O)cc3c2C1			1.34	2	3	70.91	2			18	2	CN[C@@H]1CCc2[nH]c3ccc(C(N)=O)cc3c2C1	ok
CHEMBL128	SUMATRIPTAN	4	1992	Small molecule	1	1	1	1	0			0		CNS(=O)(=O)Cc1ccc2[nH]cc(CCN(C)C)c2c1			1.32	3	2	65.2	6			20	2	CNS(=O)(=O)Cc1ccc2[nH]cc(CCN(C)C)c2c1	ok
CHEMBL1282	IMIQUIMOD	4	1997	Small molecule	0	0	1	1	0			0		CC(C)Cn1cnc2c(N)nc3ccccc3c21			2.82	4	1	56.73	2			18	3	CC(C)Cn1cnc2c(N)nc3ccccc3c21	ok
CHEMBL12856	INAMRINONE	4	1984	Small molecule	0	1	0	1	0			0		Nc1cc(-c2ccncc2)c[nH]c1=O			1.02	3	2	71.77	1			14	2	Nc1cc(-c2ccncc2)c[nH]c1=O	ok
CHEMBL1286	LEVETIRACETAM	4	1999	Small molecule	1	1	0	1	0			0		CC[C@@H](C(N)=O)N1CCCC1=O			-0.13	2	1	63.4	3			12	0	CC[C@@H](C(N)=O)N1CCCC1=O	ok
CHEMBL1287853	FEDRATINIB	4	2019	Small molecule	1	0	0	1	0			0		Cc1cnc(Nc2ccc(OCCN3CCCC3)cc2)nc1Nc1cccc(S(=O)(=O)NC(C)(C)C)c1			4.82	8	3	108.48	10			37	3	Cc1cnc(Nc2ccc(OCCN3CCCC3)cc2)nc1Nc1cccc(S(=O)(=O)NC(C)(C)C)c1	ok
CHEMBL1288810	LEVODROPROPIZINE	3		Small molecule	0	0	0	1	0			0		OC[C@@H](O)CN1CCN(c2ccccc2)CC1			0.16	4	2	46.94	4			17	1	OC[C@@H](O)CN1CCN(c2ccccc2)CC1	ok
CHEMBL1289	HALOPROGIN	4	1982	Small molecule	0	0	1	1	0			0		Clc1cc(Cl)c(OCC#CI)cc1Cl			4.42	1	0	9.23	2			14	1	Clc1cc(Cl)c(OCC#CI)cc1Cl	ok
CHEMBL1289110	TIANEPTINE	3		Small molecule	0	0	0	1	0			0		CN1c2ccccc2C(NCCCCCCC(=O)O)c2ccc(Cl)cc2S1(=O)=O			4.19	4	2	86.71	8			29	2	CN1c2ccccc2C(NCCCCCCC(=O)O)c2ccc(Cl)cc2S1(=O)=O	ok
CHEMBL1289494	TIVOZANIB	4	2017	Small molecule	1	0	0	1	0			0		COc1cc2nccc(Oc3ccc(NC(=O)Nc4cc(C)on4)c(Cl)c3)c2cc1OC			5.64	7	2	107.74	6			32	4	COc1cc2nccc(Oc3ccc(NC(=O)Nc4cc(C)on4)c(Cl)c3)c2cc1OC	ok
CHEMBL1289601	LENVATINIB	4	2015	Small molecule	1	0	0	1	0			0		COc1cc2nccc(Oc3ccc(NC(=O)NC4CC4)c(Cl)c3)c2cc1C(N)=O			4.07	5	3	115.57	6			30	3	COc1cc2nccc(Oc3ccc(NC(=O)NC4CC4)c(Cl)c3)c2cc1C(N)=O	ok
CHEMBL1289926	AXITINIB	4	2012	Small molecule	1	0	0	1	0			0		CNC(=O)c1ccccc1Sc1ccc2c(/C=C/c3ccccn3)n[nH]c2c1			4.64	4	2	70.67	5			28	4	CNC(=O)c1ccccc1Sc1ccc2c(/C=C/c3ccccn3)n[nH]c2c1	ok
CHEMBL129	ZIDOVUDINE	4	1987	Small molecule	1	1	0	1	1			0		Cc1cn([C@H]2C[C@H](N=[N+]=[N-])[C@@H](CO)O2)c(=O)[nH]c1=O			-0.2	6	2	133.08	3			19	1	Cc1cn([C@H]2C[C@H](N=[N+]=[N-])[C@@H](CO)O2)c(=O)[nH]c1=O	ok
CHEMBL1290	PENBUTOLOL	4	1987	Small molecule	1	0	0	1	0			0		CC(C)(C)NC[C@H](O)COc1ccccc1C1CCCC1			3.47	3	2	41.49	6			21	1	CC(C)(C)NC[C@H](O)COc1ccccc1C1CCCC1	ok
CHEMBL1291	METIPRANOLOL	4	1989	Small molecule	0	0	1	1	0			0		CC(=O)Oc1c(C)cc(OCC(O)CNC(C)C)c(C)c1C			2.27	5	2	67.79	7			22	1	CC(=O)Oc1c(C)cc(OCC(O)CNC(C)C)c(C)c1C	ok
CHEMBL1292	CLOFAZIMINE	4	1986	Small molecule	1	0	0	1	0			0		CC(C)/N=c1\cc2n(-c3ccc(Cl)cc3)c3ccccc3nc-2cc1Nc1ccc(Cl)cc1			7.49	4	1	42.21	4			33	3	CC(C)/N=c1\cc2n(-c3ccc(Cl)cc3)c3ccccc3nc-2cc1Nc1ccc(Cl)cc1	ok
CHEMBL1293	BETA CAROTENE	4	1982	Small molecule	1	0	0	1	0			0		CC1=C(/C=C/C(C)=C/C=C/C(C)=C/C=C/C=C(C)/C=C/C=C(C)/C=C/C2=C(C)CCCC2(C)C)C(C)(C)CCC1			12.61	0	0	0	10			40	0	CC1=C(/C=C/C(C)=C/C=C/C(C)=C/C=C/C=C(C)/C=C/C=C(C)/C=C/C2=C(C)CCCC2(C)C)C(C)(C)CCC1	ok
CHEMBL1294	QUINIDINE	4	1950	Small molecule	1	1	0	1	0			0		C=C[C@H]1CN2CC[C@H]1C[C@@H]2[C@@H](O)c1ccnc2ccc(OC)cc12			3.17	4	1	45.59	4			24	2	C=C[C@H]1CN2CC[C@H]1C[C@@H]2[C@@H](O)c1ccnc2ccc(OC)cc12	RISK
CHEMBL12948	SEMUSTINE	3		Small molecule	0	0	0	1	0			0		CC1CCC(NC(=O)N(CCCl)N=O)CC1			2.5	3	1	61.77	4			16	0	CC1CCC(NC(=O)N(CCCl)N=O)CC1	ok
CHEMBL1295	BUTOCONAZOLE	4	1985	Small molecule	0	0	1	1	0			0		Clc1ccc(CCC(Cn2ccnc2)Sc2c(Cl)cccc2Cl)cc1			6.64	3	0	17.82	7			25	3	Clc1ccc(CCC(Cn2ccnc2)Sc2c(Cl)cccc2Cl)cc1	ok
CHEMBL1296	CEFOTIAM	4	1988	Small molecule	0	1	0	1	0			0		CN(C)CCn1nnnc1SCC1=C(C(=O)O)N2C(=O)[C@@H](NC(=O)Cc3csc(N)n3)[C@H]2SC1			-0.65	13	3	172.46	10			34	2	CN(C)CCn1nnnc1SCC1=C(C(=O)O)N2C(=O)[C@@H](NC(=O)Cc3csc(N)n3)[C@H]2SC1	ok
CHEMBL1297	FENOPROFEN	4	1976	Small molecule	1	0	0	1	0			0		CC(C(=O)O)c1cccc(Oc2ccccc2)c1			3.67	2	1	46.53	4			18	2	CC(C(=O)O)c1cccc(Oc2ccccc2)c1	ok
CHEMBL13	METOPROLOL	4	1978	Small molecule	1	1	0	1	0			0		COCCc1ccc(OCC(O)CNC(C)C)cc1			1.61	4	2	50.72	9			19	1	COCCc1ccc(OCC(O)CNC(C)C)cc1	ok
CHEMBL130	CHLORAMPHENICOL	4	1950	Small molecule	1	1	1	1	0			0		O=C(N[C@H](CO)[C@H](O)c1ccc([N+](=O)[O-])cc1)C(Cl)Cl			0.91	5	3	112.7	6			20	1	O=C(N[C@H](CO)[C@H](O)c1ccc([N+](=O)[O-])cc1)C(Cl)Cl	ok
CHEMBL1301	HYDROXYSTILBAMIDINE	4	1953	Small molecule	0	1	0	1	0			0		N=C(N)c1ccc(/C=C/c2ccc(C(=N)N)cc2O)cc1			2.13	3	5	119.97	4			21	2	N=C(N)c1ccc(/C=C/c2ccc(C(=N)N)cc2O)cc1	ok
CHEMBL1303	ROTIGOTINE	4	2006	Small molecule	0	0	1	1	0			0		CCCN(CCc1cccs1)[C@H]1CCc2c(O)cccc2C1			4.27	3	1	23.47	6			22	2	CCCN(CCc1cccs1)[C@H]1CCc2c(O)cccc2C1	ok
CHEMBL1305	ANTAZOLINE	4	1994	Small molecule	0	0	1	1	0			0		c1ccc(CN(CC2=NCCN2)c2ccccc2)cc1			2.69	3	1	27.63	5			20	2	c1ccc(CN(CC2=NCCN2)c2ccccc2)cc1	ok
CHEMBL1308	FOMEPIZOLE	4	1997	Small molecule	0	1	0	1	0			0		Cc1cn[nH]c1			0.72	1	1	28.68	0			6	1	Cc1cn[nH]c1	ok
CHEMBL131	PREDNISOLONE	4	1955	Small molecule	1	0	1	1	0			1		C[C@]12C=CC(=O)C=C1CC[C@@H]1[C@@H]2[C@@H](O)C[C@@]2(C)[C@H]1CC[C@]2(O)C(=O)CO			1.56	5	3	94.83	2			26	0	C[C@]12C=CC(=O)C=C1CC[C@@H]1[C@@H]2[C@@H](O)C[C@@]2(C)[C@H]1CC[C@]2(O)C(=O)CO	ok
CHEMBL1311	ISOSORBIDE MONONITRATE	4	1991	Small molecule	1	0	0	1	1			0		O=[N+]([O-])O[C@@H]1CO[C@H]2[C@@H]1OC[C@@H]2O			-1.28	6	1	91.06	2			13	0	O=[N+]([O-])O[C@@H]1CO[C@H]2[C@@H]1OC[C@@H]2O	ok
CHEMBL1314	TIOPRONIN	4	1988	Small molecule	1	0	0	1	0			0		CC(S)C(=O)NCC(=O)O			-0.49	3	3	66.4	3			10	0	CC(S)C(=O)NCC(=O)O	ok
CHEMBL1316	CARPROFEN	4	1987	Small molecule	1	0	0	1	0			0		CC(C(=O)O)c1ccc2c(c1)[nH]c1ccc(Cl)cc12			4.16	1	2	53.09	2			19	3	CC(C(=O)O)c1ccc2c(c1)[nH]c1ccc(Cl)cc12	ok
CHEMBL13209	NITRAZEPAM	4		Small molecule	0	0	0	1	0			0		O=C1CN=C(c2ccccc2)c2cc([N+](=O)[O-])ccc2N1			2.38	4	1	84.6	2			21	2	O=C1CN=C(c2ccccc2)c2cc([N+](=O)[O-])ccc2N1	ok
CHEMBL1321	PROCARBAZINE	4	1969	Small molecule	1	0	0	1	1			0		CNNCc1ccc(C(=O)NC(C)C)cc1			1.05	3	3	53.16	5			16	1	CNNCc1ccc(C(=O)NC(C)C)cc1	ok
CHEMBL1322884	PHENOTHRIN	4		Small molecule	0	0	0	1	0			0		CC(C)=CC1C(C(=O)OCc2cccc(Oc3ccccc3)c2)C1(C)C			5.76	3	0	35.53	6			26	2	CC(C)=CC1C(C(=O)OCc2cccc(Oc3ccccc3)c2)C1(C)C	ok
CHEMBL1323	DARUNAVIR	4	2006	Small molecule	1	0	0	1	0			0		CC(C)CN(C[C@@H](O)[C@H](Cc1ccccc1)NC(=O)O[C@H]1CO[C@H]2OCC[C@H]21)S(=O)(=O)c1ccc(N)cc1			2.38	8	3	140.42	11			38	2	CC(C)CN(C[C@@H](O)[C@H](Cc1ccccc1)NC(=O)O[C@H]1CO[C@H]2OCC[C@H]21)S(=O)(=O)c1ccc(N)cc1	ok
CHEMBL1324	TOLCAPONE	4	1997	Small molecule	1	0	0	1	0			0		Cc1ccc(C(=O)c2cc(O)c(O)c([N+](=O)[O-])c2)cc1			2.55	5	2	100.67	3			20	2	Cc1ccc(C(=O)c2cc(O)c(O)c([N+](=O)[O-])c2)cc1	ok
CHEMBL1328	PENTAGASTRIN	4	1974	Small molecule	0	1	0	1	0			0		CSCC[C@H](NC(=O)[C@H](Cc1c[nH]c2ccccc12)NC(=O)CCNC(=O)OC(C)(C)C)C(=O)N[C@@H](CC(=O)O)C(=O)N[C@@H](Cc1ccccc1)C(N)=O			1.52	9	8	250.91	20			54	3	CSCC[C@H](NC(=O)[C@H](Cc1c[nH]c2ccccc12)NC(=O)CCNC(=O)OC(C)(C)C)C(=O)N[C@@H](CC(=O)O)C(=O)N[C@@H](Cc1ccccc1)C(N)=O	ok
CHEMBL13280	FLUNITRAZEPAM	4		Small molecule	1	0	0	0	0			0		CN1C(=O)CN=C(c2ccccc2F)c2cc([N+](=O)[O-])ccc21			2.55	4	0	75.81	2			23	2	CN1C(=O)CN=C(c2ccccc2F)c2cc([N+](=O)[O-])ccc21	ok
CHEMBL1329455	MOLSIDOMINE	4		Small molecule	0	0	0	1	1			0		CCOC(=O)[N-]c1c[n+](N2CCOCC2)no1			0.09	6	0	82.78	3			17	1	CCOC(=O)[N-]c1c[n+](N2CCOCC2)no1	ok
CHEMBL1330596	RACEMETYROSINE	3		Small molecule	0	0	0	1	0			0		CC(N)(Cc1ccc(O)cc1)C(=O)O			0.74	3	3	83.55	3			14	1	CC(N)(Cc1ccc(O)cc1)C(=O)O	ok
CHEMBL1330792	ACETARSONE	4		Small molecule	0	0	0	1	0			0		CC(=O)Nc1cc([As](=O)(O)O)ccc1O												CC(=O)Nc1cc([As](=O)(O)O)ccc1O	ok
CHEMBL1332032	TRIFLUSAL	3		Small molecule	0	0	0	0	0			0		CC(=O)Oc1cc(C(F)(F)F)ccc1C(=O)O			2.33	3	1	63.6	2			17	1	CC(=O)Oc1cc(C(F)(F)F)ccc1C(=O)O	ok
CHEMBL1334078	SODIUM HYPOCHLORITE	4		Small molecule	0	0	0	0	0			0		[Na+].[O-]Cl			0.13	1	1	20.23	0			2	0	[O-]Cl	ok
CHEMBL1336	SORAFENIB	4	2005	Small molecule	1	0	0	0	0			0		CNC(=O)c1cc(Oc2ccc(NC(=O)Nc3ccc(Cl)c(C(F)(F)F)c3)cc2)ccn1			5.55	4	3	92.35	5			32	3	CNC(=O)c1cc(Oc2ccc(NC(=O)Nc3ccc(Cl)c(C(F)(F)F)c3)cc2)ccn1	ok
CHEMBL1337	NITISINONE	4	2002	Small molecule	1	0	0	0	0			0		O=C1CCCC(=O)C1C(=O)c1ccc(C(F)(F)F)cc1[N+](=O)[O-]			2.73	5	0	94.35	3			23	1	O=C1CCCC(=O)C1C(=O)c1ccc(C(F)(F)F)cc1[N+](=O)[O-]	ok
CHEMBL13376	CLOMETACIN	4		Small molecule	0	0	0	0	0			0		COc1ccc2c(C(=O)c3ccc(Cl)cc3)c(C)n(CC(=O)O)c2c1			3.93	4	1	68.53	5			25	3	COc1ccc2c(C(=O)c3ccc(Cl)cc3)c(C)n(CC(=O)O)c2c1	ok
CHEMBL1339	VARDENAFIL HYDROCHLORIDE	4	2003	Small molecule	1	0	0	0	0			0		CCCc1nc(C)c2c(O)nc(-c3cc(S(=O)(=O)N4CCN(CC)CC4)ccc3OCC)nn12.Cl			2.07	8	1	112.9	8			34	3	CCCc1nc(C)c2c(O)nc(-c3cc(S(=O)(=O)N4CCN(CC)CC4)ccc3OCC)nn12	ok
CHEMBL134	CLONIDINE	4	1974	Small molecule	1	1	1	1	0			0		Clc1cccc(Cl)c1NC1=NCCN1			2.36	3	2	36.42	1			14	1	Clc1cccc(Cl)c1NC1=NCCN1	ok
CHEMBL1341	METHOXYFLURANE	4		Small molecule	0	0	1	0	0			0		COC(F)(F)C(Cl)Cl			2.03	1	0	9.23	2			8	0	COC(F)(F)C(Cl)Cl	ok
CHEMBL1342	OXYBATE	4	2002	Small molecule	1	0	0	1	0			0		O=C(O)CCCO			-0.16	2	2	57.53	3			7	0	O=C(O)CCCO	ok
CHEMBL134561	ICLAPRIM	3		Small molecule	0	0	0	1	0			0		COc1cc(Cc2cnc(N)nc2N)c2c(c1OC)OC(C1CC1)C=C2			2.43	7	2	105.51	5			26	2	COc1cc(Cc2cnc(N)nc2N)c2c(c1OC)OC(C1CC1)C=C2	ok
CHEMBL1346	DARIFENACIN	4	2004	Small molecule	1	0	0	1	0			0		NC(=O)C(c1ccccc1)(c1ccccc1)[C@@H]1CCN(CCc2ccc3c(c2)CCO3)C1			3.96	3	1	55.56	7			32	3	NC(=O)C(c1ccccc1)(c1ccccc1)[C@@H]1CCN(CCc2ccc3c(c2)CCO3)C1	RISK
CHEMBL1349	VALACYCLOVIR	4	1995	Small molecule	1	0	0	1	1			0		CC(C)[C@H](N)C(=O)OCCOCn1cnc2c(=O)nc(N)[nH]c21			-0.8	9	3	151.14	7			23	2	CC(C)[C@H](N)C(=O)OCCOCn1cnc2c(=O)nc(N)[nH]c21	ok
CHEMBL135	ESTRADIOL	4	1975	Small molecule	1	0	1	1	0			0		C[C@]12CC[C@@H]3c4ccc(O)cc4CC[C@H]3[C@@H]1CC[C@@H]2O			3.61	2	2	40.46	0			20	1	C[C@]12CC[C@@H]3c4ccc(O)cc4CC[C@H]3[C@@H]1CC[C@@H]2O	ok
CHEMBL1350	TILUDRONIC ACID	4	1997	Small molecule	1	0	0	1	0			0		O=P(O)(O)C(Sc1ccc(Cl)cc1)P(=O)(O)O			2.07	3	4	115.06	4			17	1	O=P(O)(O)C(Sc1ccc(Cl)cc1)P(=O)(O)O	ok
CHEMBL1351474	ACESULFAME POTASSIUM	3		Small molecule	0	0	0	0	0			0		CC1=CC(=O)[N-]S(=O)(=O)O1.[K+]			-0.72	4	1	72.47	0			10	0	CC1=CC(=O)[N-]S(=O)(=O)O1	ok
CHEMBL1352	NITRIC ACID	3		Small molecule	0	0	0	1	0			0		O=[N+]([O-])O			-0.35	2	1	63.37	0			4	0	O=[N+]([O-])O	ok
CHEMBL1353	SODIUM BICARBONATE	4	1982	Small molecule	1	1	0	0	0			0		O=C([O-])O.[Na+]												O=C([O-])O	ok
CHEMBL135400	ZOPICLONE	4		Small molecule	0	0	0	1	0			0		CN1CCN(C(=O)OC2c3nccnc3C(=O)N2c2ccc(Cl)cn2)CC1			1.57	7	0	91.76	2			27	2	CN1CCN(C(=O)OC2c3nccnc3C(=O)N2c2ccc(Cl)cn2)CC1	ok
CHEMBL1356	SODIUM BENZOATE	4	1987	Small molecule	1	1	0	1	0			0		O=C([O-])c1ccccc1.[Na+]												O=C([O-])c1ccccc1	ok
CHEMBL1356238	PYRITHIONE	4	1986	Small molecule	0	0	1	1	0			0		[O-][n+]1ccccc1S			0.61	2	1	26.94	0			8	1	[O-][n+]1ccccc1S	ok
CHEMBL1358	FULVESTRANT	4	2002	Small molecule	0	1	0	0	0			0		C[C@]12CC[C@@H]3c4ccc(O)cc4C[C@@H](CCCCCCCCC[S+]([O-])CCCC(F)(F)C(F)(F)F)[C@H]3[C@@H]1CC[C@@H]2O			8.68	3	2	63.52	14			41	1	C[C@]12CC[C@@H]3c4ccc(O)cc4C[C@@H](CCCCCCCCC[S+]([O-])CCCC(F)(F)C(F)(F)F)[C@H]3[C@@H]1CC[C@@H]2O	ok
CHEMBL1359	ERTAPENEM	4	2001	Small molecule	0	1	0	1	0			0		C[C@@H](O)[C@H]1C(=O)N2C(C(=O)O)=C(S[C@@H]3CN[C@H](C(=O)Nc4cccc(C(=O)O)c4)C3)[C@H](C)[C@H]12			0.94	7	5	156.27	7			33	1	C[C@@H](O)[C@H]1C(=O)N2C(C(=O)O)=C(S[C@@H]3CN[C@H](C(=O)Nc4cccc(C(=O)O)c4)C3)[C@H](C)[C@H]12	ok
CHEMBL1360	ATRACURIUM	4	1983	Small molecule	0	1	0	1	0			0		COc1ccc(CC2c3cc(OC)c(OC)cc3CC[N+]2(C)CCC(=O)OCCCCCOC(=O)CC[N+]2(C)CCc3cc(OC)c(OC)cc3C2Cc2ccc(OC)c(OC)c2)cc1OC			8.07	12	0	126.44	24			67	4	COc1ccc(CC2c3cc(OC)c(OC)cc3CC[N+]2(C)CCC(=O)OCCCCCOC(=O)CC[N+]2(C)CCc3cc(OC)c(OC)cc3C2Cc2ccc(OC)c(OC)c2)cc1OC	ok
CHEMBL1362	FLUORIDE ION	3		Small molecule	0	0	0	0	0			0		[F-]			-3	0	0	0	0			1	0	[F-]	ok
CHEMBL1363	ARFORMOTEROL	4	2006	Small molecule	0	0	1	1	0			0		COc1ccc(C[C@@H](C)NC[C@H](O)c2ccc(O)c(NC=O)c2)cc1			2.22	5	4	90.82	9			25	2	COc1ccc(C[C@@H](C)NC[C@H](O)c2ccc(O)c(NC=O)c2)cc1	ok
CHEMBL1364	PYRIDOXINE	4	1982	Small molecule	1	1	0	1	0			0		Cc1ncc(CO)c(CO)c1O			0.08	4	3	73.58	2			12	1	Cc1ncc(CO)c(CO)c1O	ok
CHEMBL1364144	METHYLPREDNISOLONE ACETATE	4	1959	Small molecule	0	1	1	1	0			0		CC(=O)OCC(=O)[C@@]1(O)CC[C@H]2[C@@H]3C[C@H](C)C4=CC(=O)C=C[C@]4(C)[C@H]3[C@@H](O)C[C@@]21C			2.37	6	2	100.9	3			30	0	CC(=O)OCC(=O)[C@@]1(O)CC[C@H]2[C@@H]3C[C@H](C)C4=CC(=O)C=C[C@]4(C)[C@H]3[C@@H](O)C[C@@]21C	ok
CHEMBL1366933	ESMIRTAZAPINE	3		Small molecule	0	0	0	1	0			0		CN1CCN2c3ncccc3Cc3ccccc3[C@H]2C1			2.48	3	0	19.37	0			20	2	CN1CCN2c3ncccc3Cc3ccccc3[C@H]2C1	ok
CHEMBL137	METRONIDAZOLE	4	1963	Small molecule	1	1	1	1	0			0		Cc1ncc([N+](=O)[O-])n1CCO			0.09	5	1	81.19	3			12	1	Cc1ncc([N+](=O)[O-])n1CCO	ok
CHEMBL1370	BUDESONIDE	4	1994	Small molecule	1	0	1	1	0			0		CCCC1O[C@@H]2C[C@H]3[C@@H]4CCC5=CC(=O)C=C[C@]5(C)[C@H]4[C@@H](O)C[C@]3(C)[C@]2(C(=O)CO)O1			2.72	6	2	93.06	4			31	0	CCCC1O[C@@H]2C[C@H]3[C@@H]4CCC5=CC(=O)C=C[C@]5(C)[C@H]4[C@@H](O)C[C@]3(C)[C@]2(C(=O)CO)O1	ok
CHEMBL1371	CHLORZOXAZONE	4	1958	Small molecule	1	0	0	1	0			0		O=c1[nH]c2cc(Cl)ccc2o1			1.77	2	1	46	0			11	2	O=c1[nH]c2cc(Cl)ccc2o1	ok
CHEMBL1371200	CANRENOATE POTASSIUM	3		Small molecule	0	0	0	1	0			0		C[C@]12CCC(=O)C=C1C=C[C@@H]1[C@@H]2CC[C@@]2(C)[C@H]1CC[C@@]2(O)CCC(=O)[O-].[K+]			3.89	3	2	74.6	3			26	0	C[C@]12CCC(=O)C=C1C=C[C@@H]1[C@@H]2CC[C@@]2(C)[C@H]1CC[C@@]2(O)CCC(=O)[O-]	ok
CHEMBL1371770	PIRIBEDIL	3		Small molecule	0	0	0	1	0			0		c1cnc(N2CCN(Cc3ccc4c(c3)OCO4)CC2)nc1			1.53	6	0	50.72	3			22	2	c1cnc(N2CCN(Cc3ccc4c(c3)OCO4)CC2)nc1	ok
CHEMBL1371937	PANTHENOL	3		Small molecule	0	0	0	1	0			0		CC(C)(CO)C(O)C(=O)NCCCO			-1.14	4	4	89.79	6			14	0	CC(C)(CO)C(O)C(=O)NCCCO	ok
CHEMBL1372	OXIGLUTATIONE	4	1982	Small molecule	0	0	0	1	0			0		N[C@@H](CCC(=O)N[C@@H](CSSC[C@H](NC(=O)CC[C@H](N)C(=O)O)C(=O)NCC(=O)O)C(=O)NCC(=O)O)C(=O)O			-3.88	12	10	317.64	21			40	0	N[C@@H](CCC(=O)N[C@@H](CSSC[C@H](NC(=O)CC[C@H](N)C(=O)O)C(=O)NCC(=O)O)C(=O)NCC(=O)O)C(=O)O	ok
CHEMBL1372950	NICERGOLINE	4		Small molecule	0	0	0	1	0			0		CO[C@]12C[C@@H](COC(=O)c3cncc(Br)c3)CN(C)[C@@H]1Cc1cn(C)c3cccc2c13			3.91	6	0	56.59	4			31	3	CO[C@]12C[C@@H](COC(=O)c3cncc(Br)c3)CN(C)[C@@H]1Cc1cn(C)c3cccc2c13	ok
CHEMBL1373	MODAFINIL	4	1998	Small molecule	1	0	0	1	0			0		NC(=O)C[S+]([O-])C(c1ccccc1)c1ccccc1			2.01	2	1	66.15	5			19	2	NC(=O)C[S+]([O-])C(c1ccccc1)c1ccccc1	ok
CHEMBL1374379	BENZONATATE	4	1958	Small molecule	1	0	0	1	0			0		CCCCNc1ccc(C(=O)OCCOCCOCCOCCOCCOCCOCCOCCOCCOC)cc1			2.83	12	1	121.4	32			42	1	CCCCNc1ccc(C(=O)OCCOCCOCCOCCOCCOCCOCCOCCOCCOC)cc1	ok
CHEMBL13766	GUAIACOL	3		Small molecule	0	0	0	1	0			0		COc1ccccc1O			1.4	2	1	29.46	1			9	1	COc1ccccc1O	ok
CHEMBL1377	PROGUANIL	4	2000	Small molecule	1	0	0	1	1			0		CC(C)NC(=N)NC(=N)Nc1ccc(Cl)cc1			2.21	2	5	83.79	2			17	1	CC(C)NC(=N)NC(=N)Nc1ccc(Cl)cc1	ok
CHEMBL1378	THIETHYLPERAZINE	4	1961	Small molecule	1	1	1	1	0			0		CCSc1ccc2c(c1)N(CCCN1CCN(C)CC1)c1ccccc1S2			5.04	5	0	9.72	6			27	2	CCSc1ccc2c(c1)N(CCCN1CCN(C)CC1)c1ccccc1S2	ok
CHEMBL1378024	PROTIONAMIDE	3		Small molecule	0	0	0	1	0			0		CCCc1cc(C(N)=S)ccn1			1.67	2	1	38.91	3			12	1	CCCc1cc(C(N)=S)ccn1	ok
CHEMBL1380	ABACAVIR	4	1998	Small molecule	1	0	0	1	1			0		Nc1nc(NC2CC2)c2ncn([C@H]3C=C[C@@H](CO)C3)c2n1			1.09	7	3	101.88	4			21	2	Nc1nc(NC2CC2)c2ncn([C@H]3C=C[C@@H](CO)C3)c2n1	ok
CHEMBL1382	TOLTERODINE	4	1998	Small molecule	1	0	0	1	0			0		Cc1ccc(O)c([C@H](CCN(C(C)C)C(C)C)c2ccccc2)c1			5.34	2	1	23.47	7			24	2	Cc1ccc(O)c([C@H](CCN(C(C)C)C(C)C)c2ccccc2)c1	RISK
CHEMBL1384	KANAMYCIN	4	1973	Small molecule	1	1	0	1	0			0		NC[C@H]1O[C@H](O[C@H]2[C@H](O)[C@@H](O[C@H]3O[C@H](CO)[C@@H](O)[C@H](N)[C@H]3O)[C@H](N)C[C@@H]2N)[C@H](O)[C@@H](O)[C@@H]1O			-7.29	15	11	282.61	6			33	0	NC[C@H]1O[C@H](O[C@H]2[C@H](O)[C@@H](O[C@H]3O[C@H](CO)[C@@H](O)[C@H](N)[C@H]3O)[C@H](N)C[C@@H]2N)[C@H](O)[C@@H](O)[C@@H]1O	ok
CHEMBL1387	NORETHYNODREL	4	1961	Small molecule	1	0	0	1	0			0		C#C[C@]1(O)CC[C@H]2[C@@H]3CCC4=C(CCC(=O)C4)[C@H]3CC[C@@]21C			3.64	2	1	37.3	0			22	0	C#C[C@]1(O)CC[C@H]2[C@@H]3CCC4=C(CCC(=O)C4)[C@H]3CC[C@@]21C	ok
CHEMBL1388	MONOBENZONE	4	1952	Small molecule	0	0	1	1	0			0		Oc1ccc(OCc2ccccc2)cc1			2.97	2	1	29.46	3			15	2	Oc1ccc(OCc2ccccc2)cc1	ok
CHEMBL1389	LEVONORGESTREL	4	1982	Small molecule	1	1	1	1	0			0		C#C[C@]1(O)CC[C@H]2[C@@H]3CCC4=CC(=O)CC[C@@H]4[C@H]3CC[C@@]21CC			3.88	2	1	37.3	1			23	0	C#C[C@]1(O)CC[C@H]2[C@@H]3CCC4=CC(=O)CC[C@@H]4[C@H]3CC[C@@]21CC	ok
CHEMBL139	DICLOFENAC	4	1988	Small molecule	1	1	1	1	0			0		O=C(O)Cc1ccccc1Nc1c(Cl)cccc1Cl			4.36	2	2	49.33	4			19	2	O=C(O)Cc1ccccc1Nc1c(Cl)cccc1Cl	ok
CHEMBL1393	SPIRONOLACTONE	4	1960	Small molecule	1	0	0	1	0			1		CC(=O)S[C@@H]1CC2=CC(=O)CC[C@]2(C)[C@H]2CC[C@@]3(C)[C@@H](CC[C@@]34CCC(=O)O4)[C@H]12			4.85	5	0	60.44	1			29	0	CC(=O)S[C@@H]1CC2=CC(=O)CC[C@]2(C)[C@H]2CC[C@@]3(C)[C@@H](CC[C@@]34CCC(=O)O4)[C@H]12	ok
CHEMBL139367	PERAMIVIR ANHYDROUS	4	2014	Small molecule	0	1	0	1	0			0		CCC(CC)[C@H](NC(C)=O)[C@@H]1[C@H](O)[C@@H](C(=O)O)C[C@H]1NC(=N)N			-0.14	4	6	148.53	7			23	0	CCC(CC)[C@H](NC(C)=O)[C@@H]1[C@H](O)[C@@H](C(=O)O)C[C@H]1NC(=N)N	ok
CHEMBL1395	METHYLTESTOSTERONE	4	1973	Small molecule	1	0	1	1	0			0		C[C@]12CCC(=O)C=C1CC[C@@H]1[C@@H]2CC[C@@]2(C)[C@H]1CC[C@]2(C)O			4.27	2	1	37.3	0			22	0	C[C@]12CCC(=O)C=C1CC[C@@H]1[C@@H]2CC[C@@]2(C)[C@H]1CC[C@]2(C)O	ok
CHEMBL13960	DICHLOROACETIC ACID	3		Small molecule	0	0	0	1	0			0		O=C(O)C(Cl)Cl			0.87	1	1	37.3	1			6	0	O=C(O)C(Cl)Cl	ok
CHEMBL1397	POSACONAZOLE	4	2005	Small molecule	1	1	0	0	0			0		CC[C@@H]([C@H](C)O)n1ncn(-c2ccc(N3CCN(c4ccc(OC[C@@H]5CO[C@@](Cn6cncn6)(c6ccc(F)cc6F)C5)cc4)CC3)cc2)c1=O			4.57	12	1	115.7	12			51	5	CC[C@@H]([C@H](C)O)n1ncn(-c2ccc(N3CCN(c4ccc(OC[C@@H]5CO[C@@](Cn6cncn6)(c6ccc(F)cc6F)C5)cc4)CC3)cc2)c1=O	ok
CHEMBL139835	CYPROTERONE ACETATE	3		Small molecule	0	0	0	1	0			0		CC(=O)O[C@]1(C(C)=O)CC[C@H]2[C@@H]3C=C(Cl)C4=CC(=O)[C@@H]5C[C@@H]5[C@]4(C)[C@H]3CC[C@@]21C			4.61	4	0	60.44	2			29	0	CC(=O)O[C@]1(C(C)=O)CC[C@H]2[C@@H]3C=C(Cl)C4=CC(=O)[C@@H]5C[C@@H]5[C@]4(C)[C@H]3CC[C@@]21C	ok
CHEMBL139877	SULFACARBAMIDE	4		Small molecule	0	0	0	0	0			0		NC(=O)NS(=O)(=O)c1ccc(N)cc1			-0.37	4	3	115.28	2			14	1	NC(=O)NS(=O)(=O)c1ccc(N)cc1	ok
CHEMBL1399	ANASTROZOLE	4	1995	Small molecule	1	0	0	1	0			0		CC(C)(C#N)c1cc(Cn2cncn2)cc(C(C)(C)C#N)c1			2.93	5	0	78.29	4			22	2	CC(C)(C#N)c1cc(Cn2cncn2)cc(C(C)(C)C#N)c1	ok
CHEMBL140	CURCUMIN	3		Small molecule	0	0	0	1	0			0		COc1cc(/C=C/C(=O)CC(=O)/C=C/c2ccc(O)c(OC)c2)ccc1O			3.37	6	2	93.06	8			27	2	COc1cc(/C=C/C(=O)CC(=O)/C=C/c2ccc(O)c(OC)c2)ccc1O	ok
CHEMBL1401	NITAZOXANIDE	4	2002	Small molecule	1	0	0	1	1			0		CC(=O)Oc1ccccc1C(=O)Nc1ncc([N+](=O)[O-])s1			2.23	7	1	111.43	4			21	2	CC(=O)Oc1ccccc1C(=O)Nc1ncc([N+](=O)[O-])s1	ok
CHEMBL1402684	OXYPHENISATIN ACETATE	4		Small molecule	0	0	0	0	1			0		CC(=O)Oc1ccc(C2(c3ccc(OC(C)=O)cc3)C(=O)Nc3ccccc32)cc1			3.82	5	1	81.7	4			30	3	CC(=O)Oc1ccc(C2(c3ccc(OC(C)=O)cc3)C(=O)Nc3ccccc32)cc1	ok
CHEMBL1404	RANOLAZINE	4	2006	Small molecule	1	0	0	1	0			0		COc1ccccc1OCC(O)CN1CCN(CC(=O)Nc2c(C)cccc2C)CC1			2.31	6	2	74.27	9			31	2	COc1ccccc1OCC(O)CN1CCN(CC(=O)Nc2c(C)cccc2C)CC1	ok
CHEMBL1405	ESTRONE	4	1979	Small molecule	0	1	0	1	0			0		C[C@]12CC[C@@H]3c4ccc(O)cc4CC[C@H]3[C@@H]1CCC2=O			3.82	2	1	37.3	0			20	1	C[C@]12CC[C@@H]3c4ccc(O)cc4CC[C@H]3[C@@H]1CCC2=O	ok
CHEMBL14053	TRICHLOROACETIC ACID	3		Small molecule	0	0	0	1	0			0		O=C(O)C(Cl)(Cl)Cl			1.44	1	1	37.3	0			7	0	O=C(O)C(Cl)(Cl)Cl	ok
CHEMBL14060	PHENOL	4		Small molecule	0	0	0	1	0			0		Oc1ccccc1			1.39	1	1	20.23	0			7	1	Oc1ccccc1	ok
CHEMBL1406148	TRICAPRILIN	3		Small molecule	0	0	0	1	0			0		CCCCCCCC(=O)OCC(COC(=O)CCCCCCC)OC(=O)CCCCCCC			7.07	6	0	78.9	23			33	0	CCCCCCCC(=O)OCC(COC(=O)CCCCCCC)OC(=O)CCCCCCC	ok
CHEMBL141	LAMIVUDINE	4	1995	Small molecule	1	0	0	1	1			0		Nc1ccn([C@@H]2CS[C@H](CO)O2)c(=O)n1			-0.59	7	2	90.37	2			15	1	Nc1ccn([C@@H]2CS[C@H](CO)O2)c(=O)n1	ok
CHEMBL1410	NONOXYNOL 9	4	1982	Small molecule	0	0	1	1	0			0		CCCCCCCCCc1ccc(OCCOCCOCCOCCOCCOCCOCCOCCOCCO)cc1			4.48	10	1	103.3	35			43	1	CCCCCCCCCc1ccc(OCCOCCOCCOCCOCCOCCOCCOCCOCCO)cc1	ok
CHEMBL1410743	PARALDEHYDE	4		Small molecule	0	0	0	1	0			0		CC1OC(C)OC(C)O1			1.09	3	0	27.69	0			9	0	CC1OC(C)OC(C)O1	ok
CHEMBL1411979	METHAPYRILENE	4		Small molecule	0	0	0	1	0			0		CN(C)CCN(Cc1cccs1)c1ccccn1			2.71	4	0	19.37	6			18	2	CN(C)CCN(Cc1cccs1)c1ccccn1	ok
CHEMBL1412	PIPERAZINE	4		Small molecule	0	0	0	1	0			0		C1CNCCN1			-0.82	2	2	24.06	0			6	0	C1CNCCN1	ok
CHEMBL1413	CICLOPIROX	4	1982	Small molecule	0	0	1	1	0			0		Cc1cc(C2CCCCC2)n(O)c(=O)c1			2.44	3	1	42.23	1			15	1	Cc1cc(C2CCCCC2)n(O)c(=O)c1	ok
CHEMBL141305	CYCLOFENIL	4		Small molecule	0	0	0	0	0			0		CC(=O)Oc1ccc(C(=C2CCCCC2)c2ccc(OC(C)=O)cc2)cc1			5.3	4	0	52.6	4			27	2	CC(=O)Oc1ccc(C(=C2CCCCC2)c2ccc(OC(C)=O)cc2)cc1	ok
CHEMBL1414320	SUXIBUZONE	4		Small molecule	0	0	0	1	1			0		CCCCC1(COC(=O)CCC(=O)O)C(=O)N(c2ccccc2)N(c2ccccc2)C1=O			3.57	5	1	104.22	10			32	2	CCCCC1(COC(=O)CCC(=O)O)C(=O)N(c2ccccc2)N(c2ccccc2)C1=O	ok
CHEMBL1418176	METHANDROSTENOLONE	4		Small molecule	0	0	0	1	0			0		C[C@]12C=CC(=O)C=C1CC[C@@H]1[C@@H]2CC[C@@]2(C)[C@H]1CC[C@]2(C)O			4.05	2	1	37.3	0			22	0	C[C@]12C=CC(=O)C=C1CC[C@@H]1[C@@H]2CC[C@@]2(C)[C@H]1CC[C@]2(C)O	ok
CHEMBL1419	SIBUTRAMINE	4	1997	Small molecule	1	0	0	1	0			0		CC(C)CC(N(C)C)C1(c2ccc(Cl)cc2)CCC1			4.74	1	0	3.24	5			19	1	CC(C)CC(N(C)C)C1(c2ccc(Cl)cc2)CCC1	ok
CHEMBL1420	PRALIDOXIME	4	1964	Small molecule	1	1	0	1	0			0		C[n+]1ccccc1C=NO			0.32	2	1	36.47	1			10	1	C[n+]1ccccc1C=NO	ok
CHEMBL1421	DASATINIB ANHYDROUS	4	2006	Small molecule	1	0	0	1	0			0		Cc1nc(Nc2ncc(C(=O)Nc3c(C)cccc3Cl)s2)cc(N2CCN(CCO)CC2)n1			3.31	9	3	106.51	7			33	3	Cc1nc(Nc2ncc(C(=O)Nc3c(C)cccc3Cl)s2)cc(N2CCN(CCO)CC2)n1	ok
CHEMBL1422	SITAGLIPTIN	4	2006	Small molecule	1	0	0	0	0			0		N[C@@H](CC(=O)N1CCn2c(nnc2C(F)(F)F)C1)Cc1cc(F)c(F)cc1F			2.02	5	1	77.04	4			28	2	N[C@@H](CC(=O)N1CCn2c(nnc2C(F)(F)F)C1)Cc1cc(F)c(F)cc1F	ok
CHEMBL1423	PIMOZIDE	4	1984	Small molecule	1	0	0	0	0			0		O=c1[nH]c2ccccc2n1C1CCN(CCCC(c2ccc(F)cc2)c2ccc(F)cc2)CC1			5.86	3	1	41.03	7			34	4	O=c1[nH]c2ccccc2n1C1CCN(CCCC(c2ccc(F)cc2)c2ccc(F)cc2)CC1	RISK
CHEMBL142438	NITROGEN	4	2015	Small molecule	0	0	1	1	0			0		N#N			0.03	2	0	47.58	0			2	0	N#N	ok
CHEMBL1425	MERCAPTOPURINE ANHYDROUS	4	1953	Small molecule	1	0	0	1	0			0		Sc1ncnc2nc[nH]c12			0.64	4	2	54.46	0			10	2	Sc1ncnc2nc[nH]c12	ok
CHEMBL142635	NAFTOPIDIL	4	1999	Small molecule	1	0	0	1	0			0		COc1ccccc1N1CCN(CC(O)COc2cccc3ccccc23)CC1			3.41	5	1	45.17	7			29	3	COc1ccccc1N1CCN(CC(O)COc2cccc3ccccc23)CC1	ok
CHEMBL142703	VILDAGLIPTIN	4	2007	Small molecule	1	0	0	1	0			0		N#C[C@@H]1CCCN1C(=O)CNC12CC3CC(CC(O)(C3)C1)C2			1.17	4	2	76.36	3			22	0	N#C[C@@H]1CCCN1C(=O)CNC12CC3CC(CC(O)(C3)C1)C2	ok
CHEMBL1428	NIMODIPINE	4	1988	Small molecule	1	0	0	1	0			0		COCCOC(=O)C1=C(C)NC(C)=C(C(=O)OC(C)C)C1c1cccc([N+](=O)[O-])c1			2.97	8	1	117	8			30	1	COCCOC(=O)C1=C(C)NC(C)=C(C(=O)OC(C)C)C1c1cccc([N+](=O)[O-])c1	ok
CHEMBL1430	PENICILLAMINE	4	1970	Small molecule	1	0	0	1	0			0		CC(C)(S)[C@@H](N)C(=O)O			0.11	3	3	63.32	2			9	0	CC(C)(S)[C@@H](N)C(=O)O	ok
CHEMBL1431	METFORMIN	4	1995	Small molecule	1	0	0	1	0			0		CN(C)C(=N)NC(=N)N			-1.03	2	4	88.99	0			9	0	CN(C)C(=N)NC(=N)N	ok
CHEMBL1433	DOXYCYCLINE ANHYDROUS	4	1967	Small molecule	1	1	0	1	0			1		C[C@H]1c2cccc(O)c2C(=O)C2=C(O)[C@]3(O)C(=O)C(C(N)=O)=C(O)[C@@H](N(C)C)[C@@H]3[C@@H](O)[C@@H]21			-0.35	9	6	181.62	2			32	1	C[C@H]1c2cccc(O)c2C(=O)C2=C(O)[C@]3(O)C(=O)C(C(N)=O)=C(O)[C@@H](N(C)C)[C@@H]3[C@@H](O)[C@@H]21	ok
CHEMBL1433361	OTILONIUM	3		Small molecule	0	0	0	1	0			0		CCCCCCCCOc1ccccc1C(=O)Nc1ccc(C(=O)OCC[N+](C)(CC)CC)cc1			6.32	4	1	64.63	16			35	2	CCCCCCCCOc1ccccc1C(=O)Nc1ccc(C(=O)OCC[N+](C)(CC)CC)cc1	ok
CHEMBL1434	MINOCYCLINE	4	1971	Small molecule	1	1	1	1	0			0		CN(C)c1ccc(O)c2c1C[C@H]1C[C@H]3[C@H](N(C)C)C(O)=C(C(N)=O)C(=O)[C@@]3(O)C(O)=C1C2=O			0.19	9	5	164.63	3			33	1	CN(C)c1ccc(O)c2c1C[C@H]1C[C@H]3[C@H](N(C)C)C(O)=C(C(N)=O)C(=O)[C@@]3(O)C(O)=C1C2=O	ok
CHEMBL1435	CEFAZOLIN	4	1973	Small molecule	0	1	0	1	0			0		Cc1nnc(SCC2=C(C(=O)O)N3C(=O)[C@@H](NC(=O)Cn4cnnn4)[C@H]3SC2)s1			-0.64	12	2	156.09	7			29	2	Cc1nnc(SCC2=C(C(=O)O)N3C(=O)[C@@H](NC(=O)Cn4cnnn4)[C@H]3SC2)s1	ok
CHEMBL1436	CEFUROXIME	4	1983	Small molecule	0	1	0	1	0			0		CO/N=C(\C(=O)N[C@@H]1C(=O)N2C(C(=O)O)=C(COC(N)=O)CS[C@H]12)c1ccco1			-0.54	9	3	173.76	7			29	1	CO/N=C(\C(=O)N[C@@H]1C(=O)N2C(C(=O)O)=C(COC(N)=O)CS[C@H]12)c1ccco1	ok
CHEMBL1437	NOREPINEPHRINE	4	1950	Small molecule	0	1	0	1	0			0		NC[C@H](O)c1ccc(O)c(O)c1			0.09	4	4	86.71	2			12	1	NC[C@H](O)c1ccc(O)c(O)c1	ok
CHEMBL14370	REBOXETINE	4	1997	Small molecule	1	0	0	1	0			0		CCOc1ccccc1OC(c1ccccc1)C1CNCCO1			3.19	4	1	39.72	6			23	2	CCOc1ccccc1OC(c1ccccc1)C1CNCCO1	ok
CHEMBL14376	ILOPERIDONE	4	2009	Small molecule	1	0	0	0	0			0		COc1cc(C(C)=O)ccc1OCCCN1CCC(c2noc3cc(F)ccc23)CC1			4.83	6	0	64.8	8			31	3	COc1cc(C(C)=O)ccc1OCCCN1CCC(c2noc3cc(F)ccc23)CC1	ok
CHEMBL1439	TAZOBACTAM SODIUM	4	1993	Small molecule	0	1	0	1	0			0		C[C@]1(Cn2ccnn2)[C@H](C(=O)[O-])N2C(=O)C[C@H]2S1(=O)=O.[Na+]			-1.52	7	1	122.46	3			20	1	C[C@]1(Cn2ccnn2)[C@H](C(=O)[O-])N2C(=O)C[C@H]2S1(=O)=O	ok
CHEMBL1440	TETRACYCLINE	4	1953	Small molecule	1	1	1	1	0			0		CN(C)[C@@H]1C(O)=C(C(N)=O)C(=O)[C@@]2(O)C(O)=C3C(=O)c4c(O)cccc4[C@@](C)(O)[C@H]3C[C@@H]12			-0.21	9	6	181.62	2			32	1	CN(C)[C@@H]1C(O)=C(C(N)=O)C(=O)[C@@]2(O)C(O)=C3C(=O)c4c(O)cccc4[C@@](C)(O)[C@H]3C[C@@H]12	ok
CHEMBL1441	ETHIONAMIDE	4	1965	Small molecule	1	0	0	1	1			0		CCc1cc(C(N)=S)ccn1			1.28	2	1	38.91	2			11	1	CCc1cc(C(N)=S)ccn1	ok
CHEMBL1442422	DIBENZEPIN	4		Small molecule	0	0	0	1	0			0		CN(C)CCN1C(=O)c2ccccc2N(C)c2ccccc21			2.98	3	0	26.79	3			22	2	CN(C)CCN1C(=O)c2ccccc2N(C)c2ccccc21	ok
CHEMBL1443	NAFCILLIN	4	1965	Small molecule	1	1	0	1	0			0		CCOc1ccc2ccccc2c1C(=O)N[C@@H]1C(=O)N2[C@@H]1SC(C)(C)[C@@H]2C(=O)O			2.48	5	2	95.94	5			29	2	CCOc1ccc2ccccc2c1C(=O)N[C@@H]1C(=O)N2[C@@H]1SC(C)(C)[C@@H]2C(=O)O	ok
CHEMBL1444	LETROZOLE	4	1997	Small molecule	1	0	0	1	0			0		N#Cc1ccc(C(c2ccc(C#N)cc2)n2cncn2)cc1			2.66	5	0	78.29	3			22	3	N#Cc1ccc(C(c2ccc(C#N)cc2)n2cncn2)cc1	ok
CHEMBL1445	FLUOXYMESTERONE	4	1956	Small molecule	1	0	0	0	0			0		C[C@]1(O)CC[C@H]2[C@@H]3CCC4=CC(=O)CC[C@]4(C)[C@@]3(F)[C@@H](O)C[C@@]21C			3.33	3	2	57.53	0			24	0	C[C@]1(O)CC[C@H]2[C@@H]3CCC4=CC(=O)CC[C@]4(C)[C@@]3(F)[C@@H](O)C[C@@]21C	ok
CHEMBL144673	HEXETIDINE	4		Small molecule	0	0	0	1	0			0		CCCCC(CC)CN1CN(CC(CC)CCCC)CC(C)(N)C1			4.71	3	1	32.5	12			24	0	CCCCC(CC)CN1CN(CC(CC)CCCC)CC(C)(N)C1	ok
CHEMBL1447	LINCOMYCIN	4	1964	Small molecule	1	1	0	1	0			0		CCC[C@@H]1C[C@@H](C(=O)N[C@@H]([C@H]2O[C@H](SC)[C@H](O)[C@@H](O)[C@H]2O)[C@@H](C)O)N(C)C1			-0.86	8	5	122.49	7			27	0	CCC[C@@H]1C[C@@H](C(=O)N[C@@H]([C@H]2O[C@H](SC)[C@H](O)[C@@H](O)[C@H]2O)[C@@H](C)O)N(C)C1	ok
CHEMBL1447476	BITHIONOLATE SODIUM	4		Small molecule	0	0	0	1	0			0		[Na+].[Na+].[O-]c1c(Cl)cc(Cl)cc1Sc1cc(Cl)cc(Cl)c1[O-]			5.86	3	2	40.46	2			19	2	[O-]c1c(Cl)cc(Cl)cc1Sc1cc(Cl)cc(Cl)c1[O-]	ok
CHEMBL1448	NICLOSAMIDE	4	1982	Small molecule	1	0	0	1	0			0		O=C(Nc1ccc([N+](=O)[O-])cc1Cl)c1cc(Cl)ccc1O			3.86	4	2	92.47	3			21	2	O=C(Nc1ccc([N+](=O)[O-])cc1Cl)c1cc(Cl)ccc1O	ok
CHEMBL1449	TICARCILLIN	4	1976	Small molecule	0	1	0	1	0			0		CC1(C)S[C@@H]2[C@H](NC(=O)[C@H](C(=O)O)c3ccsc3)C(=O)N2[C@H]1C(=O)O			0.55	6	3	124.01	5			25	1	CC1(C)S[C@@H]2[C@H](NC(=O)[C@H](C(=O)O)c3ccsc3)C(=O)N2[C@H]1C(=O)O	ok
CHEMBL1449676	ORNIDAZOLE	4		Small molecule	0	0	0	1	0			0		Cc1ncc([N+](=O)[O-])n1CC(O)CCl			0.7	5	1	81.19	4			14	1	Cc1ncc([N+](=O)[O-])n1CC(O)CCl	ok
CHEMBL145	CAFFEIC ACID	3		Small molecule	0	0	0	1	0			0		O=C(O)/C=C/c1ccc(O)c(O)c1			1.2	3	3	77.76	2			13	1	O=C(O)/C=C/c1ccc(O)c(O)c1	ok
CHEMBL1450	ATOVAQUONE	4	1992	Small molecule	1	0	0	1	0			0		O=C1C(O)=C([C@H]2CC[C@H](c3ccc(Cl)cc3)CC2)C(=O)c2ccccc21			5.51	3	1	54.37	2			26	2	O=C1C(O)=C([C@H]2CC[C@H](c3ccc(Cl)cc3)CC2)C(=O)c2ccccc21	ok
CHEMBL1451	TRIAMCINOLONE	4	1957	Small molecule	1	0	0	0	0			0		C[C@]12C=CC(=O)C=C1CC[C@H]1[C@@H]3C[C@@H](O)[C@](O)(C(=O)CO)[C@@]3(C)C[C@H](O)[C@@]12F			0.62	6	4	115.06	2			28	0	C[C@]12C=CC(=O)C=C1CC[C@H]1[C@@H]3C[C@@H](O)[C@](O)(C(=O)CO)[C@@]3(C)C[C@H](O)[C@@]12F	ok
CHEMBL1451116	IODOFORM	3		Small molecule	0	0	0	1	0			0		IC(I)I			2.58	0	0	0	0			4	0	IC(I)I	ok
CHEMBL1452696	FEPRAZONE	4		Small molecule	0	0	0	0	0			0		CC(C)=CCC1C(=O)N(c2ccccc2)N(c2ccccc2)C1=O			3.95	2	0	40.62	4			24	2	CC(C)=CCC1C(=O)N(c2ccccc2)N(c2ccccc2)C1=O	ok
CHEMBL1453317	DIETHYLTOLUAMIDE	3		Small molecule	0	0	0	1	0			0		CCN(CC)C(=O)c1cccc(C)c1			2.48	1	0	20.31	3			14	1	CCN(CC)C(=O)c1cccc(C)c1	ok
CHEMBL1454	LEVAMISOLE	4	1990	Small molecule	1	0	0	1	0			0		c1ccc([C@H]2CN3CCSC3=N2)cc1			2.15	3	0	15.6	1			14	1	c1ccc([C@H]2CN3CCSC3=N2)cc1	ok
CHEMBL1454910	NITROXOLINE	4		Small molecule	0	0	0	1	0			0		O=[N+]([O-])c1ccc(O)c2ncccc12			1.85	4	1	76.26	1			14	2	O=[N+]([O-])c1ccc(O)c2ncccc12	ok
CHEMBL1455	ALTRETAMINE	4	1990	Small molecule	1	0	0	1	0			0		CN(C)c1nc(N(C)C)nc(N(C)C)n1			0.07	6	0	48.39	3			15	1	CN(C)c1nc(N(C)C)nc(N(C)C)n1	ok
CHEMBL1456	MYCOPHENOLATE MOFETIL	4	1995	Small molecule	1	1	0	1	1			0		COc1c(C)c2c(c(O)c1C/C=C(\C)CCC(=O)OCCN1CCOCC1)C(=O)OC2			2.52	8	1	94.53	9			31	1	COc1c(C)c2c(c(O)c1C/C=C(\C)CCC(=O)OCCN1CCOCC1)C(=O)OC2	ok
CHEMBL1457	HYDROCODONE	4	1943	Small molecule	1	0	0	1	1			0		COc1ccc2c3c1O[C@H]1C(=O)CC[C@H]4[C@@H](C2)N(C)CC[C@]314			1.93	4	0	38.77	1			22	1	COc1ccc2c3c1O[C@H]1C(=O)CC[C@H]4[C@@H](C2)N(C)CC[C@]314	ok
CHEMBL1460	DIDANOSINE	4	1991	Small molecule	1	0	0	1	1			0		O=c1[nH]cnc2c1ncn2[C@H]1CC[C@@H](CO)O1			-0.21	6	2	93.03	2			17	2	O=c1[nH]cnc2c1ncn2[C@H]1CC[C@@H](CO)O1	ok
CHEMBL146095	GLAFENINE	4		Small molecule	0	0	0	1	0			0		O=C(OCC(O)CO)c1ccccc1Nc1ccnc2cc(Cl)ccc12			3.14	6	3	91.68	6			26	3	O=C(OCC(O)CO)c1ccccc1Nc1ccnc2cc(Cl)ccc12	ok
CHEMBL1463	FLUCYTOSINE	4	1971	Small molecule	1	0	0	0	0			0		Nc1nc(=O)[nH]cc1F			-0.51	3	2	71.77	0			9	1	Nc1nc(=O)[nH]cc1F	ok
CHEMBL1463345	CANRENONE	4		Small molecule	0	0	0	1	0			0		C[C@]12CCC(=O)C=C1C=C[C@@H]1[C@@H]2CC[C@@]2(C)[C@H]1CC[C@@]21CCC(=O)O1			4.37	3	0	43.37	0			25	0	C[C@]12CCC(=O)C=C1C=C[C@@H]1[C@@H]2CC[C@@]2(C)[C@H]1CC[C@@]21CCC(=O)O1	ok
CHEMBL1464	WARFARIN	4	1954	Small molecule	1	1	0	1	0			0		CC(=O)CC(c1ccccc1)c1c(O)c2ccccc2oc1=O			3.61	4	1	67.51	4			23	3	CC(=O)CC(c1ccccc1)c1c(O)c2ccccc2oc1=O	ok
CHEMBL1465	PHENPROCOUMON	4	1957	Small molecule	1	0	0	1	0			0		CCC(c1ccccc1)c1c(O)c2ccccc2oc1=O			4.04	3	1	50.44	3			21	3	CCC(c1ccccc1)c1c(O)c2ccccc2oc1=O	ok
CHEMBL1466	DICUMAROL	4	1944	Small molecule	1	0	0	1	0			0		O=c1oc2ccccc2c(O)c1Cc1c(O)c2ccccc2oc1=O			2.9	6	2	100.88	2			25	4	O=c1oc2ccccc2c(O)c1Cc1c(O)c2ccccc2oc1=O	ok
CHEMBL1467	ALLOPURINOL	4	1966	Small molecule	1	1	0	1	0			0		Oc1ncnc2[nH]ncc12			0.06	4	2	74.69	0			10	2	Oc1ncnc2[nH]ncc12	ok
CHEMBL1469	PHENYLBUTANOIC ACID	4	1996	Small molecule	1	0	0	1	1			0		O=C(O)CCCc1ccccc1			2.09	1	1	37.3	4			12	1	O=C(O)CCCc1ccccc1	ok
CHEMBL1471	APREPITANT	4	2003	Small molecule	1	1	0	0	0			0		C[C@@H](O[C@H]1OCCN(Cc2n[nH]c(=O)[nH]2)[C@H]1c1ccc(F)cc1)c1cc(C(F)(F)F)cc(C(F)(F)F)c1			4.95	5	2	83.24	6			37	3	C[C@@H](O[C@H]1OCCN(Cc2n[nH]c(=O)[nH]2)[C@H]1c1ccc(F)cc1)c1cc(C(F)(F)F)cc(C(F)(F)F)c1	ok
CHEMBL1473	FLUTICASONE PROPIONATE	4	1990	Small molecule	0	0	1	0	0			0		CCC(=O)O[C@]1(C(=O)SCF)[C@H](C)C[C@H]2[C@@H]3C[C@H](F)C4=CC(=O)C=C[C@]4(C)[C@@]3(F)[C@@H](O)C[C@@]21C			4.43	6	1	80.67	4			34	0	CCC(=O)O[C@]1(C(=O)SCF)[C@H](C)C[C@H]2[C@@H]3C[C@H](F)C4=CC(=O)C=C[C@]4(C)[C@@]3(F)[C@@H](O)C[C@@]21C	ok
CHEMBL1474889	CLOBUTINOL	4	1961	Small molecule	0	0	0	1	0			0		CC(CN(C)C)C(C)(O)Cc1ccc(Cl)cc1			2.83	2	1	23.47	5			17	1	CC(CN(C)C)C(C)(O)Cc1ccc(Cl)cc1	ok
CHEMBL1474963	BENZARONE	4		Small molecule	0	0	0	1	0			0		CCc1oc2ccccc2c1C(=O)c1ccc(O)cc1			3.93	3	1	50.44	3			20	3	CCc1oc2ccccc2c1C(=O)c1ccc(O)cc1	ok
CHEMBL1475	TRIOXSALEN	4	1964	Small molecule	1	0	0	1	0			0		Cc1cc2cc3c(C)cc(=O)oc3c(C)c2o1			3.46	3	0	43.35	0			17	3	Cc1cc2cc3c(C)cc(=O)oc3c(C)c2o1	ok
CHEMBL1476022	NOMEGESTROL ACETATE	4		Small molecule	0	0	0	1	0			0		CC(=O)O[C@]1(C(C)=O)CC[C@H]2[C@@H]3C=C(C)C4=CC(=O)CC[C@@H]4[C@H]3CC[C@@]21C			4.19	4	0	60.44	2			27	0	CC(=O)O[C@]1(C(C)=O)CC[C@H]2[C@@H]3C=C(C)C4=CC(=O)CC[C@@H]4[C@H]3CC[C@@]21C	ok
CHEMBL1477	CERIVASTATIN	4	1997	Small molecule	1	0	0	0	0			0		COCc1c(C(C)C)nc(C(C)C)c(/C=C/[C@@H](O)C[C@@H](O)CC(=O)O)c1-c1ccc(F)cc1			4.88	5	3	99.88	11			33	2	COCc1c(C(C)C)nc(C(C)C)c(/C=C/[C@@H](O)C[C@@H](O)CC(=O)O)c1-c1ccc(F)cc1	ok
CHEMBL1477036	DOCUSATE	4		Small molecule	0	0	0	1	0			0		CCCCC(CC)COC(=O)CC(C(=O)OCC(CC)CCCC)S(=O)(=O)O			4.15	6	1	106.97	16			28	0	CCCCC(CC)COC(=O)CC(C(=O)OCC(CC)CCCC)S(=O)(=O)O	ok
CHEMBL1479	DANAZOL	4	1976	Small molecule	1	0	0	1	0			0		C#C[C@]1(O)CC[C@H]2[C@@H]3CCC4=Cc5oncc5C[C@]4(C)[C@H]3CC[C@@]21C			4.22	3	1	46.26	0			25	1	C#C[C@]1(O)CC[C@H]2[C@@H]3CCC4=Cc5oncc5C[C@]4(C)[C@H]3CC[C@@]21C	ok
CHEMBL148	IMIPENEM ANHYDROUS	4	1985	Small molecule	0	1	0	1	0			0		C[C@@H](O)[C@H]1C(=O)N2C(C(=O)O)=C(SCCNC=N)C[C@H]12			-0.18	5	4	113.72	7			20	0	C[C@@H](O)[C@H]1C(=O)N2C(C(=O)O)=C(SCCNC=N)C[C@H]12	ok
CHEMBL1480	FELODIPINE	4	1991	Small molecule	1	0	0	1	0			0		CCOC(=O)C1=C(C)NC(C)=C(C(=O)OC)C1c1cccc(Cl)c1Cl			3.96	5	1	64.63	4			25	1	CCOC(=O)C1=C(C)NC(C)=C(C(=O)OC)C1c1cccc(Cl)c1Cl	ok
CHEMBL1480987	CYCLANDELATE	4		Small molecule	0	0	0	1	0			0		CC1CC(OC(=O)C(O)c2ccccc2)CC(C)(C)C1			3.48	3	1	46.53	3			20	1	CC1CC(OC(=O)C(O)c2ccccc2)CC(C)(C)C1	ok
CHEMBL1481	GLIMEPIRIDE	4	1995	Small molecule	1	0	0	1	0			0		CCC1=C(C)CN(C(=O)NCCc2ccc(S(=O)(=O)NC(=O)N[C@H]3CC[C@H](C)CC3)cc2)C1=O			3.07	5	3	124.68	7			34	1	CCC1=C(C)CN(C(=O)NCCc2ccc(S(=O)(=O)NC(=O)N[C@H]3CC[C@H](C)CC3)cc2)C1=O	ok
CHEMBL1482	BETHANECHOL	4	1948	Small molecule	1	1	0	1	0			0		CC(C[N+](C)(C)C)OC(N)=O			0.18	2	1	52.32	3			11	0	CC(C[N+](C)(C)C)OC(N)=O	ok
CHEMBL1483	ALBENDAZOLE	4	1996	Small molecule	1	0	0	1	1			0		CCCSc1ccc2[nH]c(NC(=O)OC)nc2c1			3.24	4	2	67.01	4			18	2	CCCSc1ccc2[nH]c(NC(=O)OC)nc2c1	ok
CHEMBL1484	NICARDIPINE	4	1988	Small molecule	1	1	0	1	0			0		COC(=O)C1=C(C)NC(C)=C(C(=O)OCCN(C)Cc2ccccc2)C1c1cccc([N+](=O)[O-])c1			3.68	8	1	111.01	9			35	2	COC(=O)C1=C(C)NC(C)=C(C(=O)OCCN(C)Cc2ccccc2)C1c1cccc([N+](=O)[O-])c1	ok
CHEMBL1485	ARGININE	3		Small molecule	0	0	0	1	0			0		N=C(N)NCCC[C@H](N)C(=O)O			-1.34	3	5	125.22	5			12	0	N=C(N)NCCC[C@H](N)C(=O)O	ok
CHEMBL1487	ATORVASTATIN	4	1996	Small molecule	1	0	0	0	0			0		CC(C)c1c(C(=O)Nc2ccccc2)c(-c2ccccc2)c(-c2ccc(F)cc2)n1CC[C@@H](O)C[C@@H](O)CC(=O)O			6.31	5	4	111.79	12			41	4	CC(C)c1c(C(=O)Nc2ccccc2)c(-c2ccccc2)c(-c2ccc(F)cc2)n1CC[C@@H](O)C[C@@H](O)CC(=O)O	ok
CHEMBL1488	URACIL MUSTARD	4	1962	Small molecule	1	0	0	1	0			0		Oc1ncc(N(CCCl)CCCl)c(O)n1			1.17	5	2	69.48	5			15	1	Oc1ncc(N(CCCl)CCCl)c(O)n1	ok
CHEMBL1489	AZACITIDINE	4	2004	Small molecule	1	1	0	1	1			0		Nc1ncn([C@@H]2O[C@H](CO)[C@@H](O)[C@H]2O)c(=O)n1			-3.17	9	4	143.72	2			17	1	Nc1ncn([C@@H]2O[C@H](CO)[C@@H](O)[C@H]2O)c(=O)n1	ok
CHEMBL1490	TRIHEXYPHENIDYL	4	1949	Small molecule	1	0	0	1	0			0		OC(CCN1CCCCC1)(c1ccccc1)C1CCCCC1			4.33	2	1	23.47	5			22	1	OC(CCN1CCCCC1)(c1ccccc1)C1CCCCC1	ok
CHEMBL149082	TRAMIPROSATE	3		Small molecule	0	0	0	1	0			0		NCCCS(=O)(=O)O			-0.78	3	2	80.39	3			8	0	NCCCS(=O)(=O)O	ok
CHEMBL1491	AMLODIPINE	4	1992	Small molecule	1	0	0	1	0			0		CCOC(=O)C1=C(COCCN)NC(C)=C(C(=O)OC)C1c1ccccc1Cl			2.27	7	2	99.88	8			28	1	CCOC(=O)C1=C(COCCN)NC(C)=C(C(=O)OC)C1c1ccccc1Cl	ok
CHEMBL1492	DIPHENYLPYRALINE	4	1982	Small molecule	1	0	0	1	0			0		CN1CCC(OC(c2ccccc2)c2ccccc2)CC1			3.89	2	0	12.47	4			21	2	CN1CCC(OC(c2ccccc2)c2ccccc2)CC1	ok
CHEMBL1492500	DOTHIEPIN	4		Small molecule	0	0	0	1	0			0		CN(C)CC/C=C1\c2ccccc2CSc2ccccc21			4.68	2	0	3.24	3			21	2	CN(C)CC/C=C1\c2ccccc2CSc2ccccc21	ok
CHEMBL1493	FLAVOXATE	4	1970	Small molecule	1	0	0	1	0			0		Cc1c(-c2ccccc2)oc2c(C(=O)OCCN3CCCCC3)cccc2c1=O			4.41	5	0	59.75	5			29	3	Cc1c(-c2ccccc2)oc2c(C(=O)OCCN3CCCCC3)cccc2c1=O	ok
CHEMBL1495	OXYPHENCYCLIMINE	4	1982	Small molecule	1	0	0	1	0			0		CN1CCCN=C1COC(=O)C(O)(c1ccccc1)C1CCCCC1			2.73	5	1	62.13	5			25	1	CN1CCCN=C1COC(=O)C(O)(c1ccccc1)C1CCCCC1	ok
CHEMBL1496	ROSUVASTATIN	4	2003	Small molecule	1	0	0	0	0			0		CC(C)c1nc(N(C)S(C)(=O)=O)nc(-c2ccc(F)cc2)c1/C=C/[C@@H](O)C[C@@H](O)CC(=O)O			2.4	7	3	140.92	10			33	2	CC(C)c1nc(N(C)S(C)(=O)=O)nc(-c2ccc(F)cc2)c1/C=C/[C@@H](O)C[C@@H](O)CC(=O)O	ok
CHEMBL1497	BETAMETHASONE VALERATE	4	1967	Small molecule	0	0	1	0	0			0		CCCCC(=O)O[C@]1(C(=O)CO)[C@@H](C)C[C@H]2[C@@H]3CCC4=CC(=O)C=C[C@]4(C)[C@@]3(F)[C@@H](O)C[C@@]21C			3.64	6	2	100.9	6			34	0	CCCCC(=O)O[C@]1(C(=O)CO)[C@@H](C)C[C@H]2[C@@H]3CCC4=CC(=O)C=C[C@]4(C)[C@@]3(F)[C@@H](O)C[C@@]21C	ok
CHEMBL1499	CORTISONE	3		Small molecule	0	0	0	1	1			0		C[C@]12CCC(=O)C=C1CC[C@@H]1[C@@H]2C(=O)C[C@@]2(C)[C@H]1CC[C@]2(O)C(=O)CO			1.99	5	2	91.67	2			26	0	C[C@]12CCC(=O)C=C1CC[C@@H]1[C@@H]2C(=O)C[C@@]2(C)[C@H]1CC[C@]2(O)C(=O)CO	ok
CHEMBL149972	PHENOBARBITAL SODIUM	4	2022	Small molecule	0	1	0	0	0			0		CCC1(c2ccccc2)C(=O)N=C([O-])NC1=O.[Na+]			0.7	3	2	75.27	2			17	1	CCC1(c2ccccc2)C(=O)N=C([O-])NC1=O	ok
CHEMBL1500276	OXELADIN	4		Small molecule	0	0	0	1	0			0		CCN(CC)CCOCCOC(=O)C(CC)(CC)c1ccccc1			3.65	4	0	38.77	12			24	1	CCN(CC)CCOCCOC(=O)C(CC)(CC)c1ccccc1	ok
CHEMBL1501	FLUOCINONIDE	4	1971	Small molecule	0	0	1	0	0			0		CC(=O)OCC(=O)[C@@]12OC(C)(C)O[C@@H]1C[C@H]1[C@@H]3C[C@H](F)C4=CC(=O)C=C[C@]4(C)[C@@]3(F)[C@@H](O)C[C@@]12C			2.94	7	1	99.13	3			35	0	CC(=O)OCC(=O)[C@@]12OC(C)(C)O[C@@H]1C[C@H]1[C@@H]3C[C@H](F)C4=CC(=O)C=C[C@]4(C)[C@@]3(F)[C@@H](O)C[C@@]12C	ok
CHEMBL1502	PANTOPRAZOLE	4	2000	Small molecule	1	1	0	0	0			0		COc1ccnc(C[S+]([O-])c2nc3cc(OC(F)F)ccc3[nH]2)c1OC			2.88	6	1	92.32	7			26	3	COc1ccnc(C[S+]([O-])c2nc3cc(OC(F)F)ccc3[nH]2)c1OC	ok
CHEMBL15023	TRIFLUPERIDOL	4		Small molecule	0	0	0	0	0			0		O=C(CCCN1CCC(O)(c2cccc(C(F)(F)F)c2)CC1)c1ccc(F)cc1			4.79	3	1	40.54	6			29	2	O=C(CCCN1CCC(O)(c2cccc(C(F)(F)F)c2)CC1)c1ccc(F)cc1	ok
CHEMBL1503	OMEPRAZOLE	4	1989	Small molecule	1	0	0	1	1			0		COc1ccc2[nH]c([S+]([O-])Cc3ncc(C)c(OC)c3C)nc2c1			2.9	5	1	83.09	5			24	3	COc1ccc2[nH]c([S+]([O-])Cc3ncc(C)c(OC)c3C)nc2c1	ok
CHEMBL1504	TRIAMCINOLONE ACETONIDE	4	1960	Small molecule	0	1	1	0	0			0		CC1(C)O[C@@H]2C[C@H]3[C@@H]4CCC5=CC(=O)C=C[C@]5(C)[C@@]4(F)[C@@H](O)C[C@]3(C)[C@]2(C(=O)CO)O1			2.42	6	2	93.06	2			31	0	CC1(C)O[C@@H]2C[C@H]3[C@@H]4CCC5=CC(=O)C=C[C@]5(C)[C@@]4(F)[C@@H](O)C[C@]3(C)[C@]2(C(=O)CO)O1	ok
CHEMBL1505	ALMOTRIPTAN	4	2001	Small molecule	1	0	0	1	0			0		CN(C)CCc1c[nH]c2ccc(CS(=O)(=O)N3CCCC3)cc12			2.2	3	1	56.41	6			23	2	CN(C)CCc1c[nH]c2ccc(CS(=O)(=O)N3CCCC3)cc12	ok
CHEMBL1508	ESCITALOPRAM	4	2002	Small molecule	1	0	0	0	0			0		CN(C)CCC[C@@]1(c2ccc(F)cc2)OCc2cc(C#N)ccc21			3.81	3	0	36.26	5			24	2	CN(C)CCC[C@@]1(c2ccc(F)cc2)OCc2cc(C#N)ccc21	ok
CHEMBL1509	DROSPIRENONE	4	2001	Small molecule	1	0	0	1	0			0		C[C@]12CCC(=O)C=C1[C@@H]1C[C@@H]1[C@H]1[C@@H]3[C@@H]4C[C@@H]4[C@@]4(CCC(=O)O4)[C@@]3(C)CC[C@@H]12			4.31	3	0	43.37	0			27	0	C[C@]12CCC(=O)C=C1[C@@H]1C[C@@H]1[C@H]1[C@@H]3[C@@H]4C[C@@H]4[C@@]4(CCC(=O)O4)[C@@]3(C)CC[C@@H]12	ok
CHEMBL1510	ELETRIPTAN	4	2002	Small molecule	1	0	0	1	0			0		CN1CCC[C@@H]1Cc1c[nH]c2ccc(CCS(=O)(=O)c3ccccc3)cc12			3.82	3	1	53.17	6			27	3	CN1CCC[C@@H]1Cc1c[nH]c2ccc(CCS(=O)(=O)c3ccccc3)cc12	ok
CHEMBL1511	ESTRADIOL VALERATE	4	1982	Small molecule	1	1	0	1	1			0		CCCCC(=O)O[C@H]1CC[C@H]2[C@@H]3CCc4cc(O)ccc4[C@H]3CC[C@]12C			5.35	3	1	46.53	4			26	1	CCCCC(=O)O[C@H]1CC[C@H]2[C@@H]3CCc4cc(O)ccc4[C@H]3CC[C@]12C	ok
CHEMBL1512	FLUNISOLIDE	4	1981	Small molecule	0	0	1	0	0			0		CC1(C)O[C@@H]2C[C@H]3[C@@H]4C[C@H](F)C5=CC(=O)C=C[C@]5(C)[C@H]4[C@@H](O)C[C@]3(C)[C@]2(C(=O)CO)O1			2.27	6	2	93.06	2			31	0	CC1(C)O[C@@H]2C[C@H]3[C@@H]4C[C@H](F)C5=CC(=O)C=C[C@]5(C)[C@H]4[C@@H](O)C[C@]3(C)[C@]2(C(=O)CO)O1	ok
CHEMBL1512580	XALIPRODEN	3		Small molecule	0	0	0	0	0			0		FC(F)(F)c1cccc(C2=CCN(CCc3ccc4ccccc4c3)CC2)c1			6.19	1	0	3.24	4			28	3	FC(F)(F)c1cccc(C2=CCN(CCc3ccc4ccccc4c3)CC2)c1	ok
CHEMBL1512949	FENOVERINE	3		Small molecule	0	0	0	1	0			0		O=C(CN1CCN(Cc2ccc3c(c2)OCO3)CC1)N1c2ccccc2Sc2ccccc21			4.36	6	0	45.25	4			33	3	O=C(CN1CCN(Cc2ccc3c(c2)OCO3)CC1)N1c2ccccc2Sc2ccccc21	ok
CHEMBL1513	IRBESARTAN	4	1997	Small molecule	1	0	0	1	0			0		CCCCC1=NC2(CCCC2)C(=O)N1Cc1ccc(-c2ccccc2-c2nnn[nH]2)cc1			4.78	5	1	87.13	7			32	3	CCCCC1=NC2(CCCC2)C(=O)N1Cc1ccc(-c2ccccc2-c2nnn[nH]2)cc1	ok
CHEMBL1514	LEVOMETHADYL ACETATE	4	1993	Small molecule	1	0	0	1	1			0		CC[C@H](OC(C)=O)C(C[C@H](C)N(C)C)(c1ccccc1)c1ccccc1			4.65	3	0	29.54	8			26	2	CC[C@H](OC(C)=O)C(C[C@H](C)N(C)C)(c1ccccc1)c1ccccc1	RISK
CHEMBL151445	DROPROPIZINE	3		Small molecule	0	0	0	1	0			0		OCC(O)CN1CCN(c2ccccc2)CC1			0.16	4	2	46.94	4			17	1	OCC(O)CN1CCN(c2ccccc2)CC1	ok
CHEMBL1515	METHIMAZOLE	4	1950	Small molecule	1	0	0	1	0			0		Cn1ccnc1S			0.71	3	1	17.82	0			7	1	Cn1ccnc1S	ok
CHEMBL1515611	BROMISOVALUM	4		Small molecule	0	0	0	0	0			0		CC(C)C(Br)C(=O)NC(N)=O			0.6	2	2	72.19	2			11	0	CC(C)C(Br)C(=O)NC(N)=O	ok
CHEMBL1516	OLMESARTAN	3		Small molecule	0	0	0	1	0			0		CCCc1nc(C(C)(C)O)c(C(=O)O)n1Cc1ccc(-c2ccccc2-c2nnn[nH]2)cc1			3.66	7	3	129.81	8			33	4	CCCc1nc(C(C)(C)O)c(C(=O)O)n1Cc1ccc(-c2ccccc2-c2nnn[nH]2)cc1	ok
CHEMBL1517	OXYTETRACYCLINE	4	1964	Small molecule	1	1	1	1	0			0		CN(C)[C@@H]1C(O)=C(C(N)=O)C(=O)[C@@]2(O)C(O)=C3C(=O)c4c(O)cccc4[C@@](C)(O)[C@H]3[C@H](O)[C@@H]12			-1.24	10	7	201.85	2			33	1	CN(C)[C@@H]1C(O)=C(C(N)=O)C(=O)[C@@]2(O)C(O)=C3C(=O)c4c(O)cccc4[C@@](C)(O)[C@H]3[C@H](O)[C@@H]12	ok
CHEMBL1518	PROPYLTHIOURACIL	4	1947	Small molecule	1	0	0	1	0			0		CCCc1cc(=O)[nH]c(=S)[nH]1			1.38	2	2	48.65	2			11	1	CCCc1cc(=O)[nH]c(=S)[nH]1	ok
CHEMBL1519	TRANDOLAPRIL	4	1996	Small molecule	1	0	0	1	1			0		CCOC(=O)[C@H](CCc1ccccc1)N[C@@H](C)C(=O)N1[C@H](C(=O)O)C[C@H]2CCCC[C@@H]21			2.77	5	2	95.94	9			31	1	CCOC(=O)[C@H](CCc1ccccc1)N[C@@H](C)C(=O)N1[C@H](C(=O)O)C[C@H]2CCCC[C@@H]21	ok
CHEMBL152	CIDOFOVIR ANHYDROUS	4	1996	Small molecule	0	1	0	1	1			0		Nc1ccn(C[C@@H](CO)OCP(=O)(O)O)c(=O)n1			-1.66	7	4	147.9	6			18	1	Nc1ccn(C[C@@H](CO)OCP(=O)(O)O)c(=O)n1	ok
CHEMBL1520	VARDENAFIL	4	2003	Small molecule	1	0	0	1	0			0		CCCc1nc(C)c2c(=O)nc(-c3cc(S(=O)(=O)N4CCN(CC)CC4)ccc3OCC)[nH]n12			2.07	8	1	112.9	8			34	3	CCCc1nc(C)c2c(=O)nc(-c3cc(S(=O)(=O)N4CCN(CC)CC4)ccc3OCC)[nH]n12	ok
CHEMBL1520188	CLODRONATE DISODIUM	3		Small molecule	0	0	0	0	0			0		O=P([O-])(O)C(Cl)(Cl)P(=O)([O-])O.[Na+].[Na+]			0.43	2	4	115.06	2			11	0	O=P([O-])(O)C(Cl)(Cl)P(=O)([O-])O	ok
CHEMBL1521	ZALEPLON	4	1999	Small molecule	1	0	0	1	0			0		CCN(C(C)=O)c1cccc(-c2ccnc3c(C#N)cnn23)c1			2.64	5	0	74.29	3			23	3	CCN(C(C)=O)c1cccc(-c2ccnc3c(C#N)cnn23)c1	ok
CHEMBL1522	ESZOPICLONE	4	2004	Small molecule	1	0	0	1	0			0		CN1CCN(C(=O)O[C@H]2c3nccnc3C(=O)N2c2ccc(Cl)cn2)CC1			1.57	7	0	91.76	2			27	2	CN1CCN(C(=O)O[C@H]2c3nccnc3C(=O)N2c2ccc(Cl)cn2)CC1	ok
CHEMBL1524273	PHTHALYLSULFATHIAZOLE	4		Small molecule	0	0	0	1	0			0		O=C(O)c1ccccc1C(=O)Nc1ccc(S(=O)(=O)Nc2nccs2)cc1			2.89	6	3	125.46	6			27	3	O=C(O)c1ccccc1C(=O)Nc1ccc(S(=O)(=O)Nc2nccs2)cc1	ok
CHEMBL15245	YOHIMBINE	3		Small molecule	0	0	0	1	0			0		COC(=O)[C@@H]1[C@H]2C[C@H]3c4[nH]c5ccccc5c4CCN3C[C@@H]2CC[C@@H]1O			2.65	4	2	65.56	1			26	2	COC(=O)[C@@H]1[C@H]2C[C@H]3c4[nH]c5ccccc5c4CCN3C[C@@H]2CC[C@@H]1O	ok
CHEMBL1525	PERMETHRIN	4	1986	Small molecule	0	0	1	1	0			0		CC1(C)C(C=C(Cl)Cl)C1C(=O)OCc1cccc(Oc2ccccc2)c1			6.11	3	0	35.53	6			26	2	CC1(C)C(C=C(Cl)Cl)C1C(=O)OCc1cccc(Oc2ccccc2)c1	ok
CHEMBL1525826	SULFALENE	4		Small molecule	1	0	0	1	0			0		COc1nccnc1NS(=O)(=O)c1ccc(N)cc1			0.87	6	2	107.2	4			19	2	COc1nccnc1NS(=O)(=O)c1ccc(N)cc1	ok
CHEMBL152684	BECLOBRATE	4		Small molecule	0	0	0	0	0			0		CCOC(=O)C(C)(CC)Oc1ccc(Cc2ccc(Cl)cc2)cc1			5.04	3	0	35.53	7			24	2	CCOC(=O)C(C)(CC)Oc1ccc(Cc2ccc(Cl)cc2)cc1	ok
CHEMBL1527608	DOXOFYLLINE	3		Small molecule	0	0	0	1	0			0		Cn1c(=O)c2c(ncn2CC2OCCO2)n(C)c1=O			-1.19	8	0	80.28	2			19	2	Cn1c(=O)c2c(ncn2CC2OCCO2)n(C)c1=O	ok
CHEMBL1530428	DEXAMETHASONE ACETATE	4	1973	Small molecule	0	1	0	0	0			0		CC(=O)OCC(=O)[C@@]1(O)[C@H](C)C[C@H]2[C@@H]3CCC4=CC(=O)C=C[C@]4(C)[C@@]3(F)[C@@H](O)C[C@@]21C			2.47	6	2	100.9	3			31	0	CC(=O)OCC(=O)[C@@]1(O)[C@H](C)C[C@H]2[C@@H]3CCC4=CC(=O)C=C[C@]4(C)[C@@]3(F)[C@@H](O)C[C@@]21C	ok
CHEMBL1531	ETONOGESTREL	4	2001	Small molecule	0	1	1	1	0			0		C#C[C@]1(O)CC[C@H]2[C@@H]3CCC4=CC(=O)CC[C@@H]4[C@H]3C(=C)C[C@@]21CC			4.05	2	1	37.3	1			24	0	C#C[C@]1(O)CC[C@H]2[C@@H]3CCC4=CC(=O)CC[C@@H]4[C@H]3C(=C)C[C@@]21CC	ok
CHEMBL1531134	MELPERONE	3		Small molecule	0	0	0	0	0			0		CC1CCN(CCCC(=O)c2ccc(F)cc2)CC1			3.52	2	0	20.31	5			19	1	CC1CCN(CCCC(=O)c2ccc(F)cc2)CC1	ok
CHEMBL1532	QUINETHAZONE	4	1963	Small molecule	1	0	0	1	0			0		CCC1NC(=O)c2cc(S(N)(=O)=O)c(Cl)cc2N1			0.88	4	3	101.29	2			18	1	CCC1NC(=O)c2cc(S(N)(=O)=O)c(Cl)cc2N1	ok
CHEMBL1533	DESOGESTREL	4	1992	Small molecule	1	0	0	1	1			0		C#C[C@]1(O)CC[C@H]2[C@@H]3CCC4=CCCC[C@@H]4[C@H]3C(=C)C[C@@]21CC			4.87	1	1	20.23	1			23	0	C#C[C@]1(O)CC[C@H]2[C@@H]3CCC4=CCCC[C@@H]4[C@H]3C(=C)C[C@@]21CC	ok
CHEMBL1534	RIBOFLAVIN	4	1993	Small molecule	0	1	0	1	0			0		Cc1cc2nc3c(=O)[nH]c(=O)nc-3n(C[C@H](O)[C@H](O)[C@H](O)CO)c2cc1C			-1.72	9	5	161.56	5			27	1	Cc1cc2nc3c(=O)[nH]c(=O)nc-3n(C[C@H](O)[C@H](O)[C@H](O)CO)c2cc1C	ok
CHEMBL153479	AMBROXOL	3		Small molecule	0	0	0	1	0			0		Nc1c(Br)cc(Br)cc1CN[C@H]1CC[C@H](O)CC1			3.19	3	3	58.28	3			18	1	Nc1c(Br)cc(Br)cc1CN[C@H]1CC[C@H](O)CC1	ok
CHEMBL1535	HYDROXYCHLOROQUINE	4	1955	Small molecule	1	0	0	1	0			0		CCN(CCO)CCCC(C)Nc1ccnc2cc(Cl)ccc12			3.78	4	2	48.39	9			23	2	CCN(CCO)CCCC(C)Nc1ccnc2cc(Cl)ccc12	RISK
CHEMBL1536	ERGOCALCIFEROL	4	1941	Small molecule	1	1	0	1	0			0		C=C1CC[C@H](O)C/C1=C/C=C1\CCC[C@]2(C)[C@@H]([C@H](C)/C=C/[C@H](C)C(C)C)CC[C@@H]12			7.64	1	1	20.23	5			29	0	C=C1CC[C@H](O)C/C1=C/C=C1\CCC[C@]2(C)[C@@H]([C@H](C)/C=C/[C@H](C)C(C)C)CC[C@@H]12	ok
CHEMBL1537	AZLOCILLIN	4	1982	Small molecule	0	1	0	1	0			0		CC1(C)S[C@@H]2[C@H](NC(=O)[C@H](NC(=O)N3CCNC3=O)c3ccccc3)C(=O)N2[C@H]1C(=O)O			0.09	6	4	148.15	5			32	1	CC1(C)S[C@@H]2[C@H](NC(=O)[C@H](NC(=O)N3CCNC3=O)c3ccccc3)C(=O)N2[C@H]1C(=O)O	ok
CHEMBL1538	TENOFOVIR DISOPROXIL	4	2001	Small molecule	1	0	0	1	1			0		CC(C)OC(=O)OCOP(=O)(CO[C@H](C)Cn1cnc2c(N)ncnc21)OCOC(=O)OC(C)C			3.04	15	1	185.44	13			35	2	CC(C)OC(=O)OCOP(=O)(CO[C@H](C)Cn1cnc2c(N)ncnc21)OCOC(=O)OC(C)C	ok
CHEMBL1539	SULFADOXINE	4	1981	Small molecule	1	0	0	1	0			0		COc1ncnc(NS(=O)(=O)c2ccc(N)cc2)c1OC			0.88	7	2	116.43	5			21	2	COc1ncnc(NS(=O)(=O)c2ccc(N)cc2)c1OC	ok
CHEMBL154	NAPROXEN	4	1976	Small molecule	1	0	0	1	0			0		COc1ccc2cc([C@H](C)C(=O)O)ccc2c1			3.04	2	1	46.53	3			17	2	COc1ccc2cc([C@H](C)C(=O)O)ccc2c1	ok
CHEMBL1540	PENCICLOVIR	4	1996	Small molecule	0	0	1	1	1			0		Nc1nc(O)c2ncn(CCC(CO)CO)c2n1			-0.9	8	4	130.31	5			18	2	Nc1nc(O)c2ncn(CCC(CO)CO)c2n1	ok
CHEMBL1541	CEFIXIME	4	1989	Small molecule	1	0	0	1	0			0		C=CC1=C(C(=O)O)N2C(=O)[C@@H](NC(=O)/C(=N\OCC(=O)O)c3csc(N)n3)[C@H]2SC1			-0.54	10	4	184.51	8			30	1	C=CC1=C(C(=O)O)N2C(=O)[C@@H](NC(=O)/C(=N\OCC(=O)O)c3csc(N)n3)[C@H]2SC1	ok
CHEMBL15413	FLOMOXEF	3		Small molecule	0	0	0	0	0			0		CO[C@@]1(NC(=O)CSC(F)F)C(=O)N2C(C(=O)O)=C(CSc3nnnn3CCO)CO[C@@H]21			-1.29	12	3	169	11			32	1	CO[C@@]1(NC(=O)CSC(F)F)C(=O)N2C(C(=O)O)=C(CSc3nnnn3CCO)CO[C@@H]21	ok
CHEMBL1542	AZATHIOPRINE	4	1968	Small molecule	1	1	0	1	1			0		Cn1cnc([N+](=O)[O-])c1Sc1ncnc2[nH]cnc12			1.15	8	1	115.42	3			19	3	Cn1cnc([N+](=O)[O-])c1Sc1ncnc2[nH]cnc12	ok
CHEMBL1543	GLUTATHIONE	3		Small molecule	0	0	0	1	0			0		N[C@@H](CCC(=O)N[C@@H](CS)C(=O)NCC(=O)O)C(=O)O			-2.21	6	6	158.82	9			20	0	N[C@@H](CCC(=O)N[C@@H](CS)C(=O)NCC(=O)O)C(=O)O	ok
CHEMBL1544	LIOTHYRONINE	4	1956	Small molecule	1	1	0	1	0			0		N[C@@H](Cc1cc(I)c(Oc2ccc(O)c(I)c2)c(I)c1)C(=O)O			3.95	4	3	92.78	5			23	2	N[C@@H](Cc1cc(I)c(Oc2ccc(O)c(I)c2)c(I)c1)C(=O)O	ok
CHEMBL1546	HYDROXYAMPHETAMINE	4	1969	Small molecule	0	0	1	1	0			0		CC(N)Cc1ccc(O)cc1			1.28	2	2	46.25	2			11	1	CC(N)Cc1ccc(O)cc1	ok
CHEMBL1547	THIAMINE ION	4	1982	Small molecule	0	1	0	1	0			0		Cc1ncc(C[n+]2csc(CCO)c2C)c(N)n1			0.61	5	2	75.91	4			18	2	Cc1ncc(C[n+]2csc(CCO)c2C)c(N)n1	ok
CHEMBL1549	HYDROCORTISONE CYPIONATE	4	1955	Small molecule	1	0	0	1	0			0		C[C@]12CCC(=O)C=C1CC[C@@H]1[C@@H]2[C@@H](O)C[C@@]2(C)[C@H]1CC[C@]2(O)C(=O)COC(=O)CCC1CCCC1			4.3	6	2	100.9	6			35	0	C[C@]12CCC(=O)C=C1CC[C@@H]1[C@@H]2[C@@H](O)C[C@@]2(C)[C@H]1CC[C@]2(O)C(=O)COC(=O)CCC1CCCC1	ok
CHEMBL1550	PHYTONADIONE	4	1982	Small molecule	1	1	0	1	0			0		CC1=C(C/C=C(\C)CCC[C@H](C)CCC[C@H](C)CCCC(C)C)C(=O)c2ccccc2C1=O			9.16	2	0	34.14	14			33	1	CC1=C(C/C=C(\C)CCC[C@H](C)CCC[C@H](C)CCCC(C)C)C(=O)c2ccccc2C1=O	ok
CHEMBL1551	URSODIOL	4	1987	Small molecule	1	0	0	1	0			0		C[C@H](CCC(=O)O)[C@H]1CC[C@H]2[C@@H]3[C@@H](O)C[C@@H]4C[C@H](O)CC[C@]4(C)[C@H]3CC[C@]12C			4.48	3	3	77.76	4			28	0	C[C@H](CCC(=O)O)[C@H]1CC[C@H]2[C@@H]3[C@@H](O)C[C@@H]4C[C@H](O)CC[C@]4(C)[C@H]3CC[C@]12C	ok
CHEMBL1551724	ACADESINE	3		Small molecule	0	0	0	1	0			0		NC(=O)c1ncn([C@@H]2O[C@H](CO)[C@@H](O)[C@H]2O)c1N			-2.82	8	5	156.85	3			18	1	NC(=O)c1ncn([C@@H]2O[C@H](CO)[C@@H](O)[C@H]2O)c1N	ok
CHEMBL1556	INOSINE	3		Small molecule	0	0	0	1	0			0		O=c1[nH]cnc2c1ncn2[C@@H]1O[C@H](CO)[C@@H](O)[C@H]1O			-2.27	8	4	133.49	2			19	2	O=c1[nH]cnc2c1ncn2[C@@H]1O[C@H](CO)[C@@H](O)[C@H]1O	ok
CHEMBL15562	PYRIMIDINE	3		Small molecule	0	0	0	1	0			0		c1cncnc1			0.48	2	0	25.78	0			6	1	c1cncnc1	ok
CHEMBL1560	CAPTOPRIL	4	1981	Small molecule	1	0	0	1	0			0		C[C@H](CS)C(=O)N1CCC[C@H]1C(=O)O			0.63	3	2	57.61	3			14	0	C[C@H](CS)C(=O)N1CCC[C@H]1C(=O)O	ok
CHEMBL1561	MIGLITOL	4	1996	Small molecule	1	0	0	1	0			0		OCCN1C[C@H](O)[C@@H](O)[C@H](O)[C@H]1CO			-3.26	6	5	104.39	3			14	0	OCCN1C[C@H](O)[C@@H](O)[C@H](O)[C@H]1CO	ok
CHEMBL1562610	MECLOFENAMATE SODIUM	4	1980	Small molecule	1	0	0	1	0			0		Cc1ccc(Cl)c(Nc2ccccc2C(=O)[O-])c1Cl.O.[Na+]			4.74	2	2	49.33	3			19	2	Cc1ccc(Cl)c(Nc2ccccc2C(=O)[O-])c1Cl	ok
CHEMBL1564747	DROMETRIZOLE	3		Small molecule	0	0	0	0	0			0		Cc1ccc(O)c(-n2nc3ccccc3n2)c1			2.43	4	1	50.94	1			17	3	Cc1ccc(O)c(-n2nc3ccccc3n2)c1	ok
CHEMBL1567328	OMEPRAZOLE MAGNESIUM	4	2003	Small molecule	1	0	0	1	1			0		COc1ccc2[n-]c([S+]([O-])Cc3ncc(C)c(OC)c3C)nc2c1.COc1ccc2[n-]c([S+]([O-])Cc3ncc(C)c(OC)c3C)nc2c1.[Mg+2]			2.9	5	1	83.09	5			24	3	COc1ccc2[n-]c([S+]([O-])Cc3ncc(C)c(OC)c3C)nc2c1	ok
CHEMBL15677	FENCLOFENAC	4	1978	Small molecule	0	0	0	0	0			0		O=C(O)Cc1ccccc1Oc1ccc(Cl)cc1Cl			4.41	2	1	46.53	4			19	2	O=C(O)Cc1ccccc1Oc1ccc(Cl)cc1Cl	ok
CHEMBL1568	FLUDARABINE	3		Small molecule	0	0	0	0	0			0		Nc1nc(F)nc2c1ncn2[C@@H]1O[C@H](CO)[C@@H](O)[C@@H]1O			-1.84	9	4	139.54	2			20	2	Nc1nc(F)nc2c1ncn2[C@@H]1O[C@H](CO)[C@@H](O)[C@@H]1O	ok
CHEMBL1568276	NAFCILLIN SODIUM	4	1965	Small molecule	1	1	0	1	0			0		CCOc1ccc2ccccc2c1C(=O)N[C@@H]1C(=O)N2[C@@H]1SC(C)(C)[C@@H]2C(=O)[O-].O.[Na+]			2.48	5	2	95.94	5			29	2	CCOc1ccc2ccccc2c1C(=O)N[C@@H]1C(=O)N2[C@@H]1SC(C)(C)[C@@H]2C(=O)[O-]	ok
CHEMBL1568698	GANAXOLONE	4	2022	Small molecule	1	0	0	1	0			0		CC(=O)[C@H]1CC[C@H]2[C@@H]3CC[C@H]4C[C@](C)(O)CC[C@]4(C)[C@H]3CC[C@]12C			4.99	2	1	37.3	1			24	0	CC(=O)[C@H]1CC[C@H]2[C@@H]3CC[C@H]4C[C@](C)(O)CC[C@]4(C)[C@H]3CC[C@]12C	ok
CHEMBL1569487	LORNOXICAM	3		Small molecule	0	0	0	1	0			0		CN1C(C(=O)Nc2ccccn2)=C(O)c2sc(Cl)cc2S1(=O)=O			2.3	6	2	99.6	2			23	2	CN1C(C(=O)Nc2ccccn2)=C(O)c2sc(Cl)cc2S1(=O)=O	ok
CHEMBL1569545	CRIDANIMOD	3		Small molecule	0	0	0	0	0			0		O=C(O)Cn1c2ccccc2c(=O)c2ccccc21			2.24	3	1	59.3	2			19	3	O=C(O)Cn1c2ccccc2c(=O)c2ccccc21	ok
CHEMBL1570	SULFOXONE	4	1982	Small molecule	1	0	0	1	0			0		O=S(O)CNc1ccc(S(=O)(=O)c2ccc(NCS(=O)O)cc2)cc1			1.7	6	4	132.8	8			25	2	O=S(O)CNc1ccc(S(=O)(=O)c2ccc(NCS(=O)O)cc2)cc1	ok
CHEMBL1571	TESTOLACTONE	4	1969	Small molecule	1	1	0	1	0			0		C[C@]12C=CC(=O)C=C1CC[C@@H]1[C@@H]2CC[C@]2(C)OC(=O)CC[C@@H]12			3.59	3	0	43.37	0			22	0	C[C@]12C=CC(=O)C=C1CC[C@@H]1[C@@H]2CC[C@]2(C)OC(=O)CC[C@@H]12	ok
CHEMBL157101	KETOCONAZOLE	4	1981	Small molecule	1	0	1	1	0			0		CC(=O)N1CCN(c2ccc(OCC3COC(Cn4ccnc4)(c4ccc(Cl)cc4Cl)O3)cc2)CC1			4.21	7	0	69.06	7			36	3	CC(=O)N1CCN(c2ccc(OCC3COC(Cn4ccnc4)(c4ccc(Cl)cc4Cl)O3)cc2)CC1	RISK
CHEMBL157138	LISURIDE	3		Small molecule	0	0	0	1	0			0		CCN(CC)C(=O)N[C@H]1C=C2c3cccc4[nH]cc(c34)C[C@H]2N(C)C1			2.84	2	2	51.37	3			25	2	CCN(CC)C(=O)N[C@H]1C=C2c3cccc4[nH]cc(c34)C[C@H]2N(C)C1	ok
CHEMBL1571863	ISOCONAZOLE	4		Small molecule	0	0	0	1	0			0		Clc1ccc(C(Cn2ccnc2)OCc2c(Cl)cccc2Cl)c(Cl)c1			6.45	3	0	27.05	6			25	3	Clc1ccc(C(Cn2ccnc2)OCc2c(Cl)cccc2Cl)c(Cl)c1	ok
CHEMBL1572	NETILMICIN	4	1983	Small molecule	0	1	0	1	0			0		CCN[C@@H]1C[C@H](N)[C@@H](O[C@H]2OC(CN)=CC[C@H]2N)[C@H](O)[C@H]1O[C@H]1OC[C@](C)(O)[C@H](NC)[C@H]1O			-3.2	12	8	199.73	8			33	0	CCN[C@@H]1C[C@H](N)[C@@H](O[C@H]2OC(CN)=CC[C@H]2N)[C@H](O)[C@H]1O[C@H]1OC[C@](C)(O)[C@H](NC)[C@H]1O	ok
CHEMBL1574	PHENTERMINE	4	1959	Small molecule	1	0	0	1	0			0		CC(C)(N)Cc1ccccc1			1.97	1	1	26.02	2			11	1	CC(C)(N)Cc1ccccc1	ok
CHEMBL1575	ESTRAMUSTINE	3		Small molecule	0	0	0	1	0			0		C[C@]12CC[C@@H]3c4ccc(OC(=O)N(CCCl)CCCl)cc4CC[C@H]3[C@@H]1CC[C@@H]2O			5.18	3	1	49.77	5			29	1	C[C@]12CC[C@@H]3c4ccc(OC(=O)N(CCCl)CCCl)cc4CC[C@H]3[C@@H]1CC[C@@H]2O	ok
CHEMBL1576	ETHINAMATE	4	1982	Small molecule	1	0	0	1	0			0		C#CC1(OC(N)=O)CCCCC1			1.42	2	1	52.32	1			12	0	C#CC1(OC(N)=O)CCCCC1	ok
CHEMBL15768	CAMPHOR	3		Small molecule	0	0	0	1	0			0		CC12CCC(CC1=O)C2(C)C			2.4	1	0	17.07	0			11	0	CC12CCC(CC1=O)C2(C)C	ok
CHEMBL1577	METHYCLOTHIAZIDE	4	1960	Small molecule	1	0	0	1	0			0		CN1C(CCl)Nc2cc(Cl)c(S(N)(=O)=O)cc2S1(=O)=O			0.6	5	2	109.57	2			20	1	CN1C(CCl)Nc2cc(Cl)c(S(N)(=O)=O)cc2S1(=O)=O	ok
CHEMBL15770	SULINDAC	4	1978	Small molecule	1	0	0	0	1			0		CC1=C(CC(=O)O)c2cc(F)ccc2/C1=C\c1ccc([S+](C)[O-])cc1			4.37	2	1	60.36	4			25	2	CC1=C(CC(=O)O)c2cc(F)ccc2/C1=C\c1ccc([S+](C)[O-])cc1	ok
CHEMBL15797	PYRAZINE	3		Small molecule	0	0	0	1	0			0		c1cnccn1			0.48	2	0	25.78	0			6	1	c1cnccn1	ok
CHEMBL158	AZTREONAM	4	1986	Small molecule	0	1	1	1	0			0		C[C@H]1[C@H](NC(=O)/C(=N\OC(C)(C)C(=O)O)c2csc(N)n2)C(=O)N1S(=O)(=O)O			-1.17	10	4	201.58	7			28	1	C[C@H]1[C@H](NC(=O)/C(=N\OC(C)(C)C(=O)O)c2csc(N)n2)C(=O)N1S(=O)(=O)O	ok
CHEMBL1580	PENTOSTATIN	4	1991	Small molecule	0	1	0	1	0			0		OC[C@H]1O[C@@H](n2cnc3c2N=CNC[C@H]3O)C[C@@H]1O			-1.18	8	4	112.13	2			19	1	OC[C@H]1O[C@@H](n2cnc3c2N=CNC[C@H]3O)C[C@@H]1O	ok
CHEMBL1581	PERINDOPRIL	4	1993	Small molecule	1	0	0	1	1			0		CCC[C@H](N[C@@H](C)C(=O)N1[C@H](C(=O)O)C[C@@H]2CCCC[C@@H]21)C(=O)OCC			1.94	5	2	95.94	8			26	0	CCC[C@H](N[C@@H](C)C(=O)N1[C@H](C(=O)O)C[C@@H]2CCCC[C@@H]21)C(=O)OCC	ok
CHEMBL1583	BACAMPICILLIN	4	1980	Small molecule	1	0	0	1	1			0		CCOC(=O)OC(C)OC(=O)[C@@H]1N2C(=O)[C@@H](NC(=O)[C@H](N)c3ccccc3)[C@H]2SC1(C)C			1.3	9	2	137.26	7			32	1	CCOC(=O)OC(C)OC(=O)[C@@H]1N2C(=O)[C@@H](NC(=O)[C@H](N)c3ccccc3)[C@H]2SC1(C)C	ok
CHEMBL1584	PIPERACETAZINE	4	1969	Small molecule	1	0	0	1	0			0		CC(=O)c1ccc2c(c1)N(CCCN1CCC(CCO)CC1)c1ccccc1S2			4.98	5	1	43.78	7			29	2	CC(=O)c1ccc2c(c1)N(CCCN1CCC(CCO)CC1)c1ccccc1S2	ok
CHEMBL1585	PIPOBROMAN	4	1966	Small molecule	1	0	0	1	0			0		O=C(CCBr)N1CCN(C(=O)CCBr)CC1			1.23	2	0	40.62	4			16	0	O=C(CCBr)N1CCN(C(=O)CCBr)CC1	ok
CHEMBL1587	POLYTHIAZIDE	4	1961	Small molecule	1	0	0	0	0			0		CN1C(CSCC(F)(F)F)Nc2cc(Cl)c(S(N)(=O)=O)cc2S1(=O)=O			1.66	6	2	109.57	4			25	1	CN1C(CSCC(F)(F)F)Nc2cc(Cl)c(S(N)(=O)=O)cc2S1(=O)=O	ok
CHEMBL15870	INDOPROFEN	4	1979	Small molecule	0	0	0	1	0			0		CC(C(=O)O)c1ccc(N2Cc3ccccc3C2=O)cc1			3.04	2	1	57.61	3			21	2	CC(C(=O)O)c1ccc(N2Cc3ccccc3C2=O)cc1	ok
CHEMBL1589	ACETOHEXAMIDE	4	1964	Small molecule	1	0	0	1	0			0		CC(=O)c1ccc(S(=O)(=O)NC(=O)NC2CCCCC2)cc1			2.21	4	2	92.34	4			22	1	CC(=O)c1ccc(S(=O)(=O)NC(=O)NC2CCCCC2)cc1	ok
CHEMBL15891	LINDANE	4	1974	Small molecule	0	0	1	1	0			0		Cl[C@H]1[C@H](Cl)[C@@H](Cl)[C@@H](Cl)[C@H](Cl)[C@H]1Cl			3.64	0	0	0	0			12	0	Cl[C@H]1[C@H](Cl)[C@@H](Cl)[C@@H](Cl)[C@H](Cl)[C@H]1Cl	ok
CHEMBL159	VINBLASTINE	4	1965	Small molecule	0	1	0	1	0			0		CC[C@]1(O)C[C@@H]2CN(CCc3c([nH]c4ccccc34)[C@@](C(=O)OC)(c3cc4c(cc3OC)N(C)[C@H]3[C@@](O)(C(=O)OC)[C@H](OC(C)=O)[C@]5(CC)C=CCN6CC[C@]43[C@@H]65)C2)C1			3.99	12	3	154.1	7			59	3	CC[C@]1(O)C[C@@H]2CN(CCc3c([nH]c4ccccc34)[C@@](C(=O)OC)(c3cc4c(cc3OC)N(C)[C@H]3[C@@](O)(C(=O)OC)[C@H](OC(C)=O)[C@]5(CC)C=CCN6CC[C@]43[C@@H]65)C2)C1	ok
CHEMBL1590	PSEUDOEPHEDRINE	4	1963	Small molecule	1	0	0	1	0			0		CN[C@@H](C)[C@@H](O)c1ccccc1			1.33	2	2	32.26	3			12	1	CN[C@@H](C)[C@@H](O)c1ccccc1	ok
CHEMBL1591	DEMECLOCYCLINE	4	1960	Small molecule	1	0	0	1	0			0		CN(C)[C@@H]1C(O)=C(C(N)=O)C(=O)[C@@]2(O)C(O)=C3C(=O)c4c(O)ccc(Cl)c4[C@@H](O)[C@H]3C[C@@H]12			0.26	9	6	181.62	2			32	1	CN(C)[C@@H]1C(O)=C(C(N)=O)C(=O)[C@@]2(O)C(O)=C3C(=O)c4c(O)ccc(Cl)c4[C@@H](O)[C@H]3C[C@@H]12	ok
CHEMBL1592	QUINAPRIL	4	1991	Small molecule	1	0	0	1	1			0		CCOC(=O)[C@H](CCc1ccccc1)N[C@@H](C)C(=O)N1Cc2ccccc2C[C@H]1C(=O)O			2.57	5	2	95.94	9			32	2	CCOC(=O)[C@H](CCc1ccccc1)N[C@@H](C)C(=O)N1Cc2ccccc2C[C@H]1C(=O)O	ok
CHEMBL159226	MOXISYLYTE	4		Small molecule	1	0	0	1	0			0		CC(=O)Oc1cc(C(C)C)c(OCCN(C)C)cc1C			2.98	4	0	38.77	6			20	1	CC(=O)Oc1cc(C(C)C)c(OCCN(C)C)cc1C	ok
CHEMBL1593719	PHENICARBAZIDE	4		Small molecule	0	0	0	1	0			0		NC(=O)NNc1ccccc1			0.68	2	3	67.15	2			11	1	NC(=O)NNc1ccccc1	ok
CHEMBL1594	PANTOTHENIC ACID	4	1993	Small molecule	0	1	0	1	0			0		CC(C)(CO)[C@@H](O)C(=O)NCCC(=O)O			-1.04	4	4	106.86	6			15	0	CC(C)(CO)[C@@H](O)C(=O)NCCC(=O)O	ok
CHEMBL1595	DIHYDROCODEINE	4	1983	Small molecule	1	0	0	1	0			0		COc1ccc2c3c1O[C@H]1[C@@H](O)CC[C@H]4[C@@H](C2)N(C)CC[C@@]341			1.73	4	1	41.93	1			22	1	COc1ccc2c3c1O[C@H]1[C@@H](O)CC[C@H]4[C@@H](C2)N(C)CC[C@@]341	ok
CHEMBL1596	CARBENICILLIN INDANYL	4	1972	Small molecule	1	0	0	1	1			0		CC1(C)S[C@@H]2[C@H](NC(=O)C(C(=O)Oc3ccc4c(c3)CCC4)c3ccccc3)C(=O)N2[C@H]1C(=O)O			2.5	6	2	113.01	6			35	2	CC1(C)S[C@@H]2[C@H](NC(=O)C(C(=O)Oc3ccc4c(c3)CCC4)c3ccccc3)C(=O)N2[C@H]1C(=O)O	ok
CHEMBL1597	DIMERCAPROL	4	1946	Small molecule	0	1	0	1	0			0		OCC(S)CS			0.21	3	3	20.23	2			6	0	OCC(S)CS	ok
CHEMBL1599	CEPHAPIRIN	4	1974	Small molecule	0	1	0	1	0			0		CC(=O)OCC1=C(C(=O)O)N2C(=O)[C@@H](NC(=O)CSc3ccncc3)[C@H]2SC1			0.48	8	2	125.9	7			28	1	CC(=O)OCC1=C(C(=O)O)N2C(=O)[C@@H](NC(=O)CSc3ccncc3)[C@H]2SC1	ok
CHEMBL16	PHENYTOIN	4	1953	Small molecule	1	1	0	1	0			0		O=C1NC(=O)C(c2ccccc2)(c2ccccc2)N1			1.77	2	2	58.2	2			19	2	O=C1NC(=O)C(c2ccccc2)(c2ccccc2)N1	ok
CHEMBL1601	CEFONICID	4	1984	Small molecule	0	1	0	1	0			0		O=C(O)C1=C(CSc2nnnn2CS(=O)(=O)O)CS[C@@H]2[C@H](NC(=O)[C@H](O)c3ccccc3)C(=O)N12			-0.92	12	4	204.91	9			35	2	O=C(O)C1=C(CSc2nnnn2CS(=O)(=O)O)CS[C@@H]2[C@H](NC(=O)[C@H](O)c3ccccc3)C(=O)N12	ok
CHEMBL1601669	ALFACALCIDOL	4		Small molecule	0	0	0	1	1			0		C=C1/C(=C\C=C2/CCC[C@]3(C)[C@@H]([C@H](C)CCCC(C)C)CC[C@@H]23)C[C@@H](O)C[C@@H]1O			6.59	2	2	40.46	6			29	0	C=C1/C(=C\C=C2/CCC[C@]3(C)[C@@H]([C@H](C)CCCC(C)C)CC[C@@H]23)C[C@@H](O)C[C@@H]1O	ok
CHEMBL1604	CEPHRADINE	4	1974	Small molecule	1	1	0	1	0			0		CC1=C(C(=O)O)N2C(=O)[C@@H](NC(=O)[C@H](N)C3=CCC=CC3)[C@H]2SC1			0.35	5	3	112.73	4			24	0	CC1=C(C(=O)O)N2C(=O)[C@@H](NC(=O)[C@H](N)C3=CCC=CC3)[C@H]2SC1	ok
CHEMBL1605	CEFTIBUTEN	4	1995	Small molecule	1	0	0	1	0			0		Nc1nc(/C(=C/CC(=O)O)C(=O)N[C@@H]2C(=O)N3C(C(=O)O)=CCS[C@H]23)cs1			-0.05	8	4	162.92	6			27	1	Nc1nc(/C(=C/CC(=O)O)C(=O)N[C@@H]2C(=O)N3C(C(=O)O)=CCS[C@H]23)cs1	ok
CHEMBL160519	PROCATEROL	3		Small molecule	0	0	0	1	0			0		CCC(NC(C)C)C(O)c1ccc(O)c2[nH]c(=O)ccc12			2.04	4	4	85.35	5			21	2	CCC(NC(C)C)C(O)c1ccc(O)c2[nH]c(=O)ccc12	ok
CHEMBL16073	PHENACETIN	4		Small molecule	0	0	0	1	0			0		CCOc1ccc(NC(C)=O)cc1			2.04	2	1	38.33	3			13	1	CCOc1ccc(NC(C)=O)cc1	ok
CHEMBL16080	TRICHLOROETHANE	4		Small molecule	0	0	0	1	0			0		CC(Cl)(Cl)Cl			2.38	0	0	0	0			5	0	CC(Cl)(Cl)Cl	ok
CHEMBL161	CEFTRIAXONE	4	1984	Small molecule	0	1	0	1	0			0		CO/N=C(\C(=O)N[C@@H]1C(=O)N2C(C(=O)O)=C(CSc3nc(=O)c(O)nn3C)CS[C@H]12)c1csc(N)n1			-1.2	15	4	215.22	8			36	2	CO/N=C(\C(=O)N[C@@H]1C(=O)N2C(C(=O)O)=C(CSc3nc(=O)c(O)nn3C)CS[C@H]12)c1csc(N)n1	ok
CHEMBL1611	PHENYTOIN SODIUM	4	1956	Small molecule	1	1	0	1	0			0		O=C1N=C([O-])NC1(c1ccccc1)c1ccccc1.[Na+]			1.77	2	2	58.2	2			19	2	O=C1N=C([O-])NC1(c1ccccc1)c1ccccc1	ok
CHEMBL1614	DESLANOSIDE	4	1982	Small molecule	0	1	0	1	0			0		C[C@H]1O[C@@H](O[C@H]2CC[C@@]3(C)[C@H](CC[C@@H]4[C@@H]3C[C@@H](O)[C@]3(C)[C@@H](C5=CC(=O)OC5)CC[C@]43O)C2)C[C@H](O)[C@@H]1O[C@H]1C[C@H](O)[C@H](O[C@H]2C[C@H](O)[C@H](O[C@@H]3O[C@H](CO)[C@@H](O)[C@H](O)[C@H]3O)[C@@H](C)O2)[C@@H](C)O1			0.04	19	9	282.21	10			66	0	C[C@H]1O[C@@H](O[C@H]2CC[C@@]3(C)[C@H](CC[C@@H]4[C@@H]3C[C@@H](O)[C@]3(C)[C@@H](C5=CC(=O)OC5)CC[C@]43O)C2)C[C@H](O)[C@@H]1O[C@H]1C[C@H](O)[C@H](O[C@H]2C[C@H](O)[C@H](O[C@@H]3O[C@H](CO)[C@@H](O)[C@H](O)[C@H]3O)[C@@H](C)O2)[C@@H](C)O1	ok
CHEMBL1614650	EXATECAN	3		Small molecule	0	0	0	0	0			0		CC[C@@]1(O)C(=O)OCc2c1cc1n(c2=O)Cc2c-1nc1cc(F)c(C)c3c1c2[C@@H](N)CC3			2.47	7	2	107.44	1			32	3	CC[C@@]1(O)C(=O)OCc2c1cc1n(c2=O)Cc2c-1nc1cc(F)c(C)c3c1c2[C@@H](N)CC3	ok
CHEMBL1614701	SELUMETINIB	4	2020	Small molecule	1	0	0	0	0			0		Cn1cnc2c(F)c(Nc3ccc(Br)cc3Cl)c(C(=O)NOCCO)cc21			3.53	6	3	88.41	6			27	3	Cn1cnc2c(F)c(Nc3ccc(Br)cc3Cl)c(C(=O)NOCCO)cc21	ok
CHEMBL1615350	CLOMACRAN	4		Small molecule	0	0	0	0	0			0		CN(C)CCCC1c2ccccc2Nc2ccc(Cl)cc21			4.87	2	1	15.27	4			21	2	CN(C)CCCC1c2ccccc2Nc2ccc(Cl)cc21	ok
CHEMBL1615371	LEVOMEFOLATE CALCIUM	4	2010	Small molecule	1	0	0	1	0			0		CN1c2c([nH]c(N)nc2=O)NC[C@@H]1CNc1ccc(C(=O)N[C@@H](CCC(=O)[O-])C(=O)[O-])cc1.[Ca+2]			-0.26	9	7	202.77	9			33	2	CN1c2c([nH]c(N)nc2=O)NC[C@@H]1CNc1ccc(C(=O)N[C@@H](CCC(=O)[O-])C(=O)[O-])cc1	ok
CHEMBL1615438	LEVOCABASTINE	4	1993	Small molecule	0	0	1	0	0			0		C[C@@H]1CN([C@H]2CC[C@](C#N)(c3ccc(F)cc3)CC2)CC[C@]1(C(=O)O)c1ccccc1			4.89	3	1	64.33	4			31	2	C[C@@H]1CN([C@H]2CC[C@](C#N)(c3ccc(F)cc3)CC2)CC[C@]1(C(=O)O)c1ccccc1	ok
CHEMBL1615439	PHENDIMETRAZINE	4	1976	Small molecule	1	0	0	1	0			0		C[C@H]1[C@H](c2ccccc2)OCCN1C			2.08	2	0	12.47	1			14	1	C[C@H]1[C@H](c2ccccc2)OCCN1C	ok
CHEMBL1615487	IODOXAMIC ACID	4	1982	Small molecule	0	1	0	1	0			0		O=C(CCOCCOCCOCCOCCC(=O)Nc1c(I)cc(I)c(C(=O)O)c1I)Nc1c(I)cc(I)c(C(=O)O)c1I												O=C(CCOCCOCCOCCOCCC(=O)Nc1c(I)cc(I)c(C(=O)O)c1I)Nc1c(I)cc(I)c(C(=O)O)c1I	ok
CHEMBL1615779	IOBENGUANE I 131	4	2018	Small molecule	0	1	0	0	0			0		N=C(N)NCc1cccc([131I])c1			1.27	1	3	61.9	2			12	1	N=C(N)NCc1cccc([131I])c1	ok
CHEMBL1615784	TETROFOSMIN	3		Small molecule	0	0	0	1	0			0		CCOCCP(CCOCC)CCP(CCOCC)CCOCC			4.1	4	0	36.92	19			24	0	CCOCCP(CCOCC)CCP(CCOCC)CCOCC	ok
CHEMBL1616008	AMCIPATRICIN	3		Small molecule	0	0	0	0	0			0		CNc1ccc(C(=O)CC(O)CC[C@H](C)C2OC(=O)C[C@H](O)CC(=O)C[C@H](O)C[C@H](O)C[C@H](O)C[C@H](O)C[C@]3(O)C[C@H](O)[C@@H](C(=O)NCCN(C)C)[C@H](C[C@@H](O[C@@H]4O[C@H](C)[C@@H](O)[C@H](NC(=O)CN(C)C)[C@@H]4O)/C=C/C=C/C=C/C=C/C=C/C=C/C=C/C2C)O3)cc1												CNc1ccc(C(=O)CC(O)CC[C@H](C)C2OC(=O)C[C@H](O)CC(=O)C[C@H](O)C[C@H](O)C[C@H](O)C[C@H](O)C[C@]3(O)C[C@H](O)[C@@H](C(=O)NCCN(C)C)[C@H](C[C@@H](O[C@@H]4O[C@H](C)[C@@H](O)[C@H](NC(=O)CN(C)C)[C@@H]4O)/C=C/C=C/C=C/C=C/C=C/C=C/C=C/C2C)O3)cc1	ok
CHEMBL1616046	HYPOCHLOROUS ACID	4		Small molecule	0	0	0	1	0			0		OCl			0.13	1	1	20.23	0			2	0	OCl	ok
CHEMBL1616951	CANRENOATE	3		Small molecule	0	0	0	1	0			0		C[C@]12CCC(=O)C=C1C=C[C@@H]1[C@@H]2CC[C@@]2(C)[C@H]1CC[C@@]2(O)CCC(=O)O			3.89	3	2	74.6	3			26	0	C[C@]12CCC(=O)C=C1C=C[C@@H]1[C@@H]2CC[C@@]2(C)[C@H]1CC[C@@]2(O)CCC(=O)O	ok
CHEMBL1617	RIFAXIMIN	4	2004	Small molecule	1	0	0	1	0			0		CO[C@H]1/C=C/O[C@@]2(C)Oc3c(C)c(O)c4c(O)c(c5c(nc6cc(C)ccn65)c4c3C2=O)NC(=O)/C(C)=C\C=C\[C@H](C)[C@H](O)[C@@H](C)[C@@H](O)[C@@H](C)[C@H](OC(C)=O)[C@@H]1C			6.16	13	5	198.38	2			57	4	CO[C@H]1/C=C/O[C@@]2(C)Oc3c(C)c(O)c4c(O)c(c5c(nc6cc(C)ccn65)c4c3C2=O)NC(=O)/C(C)=C\C=C\[C@H](C)[C@H](O)[C@@H](C)[C@@H](O)[C@@H](C)[C@H](OC(C)=O)[C@@H]1C	ok
CHEMBL1618	CEFAMANDOLE NAFATE	4	1978	Small molecule	0	1	0	1	1			0		Cn1nnnc1SCC1=C(C(=O)[O-])N2C(=O)[C@@H](NC(=O)[C@H](OC=O)c3ccccc3)[C@H]2SC1.[Na+]			-0.04	11	2	156.61	9			33	2	Cn1nnnc1SCC1=C(C(=O)[O-])N2C(=O)[C@@H](NC(=O)[C@H](OC=O)c3ccccc3)[C@H]2SC1	ok
CHEMBL1618018	HOMATROPINE	4		Small molecule	0	0	0	1	0			0		CN1[C@@H]2CC[C@H]1C[C@@H](OC(=O)C(O)c1ccccc1)C2			1.89	4	1	49.77	3			20	1	CN1[C@@H]2CC[C@H]1C[C@@H](OC(=O)C(O)c1ccccc1)C2	ok
CHEMBL1618102	BUTYLSCOPOLAMINE	3		Small molecule	0	0	0	1	0			0		CCCC[N+]1(C)[C@@H]2C[C@@H](OC(=O)[C@H](CO)c3ccccc3)C[C@H]1[C@@H]1O[C@@H]12			2.23	4	1	59.06	7			26	1	CCCC[N+]1(C)[C@@H]2C[C@@H](OC(=O)[C@H](CO)c3ccccc3)C[C@H]1[C@@H]1O[C@@H]12	ok
CHEMBL1619	CLADRIBINE	4	1993	Small molecule	1	1	0	1	1			0		Nc1nc(Cl)nc2c1ncn2[C@H]1C[C@H](O)[C@@H](CO)O1			-0.3	8	3	119.31	2			19	2	Nc1nc(Cl)nc2c1ncn2[C@H]1C[C@H](O)[C@@H](CO)O1	ok
CHEMBL162036	BENORILATE	4		Small molecule	0	0	0	0	0			0		CC(=O)Nc1ccc(OC(=O)c2ccccc2OC(C)=O)cc1			2.79	5	1	81.7	4			23	2	CC(=O)Nc1ccc(OC(=O)c2ccccc2OC(C)=O)cc1	ok
CHEMBL1620875	OXOLAMINE	3		Small molecule	0	0	0	1	0			0		CCN(CC)CCc1nc(-c2ccccc2)no1			2.62	4	0	42.16	6			18	2	CCN(CC)CCc1nc(-c2ccccc2)no1	ok
CHEMBL1621	PALIPERIDONE	4	2006	Small molecule	1	0	0	0	0			0		Cc1nc2n(c(=O)c1CCN1CCC(c3noc4cc(F)ccc34)CC1)CCCC2O			3.08	7	1	84.39	4			31	3	Cc1nc2n(c(=O)c1CCN1CCC(c3noc4cc(F)ccc34)CC1)CCCC2O	RISK
CHEMBL1621597	IPRATROPIUM	4	1986	Small molecule	0	0	1	1	0			0		CC(C)[N+]1(C)[C@@H]2CC[C@H]1C[C@@H](OC(=O)C(CO)c1ccccc1)C2			2.85	3	1	46.53	5			24	1	CC(C)[N+]1(C)[C@@H]2CC[C@H]1C[C@@H](OC(=O)C(CO)c1ccccc1)C2	ok
CHEMBL1622	FOLIC ACID	4	1982	Small molecule	1	1	0	1	0			0		Nc1nc(=O)c2nc(CNc3ccc(C(=O)N[C@@H](CCC(=O)O)C(=O)O)cc3)cnc2[nH]1			-0.04	9	6	213.28	9			32	3	Nc1nc(=O)c2nc(CNc3ccc(C(=O)N[C@@H](CCC(=O)O)C(=O)O)cc3)cnc2[nH]1	ok
CHEMBL16225	PYRROLE	3		Small molecule	0	0	0	1	0			0		c1cc[nH]c1			1.01	0	1	15.79	0			5	1	c1cc[nH]c1	ok
CHEMBL1623	MECLIZINE	4	1957	Small molecule	1	0	0	1	0			0		Cc1cccc(CN2CCN(C(c3ccccc3)c3ccc(Cl)cc3)CC2)c1			5.56	2	0	6.48	5			28	3	Cc1cccc(CN2CCN(C(c3ccccc3)c3ccc(Cl)cc3)CC2)c1	ok
CHEMBL1623992	PIPERIDOLATE	4		Small molecule	0	0	0	1	0			0		CCN1CCCC(OC(=O)C(c2ccccc2)c2ccccc2)C1			3.85	3	0	29.54	5			24	2	CCN1CCCC(OC(=O)C(c2ccccc2)c2ccccc2)C1	ok
CHEMBL1624	LEVOTHYROXINE	4	1982	Small molecule	1	1	0	1	0			0		N[C@@H](Cc1cc(I)c(Oc2cc(I)c(O)c(I)c2)c(I)c1)C(=O)O			4.56	4	3	92.78	5			24	2	N[C@@H](Cc1cc(I)c(Oc2cc(I)c(O)c(I)c2)c(I)c1)C(=O)O	ok
CHEMBL1624126	XANTHINOL	4		Small molecule	0	0	0	1	0			0		CN(CCO)CC(O)Cn1cnc2c1c(=O)n(C)c(=O)n2C			-2.28	9	2	105.52	6			22	2	CN(CCO)CC(O)Cn1cnc2c1c(=O)n(C)c(=O)n2C	ok
CHEMBL1625	OXYBENZONE	4	1992	Small molecule	0	0	1	1	0			0		COc1ccc(C(=O)c2ccccc2)c(O)c1			2.63	3	1	46.53	3			17	2	COc1ccc(C(=O)c2ccccc2)c(O)c1	ok
CHEMBL1626	CLEMASTINE	4	1977	Small molecule	1	0	0	1	0			0		CN1CCC[C@@H]1CCO[C@](C)(c1ccccc1)c1ccc(Cl)cc1			5.1	2	0	12.47	6			24	2	CN1CCC[C@@H]1CCO[C@](C)(c1ccccc1)c1ccc(Cl)cc1	RISK
CHEMBL1626223	PYRANTEL	4		Small molecule	0	0	0	1	0			0		CN1CCCN=C1/C=C/c1cccs1			2.5	3	0	15.6	2			14	1	CN1CCCN=C1/C=C/c1cccs1	ok
CHEMBL1627367	FLUOROESTRADIOL	4	2020	Small molecule	0	1	0	0	0			0		C[C@]12CC[C@@H]3c4ccc(O)cc4CC[C@H]3[C@@H]1C[C@@H](F)[C@@H]2O			3.56	2	2	40.46	0			21	1	C[C@]12CC[C@@H]3c4ccc(O)cc4CC[C@H]3[C@@H]1C[C@@H](F)[C@@H]2O	ok
CHEMBL1628227	DOXEPIN	4	1969	Small molecule	1	0	1	1	0			0		CN(C)CCC=C1c2ccccc2COc2ccccc21			3.96	2	0	12.47	3			21	2	CN(C)CCC=C1c2ccccc2COc2ccccc21	ok
CHEMBL1628233	FLUORESCEIN SODIUM	4	1976	Small molecule	0	1	1	0	0			0		O=C([O-])c1ccccc1-c1c2ccc(=O)cc-2oc2cc([O-])ccc12.[Na+].[Na+]			3.67	5	2	75.99	0			25	3	O=C([O-])c1ccccc1-c1c2ccc(=O)cc-2oc2cc([O-])ccc12	ok
CHEMBL1628502	GABAPENTIN ENACARBIL	4	2011	Small molecule	1	0	0	1	1			0		CC(OC(=O)NCC1(CC(=O)O)CCCCC1)OC(=O)C(C)C			2.68	5	2	101.93	7			23	0	CC(OC(=O)NCC1(CC(=O)O)CCCCC1)OC(=O)C(C)C	ok
CHEMBL1628688	ZIBOTENTAN	3		Small molecule	0	0	0	1	0			0		COc1nc(C)cnc1NS(=O)(=O)c1cccnc1-c1ccc(-c2nnco2)cc1			2.71	9	1	132.99	6			30	4	COc1nc(C)cnc1NS(=O)(=O)c1cccnc1-c1ccc(-c2nnco2)cc1	ok
CHEMBL163	RITONAVIR	4	1996	Small molecule	1	0	0	1	0			0		CC(C)c1nc(CN(C)C(=O)N[C@H](C(=O)N[C@@H](Cc2ccccc2)C[C@H](O)[C@H](Cc2ccccc2)NC(=O)OCc2cncs2)C(C)C)cs1			5.91	9	4	145.78	17			50	4	CC(C)c1nc(CN(C)C(=O)N[C@H](C(=O)N[C@@H](Cc2ccccc2)C[C@H](O)[C@H](Cc2ccccc2)NC(=O)OCc2cncs2)C(C)C)cs1	ok
CHEMBL1630575	CASPOFUNGIN	4	2001	Small molecule	0	1	0	1	0			0		CC[C@H](C)C[C@H](C)CCCCCCCCC(=O)N[C@H]1C[C@@H](O)[C@@H](NCCN)NC(=O)[C@@H]2[C@@H](O)CCN2C(=O)[C@H]([C@H](O)CCN)NC(=O)[C@H]([C@H](O)[C@@H](O)c2ccc(O)cc2)NC(=O)[C@@H]2C[C@@H](O)CN2C(=O)[C@H]([C@@H](C)O)NC1=O												CC[C@H](C)C[C@H](C)CCCCCCCCC(=O)N[C@H]1C[C@@H](O)[C@@H](NCCN)NC(=O)[C@@H]2[C@@H](O)CCN2C(=O)[C@H]([C@H](O)CCN)NC(=O)[C@H]([C@H](O)[C@@H](O)c2ccc(O)cc2)NC(=O)[C@@H]2C[C@@H](O)CN2C(=O)[C@H]([C@@H](C)O)NC1=O	ok
CHEMBL1630578	TIRILAZAD	3		Small molecule	0	0	0	1	0			0		C[C@@H]1C[C@H]2[C@@H]3CCC4=CC(=O)C=C[C@]4(C)C3=CC[C@]2(C)[C@H]1C(=O)CN1CCN(c2cc(N3CCCC3)nc(N3CCCC3)n2)CC1			5.46	8	0	72.88	6			46	1	C[C@@H]1C[C@H]2[C@@H]3CCC4=CC(=O)C=C[C@]4(C)C3=CC[C@]2(C)[C@H]1C(=O)CN1CCN(c2cc(N3CCCC3)nc(N3CCCC3)n2)CC1	ok
CHEMBL1631694	FEXINIDAZOLE	4	2021	Small molecule	1	0	0	1	0			0		CSc1ccc(OCc2ncc([N+](=O)[O-])n2C)cc1			2.63	6	0	70.19	5			19	2	CSc1ccc(OCc2ncc([N+](=O)[O-])n2C)cc1	ok
CHEMBL1632	CEPHALOTHIN SODIUM	4	1974	Small molecule	0	1	0	1	0			0		CC(=O)OCC1=C(C(=O)[O-])N2C(=O)[C@@H](NC(=O)Cc3cccs3)[C@H]2SC1.[Na+]			0.59	7	2	113.01	6			26	1	CC(=O)OCC1=C(C(=O)[O-])N2C(=O)[C@@H](NC(=O)Cc3cccs3)[C@H]2SC1	ok
CHEMBL1639	ALISKIREN	4	2007	Small molecule	1	0	0	1	0			0		COCCCOc1cc(C[C@@H](C[C@H](N)[C@@H](O)C[C@H](C(=O)NCC(C)(C)C(N)=O)C(C)C)C(C)C)ccc1OC			3.29	7	4	146.13	19			39	1	COCCCOc1cc(C[C@@H](C[C@H](N)[C@@H](O)C[C@H](C(=O)NCC(C)(C)C(N)=O)C(C)C)C(C)C)ccc1OC	ok
CHEMBL1640	TRYPAN BLUE	4	2004	Small molecule	0	0	1	0	0			0		Cc1cc(-c2ccc(/N=N/c3c(S(=O)(=O)[O-])cc4cc(S(=O)(=O)[O-])cc(N)c4c3O)c(C)c2)ccc1/N=N/c1c(S(=O)(=O)[O-])cc2cc(S(=O)(=O)[O-])cc(N)c2c1O.[Na+].[Na+].[Na+].[Na+]			6.67	16	8	359.42	9			58	6	Cc1cc(-c2ccc(/N=N/c3c(S(=O)(=O)[O-])cc4cc(S(=O)(=O)[O-])cc(N)c4c3O)c(C)c2)ccc1/N=N/c1c(S(=O)(=O)[O-])cc2cc(S(=O)(=O)[O-])cc(N)c2c1O	ok
CHEMBL1641	HYDROCORTISONE PHOSPHORIC ACID	4	1960	Small molecule	0	1	0	1	1			0		C[C@]12CCC(=O)C=C1CC[C@@H]1[C@@H]2[C@@H](O)C[C@@]2(C)[C@H]1CC[C@]2(O)C(=O)COP(=O)(O)O			1.9	6	4	141.36	4			30	0	C[C@]12CCC(=O)C=C1CC[C@@H]1[C@@H]2[C@@H](O)C[C@@]2(C)[C@H]1CC[C@]2(O)C(=O)COP(=O)(O)O	ok
CHEMBL1643	RIBAVIRIN	4	1985	Small molecule	1	0	1	1	1			0		NC(=O)c1ncn([C@@H]2O[C@H](CO)[C@@H](O)[C@H]2O)n1			-3.01	8	4	143.72	3			17	1	NC(=O)c1ncn([C@@H]2O[C@H](CO)[C@@H](O)[C@H]2O)n1	ok
CHEMBL1643895	RAMOSETRON	4	2015	Small molecule	0	0	0	1	0			0		Cn1cc(C(=O)[C@@H]2CCc3[nH]cnc3C2)c2ccccc21			2.89	3	1	50.68	2			21	3	Cn1cc(C(=O)[C@@H]2CCc3[nH]cnc3C2)c2ccccc21	ok
CHEMBL1644	CEFADROXIL	4	1978	Small molecule	1	0	0	1	0			0		CC1=C(C(=O)O)N2C(=O)[C@@H](NC(=O)[C@H](N)c3ccc(O)cc3)[C@H]2SC1			0.15	6	4	132.96	4			25	1	CC1=C(C(=O)O)N2C(=O)[C@@H](NC(=O)[C@H](N)c3ccc(O)cc3)[C@H]2SC1	ok
CHEMBL1646	INDOCYANINE GREEN	4	1959	Small molecule	0	1	0	0	0			0		CC1(C)C(/C=C/C=C/C=C/C=C2\N(CCCCS(=O)(=O)[O-])c3ccc4ccccc4c3C2(C)C)=[N+](CCCCS(=O)(=O)[O-])c2ccc3ccccc3c21.[Na+]			8.71	6	1	117.82	14			53	4	CC1(C)C(/C=C/C=C/C=C/C=C2\N(CCCCS(=O)(=O)[O-])c3ccc4ccccc4c3C2(C)C)=[N+](CCCCS(=O)(=O)[O-])c2ccc3ccccc3c21	ok
CHEMBL16476	PRONETALOL	4		Small molecule	0	0	0	1	0			0		CC(C)NCC(O)c1ccc2ccccc2c1			2.87	2	2	32.26	4			17	2	CC(C)NCC(O)c1ccc2ccccc2c1	ok
CHEMBL1648	ISRADIPINE	4	1990	Small molecule	1	0	0	1	0			0		COC(=O)C1=C(C)NC(C)=C(C(=O)OC(C)C)C1c1cccc2nonc12			2.58	8	1	103.55	4			27	2	COC(=O)C1=C(C)NC(C)=C(C(=O)OC(C)C)C1c1cccc2nonc12	ok
CHEMBL165	RESVERATROL	3		Small molecule	0	0	0	1	0			0		Oc1ccc(/C=C/c2cc(O)cc(O)c2)cc1			2.97	3	3	60.69	2			17	2	Oc1ccc(/C=C/c2cc(O)cc(O)c2)cc1	ok
CHEMBL1650	CORTISONE ACETATE	4	1950	Small molecule	1	1	0	1	0			0		CC(=O)OCC(=O)[C@@]1(O)CC[C@H]2[C@@H]3CCC4=CC(=O)CC[C@]4(C)[C@H]3C(=O)C[C@@]21C			2.56	6	1	97.74	3			29	0	CC(=O)OCC(=O)[C@@]1(O)CC[C@H]2[C@@H]3CCC4=CC(=O)CC[C@]4(C)[C@H]3C(=O)C[C@@]21C	ok
CHEMBL1650443	TRELAGLIPTIN	4		Small molecule	1	0	0	0	0			0		Cn1c(=O)cc(N2CCC[C@@H](N)C2)n(Cc2cc(F)ccc2C#N)c1=O			0.53	7	1	97.05	3			26	2	Cn1c(=O)cc(N2CCC[C@@H](N)C2)n(Cc2cc(F)ccc2C#N)c1=O	ok
CHEMBL1650559	PLAZOMICIN	4	2018	Small molecule	0	1	0	1	0			0		CN[C@@H]1[C@@H](O)[C@@H](O[C@@H]2[C@@H](O)[C@H](O[C@H]3OC(CNCCO)=CC[C@H]3N)[C@@H](N)C[C@H]2NC(=O)[C@@H](O)CCN)OC[C@]1(C)O			-5.36	15	11	269.29	13			41	0	CN[C@@H]1[C@@H](O)[C@@H](O[C@@H]2[C@@H](O)[C@H](O[C@H]3OC(CNCCO)=CC[C@H]3N)[C@@H](N)C[C@H]2NC(=O)[C@@H](O)CCN)OC[C@]1(C)O	ok
CHEMBL1650818	AMDINOCILLIN PIVOXIL	4	2024	Small molecule	1	0	0	1	1			0		CC(C)(C)C(=O)OCOC(=O)[C@@H]1N2C(=O)[C@@H](/N=C/N3CCCCCC3)[C@H]2SC1(C)C			2.41	7	0	88.51	5			30	0	CC(C)(C)C(=O)OCOC(=O)[C@@H]1N2C(=O)[C@@H](/N=C/N3CCCCCC3)[C@H]2SC1(C)C	ok
CHEMBL1651990	FENTICONAZOLE	4		Small molecule	0	0	0	0	0			0		Clc1ccc(C(Cn2ccnc2)OCc2ccc(Sc3ccccc3)cc2)c(Cl)c1			7.3	4	0	27.05	8			30	4	Clc1ccc(C(Cn2ccnc2)OCc2ccc(Sc3ccccc3)cc2)c(Cl)c1	ok
CHEMBL1652	AMBENONIUM	4	1956	Small molecule	1	0	0	1	0			0		CC[N+](CC)(CCNC(=O)C(=O)NCC[N+](CC)(CC)Cc1ccccc1Cl)Cc1ccccc1Cl			4.64	2	2	58.2	14			36	2	CC[N+](CC)(CCNC(=O)C(=O)NCC[N+](CC)(CC)Cc1ccccc1Cl)Cc1ccccc1Cl	ok
CHEMBL1652606	CEFTOBIPROLE MEDOCARIL FREE ACID	4	2024	Small molecule	0	1	0	1	1			0		Cc1oc(=O)oc1COC(=O)N1CC[C@@H](N2CC/C(=C\C3=C(C(=O)O)N4C(=O)[C@@H](NC(=O)/C(=N/O)c5nsc(N)n5)[C@H]4SC3)C2=O)C1			-0.54	16	4	264.3	8			47	2	Cc1oc(=O)oc1COC(=O)N1CC[C@@H](N2CC/C(=C\C3=C(C(=O)O)N4C(=O)[C@@H](NC(=O)/C(=N/O)c5nsc(N)n5)[C@H]4SC3)C2=O)C1	ok
CHEMBL1654	RISEDRONATE SODIUM	4	1998	Small molecule	1	0	0	0	0			0		O=P([O-])(O)C(O)(Cc1cccnc1)P(=O)(O)O.[Na+]			-0.37	4	5	148.18	4			17	1	O=P([O-])(O)C(O)(Cc1cccnc1)P(=O)(O)O	ok
CHEMBL1655	TOREMIFENE	4	1996	Small molecule	1	0	0	1	0			0		CN(C)CCOc1ccc(/C(=C(/CCCl)c2ccccc2)c2ccccc2)cc1			6.22	2	0	12.47	9			29	3	CN(C)CCOc1ccc(/C(=C(/CCCl)c2ccccc2)c2ccccc2)cc1	ok
CHEMBL1657	TAZAROTENE	4	1997	Small molecule	0	0	1	1	1			0		CCOC(=O)c1ccc(C#Cc2ccc3c(c2)C(C)(C)CCS3)nc1			4.43	4	0	39.19	2			25	2	CCOC(=O)c1ccc(C#Cc2ccc3c(c2)C(C)(C)CCS3)nc1	ok
CHEMBL1658	RETAPAMULIN	4	2007	Small molecule	0	0	1	1	0			0		C=C[C@]1(C)C[C@@H](OC(=O)CS[C@@H]2C[C@H]3CC[C@@H](C2)N3C)[C@]2(C)[C@H](C)CC[C@]3(CCC(=O)[C@H]32)[C@@H](C)[C@@H]1O			5.25	6	1	66.84	5			36	0	C=C[C@]1(C)C[C@@H](OC(=O)CS[C@@H]2C[C@H]3CC[C@@H](C2)N3C)[C@]2(C)[C@H](C)CC[C@]3(CCC(=O)[C@H]32)[C@@H](C)[C@@H]1O	ok
CHEMBL166	MELARSOPROL	3		Small molecule	0	0	0	1	1			0		Nc1nc(N)nc(Nc2ccc([As]3SCC(CO)S3)cc2)n1												Nc1nc(N)nc(Nc2ccc([As]3SCC(CO)S3)cc2)n1	ok
CHEMBL1660	RIFAPENTINE	4	1998	Small molecule	1	0	0	1	0			0		CO[C@H]1/C=C/O[C@@]2(C)Oc3c(C)c(O)c4c(O)c(c(/C=N/N5CCN(C6CCCC6)CC5)c(O)c4c3C2=O)NC(=O)/C(C)=C\C=C\[C@H](C)[C@H](O)[C@@H](C)[C@@H](O)[C@@H](C)[C@H](OC(C)=O)[C@@H]1C			5.65	15	6	220.15	5			63	2	CO[C@H]1/C=C/O[C@@]2(C)Oc3c(C)c(O)c4c(O)c(c(/C=N/N5CCN(C6CCCC6)CC5)c(O)c4c3C2=O)NC(=O)/C(C)=C\C=C\[C@H](C)[C@H](O)[C@@H](C)[C@@H](O)[C@@H](C)[C@H](OC(C)=O)[C@@H]1C	ok
CHEMBL1661	LACTITOL	4	2020	Small molecule	1	0	0	1	0			0		OC[C@@H](O)[C@@H](O[C@@H]1O[C@H](CO)[C@H](O)[C@H](O)[C@H]1O)[C@H](O)[C@@H](O)CO			-5.76	11	9	200.53	8			23	0	OC[C@@H](O)[C@@H](O[C@@H]1O[C@H](CO)[C@H](O)[C@H](O)[C@H]1O)[C@H](O)[C@@H](O)CO	ok
CHEMBL1663	PERFLUTREN	4	1998	Small molecule	0	1	0	0	0			0		FC(F)(F)C(F)(F)C(F)(F)F			2.75	0	0	0	0			11	0	FC(F)(F)C(F)(F)C(F)(F)F	ok
CHEMBL1664	FOSAMPRENAVIR	4	2003	Small molecule	1	0	0	1	1			0		CC(C)CN(C[C@@H](OP(=O)(O)O)[C@H](Cc1ccccc1)NC(=O)O[C@H]1CCOC1)S(=O)(=O)c1ccc(N)cc1			2.52	8	4	177.72	13			39	2	CC(C)CN(C[C@@H](OP(=O)(O)O)[C@H](Cc1ccccc1)NC(=O)O[C@H]1CCOC1)S(=O)(=O)c1ccc(N)cc1	ok
CHEMBL1668	RESCINNAMINE	4	1956	Small molecule	1	0	0	1	0			0		COC(=O)[C@H]1[C@H]2C[C@@H]3c4[nH]c5cc(OC)ccc5c4CCN3C[C@H]2C[C@@H](OC(=O)/C=C/c2cc(OC)c(OC)c(OC)c2)[C@@H]1OC			4.57	10	1	117.78	9			46	3	COC(=O)[C@H]1[C@H]2C[C@@H]3c4[nH]c5cc(OC)ccc5c4CCN3C[C@H]2C[C@@H](OC(=O)/C=C/c2cc(OC)c(OC)c(OC)c2)[C@@H]1OC	ok
CHEMBL166863	POLMACOXIB	3		Small molecule	0	0	0	0	0			0		CC1(C)OC(c2ccc(S(N)(=O)=O)cc2)=C(c2cccc(F)c2)C1=O			2.72	4	1	86.46	3			25	2	CC1(C)OC(c2ccc(S(N)(=O)=O)cc2)=C(c2cccc(F)c2)C1=O	ok
CHEMBL1670	MITOTANE	4	1970	Small molecule	1	0	0	1	0			0		Clc1ccc(C(c2ccccc2Cl)C(Cl)Cl)cc1			5.93	0	0	0	3			18	2	Clc1ccc(C(c2ccccc2Cl)C(Cl)Cl)cc1	ok
CHEMBL1672	CEFPODOXIME	4		Small molecule	0	0	0	1	0			0		COCC1=C(C(=O)O)N2C(=O)[C@@H](NC(=O)/C(=N\OC)c3csc(N)n3)[C@H]2SC1			-0.54	10	3	156.44	7			28	1	COCC1=C(C(=O)O)N2C(=O)[C@@H](NC(=O)/C(=N\OC)c3csc(N)n3)[C@H]2SC1	ok
CHEMBL1672054	CASOPITANT	3		Small molecule	0	0	0	0	0			0		CC(=O)N1CCN([C@H]2CCN(C(=O)N(C)[C@H](C)c3cc(C(F)(F)F)cc(C(F)(F)F)c3)[C@@H](c3ccc(F)cc3C)C2)CC1			6.65	3	0	47.1	4			43	2	CC(=O)N1CCN([C@H]2CCN(C(=O)N(C)[C@H](C)c3cc(C(F)(F)F)cc(C(F)(F)F)c3)[C@@H](c3ccc(F)cc3C)C2)CC1	ok
CHEMBL1672973	ENCALERET	3		Small molecule	0	0	0	0	0			0		Cc1cc(-c2ccccc2[C@@H](C)OC[C@H](O)CNC(C)(C)Cc2ccc(Cl)c(F)c2)ccc1C(=O)O			6.2	4	3	78.79	11			36	3	Cc1cc(-c2ccccc2[C@@H](C)OC[C@H](O)CNC(C)(C)Cc2ccc(Cl)c(F)c2)ccc1C(=O)O	ok
CHEMBL1675	VITAMIN A PALMITATE	4	1982	Small molecule	1	1	0	1	0			0		CCCCCCCCCCCCCCCC(=O)OC/C=C(C)/C=C/C=C(C)/C=C/C1=C(C)CCCC1(C)C			11.54	2	0	26.3	20			38	0	CCCCCCCCCCCCCCCC(=O)OC/C=C(C)/C=C/C=C(C)/C=C/C1=C(C)CCCC1(C)C	ok
CHEMBL1676	FLUTICASONE FUROATE	4	2007	Small molecule	0	0	1	0	0			0		C[C@@H]1C[C@H]2[C@@H]3C[C@H](F)C4=CC(=O)C=C[C@]4(C)[C@@]3(F)[C@@H](O)C[C@]2(C)[C@@]1(OC(=O)c1ccco1)C(=O)SCF			4.93	7	1	93.81	4			37	1	C[C@@H]1C[C@H]2[C@@H]3C[C@H](F)C4=CC(=O)C=C[C@]4(C)[C@@]3(F)[C@@H](O)C[C@]2(C)[C@@]1(OC(=O)c1ccco1)C(=O)SCF	ok
CHEMBL167691	LAROMUSTINE	3		Small molecule	0	0	0	1	1			0		CNC(=O)N(N(CCCl)S(C)(=O)=O)S(C)(=O)=O			-1	5	1	103.86	5			17	0	CNC(=O)N(N(CCCl)S(C)(=O)=O)S(C)(=O)=O	ok
CHEMBL167731	PIXANTRONE	4	2012	Small molecule	0	0	0	1	0			0		NCCNc1ccc(NCCN)c2c1C(=O)c1ccncc1C2=O			0.6	7	4	123.13	6			24	2	NCCNc1ccc(NCCN)c2c1C(=O)c1ccncc1C2=O	ok
CHEMBL1679	LEUCOVORIN	4	1952	Small molecule	1	1	0	1	0			0		Nc1nc(=O)c2c([nH]1)NCC(CNc1ccc(C(=O)N[C@@H](CCC(=O)O)C(=O)O)cc1)N2C=O			-0.73	9	7	219.84	10			34	2	Nc1nc(=O)c2c([nH]1)NCC(CNc1ccc(C(=O)N[C@@H](CCC(=O)O)C(=O)O)cc1)N2C=O	ok
CHEMBL1681	IODOHIPPURATE	4	1982	Small molecule	0	1	0	1	0			0		O=C(O)CNC(=O)c1ccccc1I			1.11	2	2	66.4	3			14	1	O=C(O)CNC(=O)c1ccccc1I	ok
CHEMBL1682	SORBITOL	4	1982	Small molecule	0	0	0	1	0			0		OC[C@@H](O)[C@@H](O)[C@H](O)[C@@H](O)CO			-3.59	6	6	121.38	5			12	0	OC[C@@H](O)[C@@H](O)[C@H](O)[C@@H](O)CO	ok
CHEMBL1683	HYDROCORTISONE BUTYRATE	4	1982	Small molecule	0	0	1	1	0			0		CCCC(=O)O[C@]1(C(=O)CO)CC[C@H]2[C@@H]3CCC4=CC(=O)CC[C@]4(C)[C@H]3[C@@H](O)C[C@@]21C			3.13	6	2	100.9	5			31	0	CCCC(=O)O[C@]1(C(=O)CO)CC[C@H]2[C@@H]3CCC4=CC(=O)CC[C@]4(C)[C@H]3[C@@H](O)C[C@@]21C	ok
CHEMBL1683590	ERIBULIN	4	2010	Small molecule	0	1	0	1	0			0		C=C1C[C@@H]2CC[C@@]34C[C@H]5O[C@H]6[C@@H](O3)[C@H]3O[C@H](CC[C@@H]3O[C@H]6[C@H]5O4)CC(=O)C[C@@H]3[C@@H](OC)[C@@H](C[C@H](O)CN)O[C@H]3C[C@H]3O[C@@H](CC[C@@H]1O2)C[C@@H](C)C3=C			3.44	12	2	146.39	4			52	0	C=C1C[C@@H]2CC[C@@]34C[C@H]5O[C@H]6[C@@H](O3)[C@H]3O[C@H](CC[C@@H]3O[C@H]6[C@H]5O4)CC(=O)C[C@@H]3[C@@H](OC)[C@@H](C[C@H](O)CN)O[C@H]3C[C@H]3O[C@@H](CC[C@@H]1O2)C[C@@H](C)C3=C	ok
CHEMBL1684	BENDROFLUMETHIAZIDE	4	1959	Small molecule	1	0	0	0	0			0		NS(=O)(=O)c1cc2c(cc1C(F)(F)F)NC(Cc1ccccc1)NS2(=O)=O			1.63	5	3	118.36	3			27	2	NS(=O)(=O)c1cc2c(cc1C(F)(F)F)NC(Cc1ccccc1)NS2(=O)=O	ok
CHEMBL1685	DEZOCINE	4	1989	Small molecule	0	1	0	1	0			0		C[C@@]12CCCCC[C@@H](Cc3ccc(O)cc31)[C@@H]2N			3.11	2	2	46.25	0			18	1	C[C@@]12CCCCC[C@@H](Cc3ccc(O)cc31)[C@@H]2N	ok
CHEMBL168815	CEVIMELINE	4	2000	Small molecule	1	0	0	1	0			0		CC1OC2(CS1)CN1CCC2CC1			1.56	3	0	12.47	0			13	0	CC1OC2(CS1)CN1CCC2CC1	ok
CHEMBL1688530	ORITAVANCIN	4	2014	Small molecule	0	1	0	1	0			0		CN[C@H](CC(C)C)C(=O)N[C@H]1C(=O)N[C@@H](CC(N)=O)C(=O)N[C@H]2C(=O)N[C@H]3C(=O)N[C@H](C(=O)N[C@H](C(=O)O)c4cc(O)cc(O)c4-c4cc3ccc4O)[C@H](O[C@H]3C[C@](C)(N)[C@@H](O)[C@H](C)O3)c3ccc(c(Cl)c3)Oc3cc2cc(c3O[C@@H]2O[C@H](CO)[C@@H](O)[C@H](O)[C@H]2O[C@H]2C[C@](C)(NCc3ccc(-c4ccc(Cl)cc4)cc3)[C@@H](O)[C@H](C)O2)Oc2ccc(cc2Cl)[C@H]1O												CN[C@H](CC(C)C)C(=O)N[C@H]1C(=O)N[C@@H](CC(N)=O)C(=O)N[C@H]2C(=O)N[C@H]3C(=O)N[C@H](C(=O)N[C@H](C(=O)O)c4cc(O)cc(O)c4-c4cc3ccc4O)[C@H](O[C@H]3C[C@](C)(N)[C@@H](O)[C@H](C)O3)c3ccc(c(Cl)c3)Oc3cc2cc(c3O[C@@H]2O[C@H](CO)[C@@H](O)[C@H](O)[C@H]2O[C@H]2C[C@](C)(NCc3ccc(-c4ccc(Cl)cc4)cc3)[C@@H](O)[C@H](C)O2)Oc2ccc(cc2Cl)[C@H]1O	ok
CHEMBL1689063	AVIBACTAM	4	2015	Small molecule	0	1	0	1	0			0		NC(=O)[C@@H]1CC[C@@H]2CN1C(=O)N2OS(=O)(=O)O			-1.53	5	2	130.24	3			17	0	NC(=O)[C@@H]1CC[C@@H]2CN1C(=O)N2OS(=O)(=O)O	ok
CHEMBL1689772	OMADACYCLINE	4	2018	Small molecule	1	1	0	1	0			0		CN(C)c1cc(CNCC(C)(C)C)c(O)c2c1C[C@H]1C[C@H]3[C@H](N(C)C)C(O)=C(C(N)=O)C(=O)[C@@]3(O)C(O)=C1C2=O			1.32	10	6	176.66	6			40	1	CN(C)c1cc(CNCC(C)(C)C)c(O)c2c1C[C@H]1C[C@H]3[C@H](N(C)C)C(O)=C(C(N)=O)C(=O)[C@@]3(O)C(O)=C1C2=O	ok
CHEMBL1697686	CLOFOREX	4		Small molecule	0	0	0	0	0			0		CCOC(=O)NC(C)(C)Cc1ccc(Cl)cc1			3.41	2	1	38.33	4			17	1	CCOC(=O)NC(C)(C)Cc1ccc(Cl)cc1	ok
CHEMBL1697708	MEZLOCILLIN SODIUM	4	1981	Small molecule	0	1	0	1	0			0		CC1(C)S[C@@H]2[C@H](NC(=O)[C@H](NC(=O)N3CCN(S(C)(=O)=O)C3=O)c3ccccc3)C(=O)N2[C@H]1C(=O)[O-].[Na+]			-0.23	8	3	173.5	6			36	1	CC1(C)S[C@@H]2[C@H](NC(=O)[C@H](NC(=O)N3CCN(S(C)(=O)=O)C3=O)c3ccccc3)C(=O)N2[C@H]1C(=O)[O-]	ok
CHEMBL1697717	CARBENOXOLONE SODIUM	4		Small molecule	0	0	0	1	0			0		CC1(C)[C@@H](OC(=O)CCC(=O)[O-])CC[C@]2(C)[C@H]3C(=O)C=C4[C@@H]5C[C@@](C)(C(=O)[O-])CC[C@]5(C)CC[C@@]4(C)[C@]3(C)CC[C@@H]12.[Na+].[Na+]			6.83	5	2	117.97	5			41	0	CC1(C)[C@@H](OC(=O)CCC(=O)[O-])CC[C@]2(C)[C@H]3C(=O)C=C4[C@@H]5C[C@@](C)(C(=O)[O-])CC[C@]5(C)CC[C@@]4(C)[C@]3(C)CC[C@@H]12	ok
CHEMBL1697733	ACETYLCARNITINE	3		Small molecule	0	0	0	1	0			0		CC(=O)O[C@H](CC(=O)[O-])C[N+](C)(C)C			-1.24	4	0	66.43	5			14	0	CC(=O)O[C@H](CC(=O)[O-])C[N+](C)(C)C	ok
CHEMBL1697737	CLOTIAZEPAM	4		Small molecule	0	0	0	1	0			0		CCc1cc2c(s1)N(C)C(=O)CN=C2c1ccccc1Cl			3.78	3	0	32.67	2			21	2	CCc1cc2c(s1)N(C)C(=O)CN=C2c1ccccc1Cl	ok
CHEMBL1697744	ERDOSTEINE	4		Small molecule	0	0	0	1	0			0		O=C(O)CSCC(=O)NC1CCSC1=O			-0.05	5	2	83.47	5			15	0	O=C(O)CSCC(=O)NC1CCSC1=O	ok
CHEMBL1697760	MUZOLIMINE	4		Small molecule	0	0	0	0	0			0		CC(c1ccc(Cl)c(Cl)c1)N1N=C(N)CC1=O			2.56	3	1	58.69	2			17	1	CC(c1ccc(Cl)c(Cl)c1)N1N=C(N)CC1=O	ok
CHEMBL1697766	PERAZINE	3		Small molecule	0	0	0	1	0			0		CN1CCN(CCCN2c3ccccc3Sc3ccccc32)CC1			3.93	4	0	9.72	4			24	2	CN1CCN(CCCN2c3ccccc3Sc3ccccc32)CC1	ok
CHEMBL1697768	SODIUM PICOSULFATE	4	2012	Small molecule	1	0	0	0	1			0		O=S(=O)([O-])Oc1ccc(C(c2ccc(OS(=O)(=O)[O-])cc2)c2ccccn2)cc1.[Na+].[Na+]			2.63	7	2	140.09	7			29	3	O=S(=O)([O-])Oc1ccc(C(c2ccc(OS(=O)(=O)[O-])cc2)c2ccccn2)cc1	ok
CHEMBL1697771	REBAMIPIDE	3		Small molecule	0	0	0	1	0			0		O=C(NC(Cc1cc(=O)[nH]c2ccccc12)C(=O)O)c1ccc(Cl)cc1			2.61	3	3	99.26	5			26	3	O=C(NC(Cc1cc(=O)[nH]c2ccccc12)C(=O)O)c1ccc(Cl)cc1	ok
CHEMBL1697841	ISOMETHEPTENE	4		Small molecule	0	0	0	1	0			0		CNC(C)CCC=C(C)C			2.34	1	1	12.03	4			10	0	CNC(C)CCC=C(C)C	ok
CHEMBL1697845	NORETHANDROLONE	3		Small molecule	0	0	0	1	0			0		CC[C@]1(O)CC[C@H]2[C@@H]3CCC4=CC(=O)CC[C@@H]4[C@H]3CC[C@@]21C			4.27	2	1	37.3	1			22	0	CC[C@]1(O)CC[C@H]2[C@@H]3CCC4=CC(=O)CC[C@@H]4[C@H]3CC[C@@]21C	ok
CHEMBL1697856	BUCETIN	4		Small molecule	0	0	0	1	0			0		CCOc1ccc(NC(=O)CC(C)O)cc1			1.79	3	2	58.56	5			16	1	CCOc1ccc(NC(=O)CC(C)O)cc1	ok
CHEMBL169901	DEBRISOQUIN	4		Small molecule	0	0	0	1	0			0		N=C(N)N1CCc2ccccc2C1			0.94	1	2	53.11	0			13	1	N=C(N)N1CCc2ccccc2C1	ok
CHEMBL17	DICHLORPHENAMIDE	4	1958	Small molecule	1	0	0	1	0			0		NS(=O)(=O)c1cc(Cl)c(Cl)c(S(N)(=O)=O)c1			0.29	4	2	120.32	2			16	1	NS(=O)(=O)c1cc(Cl)c(Cl)c(S(N)(=O)=O)c1	ok
CHEMBL170	QUININE	4	2005	Small molecule	1	0	0	1	0			0		C=C[C@H]1CN2CC[C@H]1C[C@H]2[C@H](O)c1ccnc2ccc(OC)cc12			3.17	4	1	45.59	4			24	2	C=C[C@H]1CN2CC[C@H]1C[C@H]2[C@H](O)c1ccnc2ccc(OC)cc12	ok
CHEMBL170988	PHENFORMIN	4		Small molecule	0	0	0	1	0			0		N=C(N)NC(=N)NCCc1ccccc1			0.24	2	5	97.78	3			15	1	N=C(N)NC(=N)NCCc1ccccc1	ok
CHEMBL1714574	TERCONAZOLE	4	1987	Small molecule	0	0	1	1	0			0		CC(C)N1CCN(c2ccc(OCC3COC(Cn4cncn4)(c4ccc(Cl)cc4Cl)O3)cc2)CC1			4.46	8	0	64.88	8			36	3	CC(C)N1CCN(c2ccc(OCC3COC(Cn4cncn4)(c4ccc(Cl)cc4Cl)O3)cc2)CC1	ok
CHEMBL17157	TERFENADINE	4	1985	Small molecule	0	0	0	1	1			0		CC(C)(C)c1ccc(C(O)CCCN2CCC(C(O)(c3ccccc3)c3ccccc3)CC2)cc1			6.45	3	2	43.7	8			35	3	CC(C)(C)c1ccc(C(O)CCCN2CCC(C(O)(c3ccccc3)c3ccccc3)CC2)cc1	RISK
CHEMBL171679	ASPARTAME	3		Small molecule	0	0	0	1	0			0		COC(=O)[C@H](Cc1ccccc1)NC(=O)[C@@H](N)CC(=O)O			-0.31	5	3	118.72	7			21	1	COC(=O)[C@H](Cc1ccccc1)NC(=O)[C@@H](N)CC(=O)O	ok
CHEMBL1721515	TETRAXETAN	3		Small molecule	0	0	0	1	0			0		O=C(O)CN1CCN(CC(=O)O)CCN(CC(=O)O)CCN(CC(=O)O)CC1			-2.45	8	4	162.16	8			28	0	O=C(O)CN1CCN(CC(=O)O)CCN(CC(=O)O)CCN(CC(=O)O)CC1	ok
CHEMBL1723241	SULFACETAMIDE SODIUM	4	1961	Small molecule	0	0	1	0	0			0		CC(=O)[N-]S(=O)(=O)c1ccc(N)cc1.O.[Na+]			0.09	4	2	89.26	2			14	1	CC(=O)[N-]S(=O)(=O)c1ccc(N)cc1	ok
CHEMBL1725	IOPROMIDE	4	1995	Small molecule	0	1	0	1	0			0		COCC(=O)Nc1c(I)c(C(=O)NCC(O)CO)c(I)c(C(=O)N(C)CC(O)CO)c1I			-0.41	8	6	168.66	11			32	1	COCC(=O)Nc1c(I)c(C(=O)NCC(O)CO)c(I)c(C(=O)N(C)CC(O)CO)c1I	ok
CHEMBL172513	CARNITINE	3		Small molecule	0	0	0	1	0			0		C[N+](C)(C)CC(O)CC(=O)[O-]			-1.81	3	1	60.36	4			11	0	C[N+](C)(C)CC(O)CC(=O)[O-]	ok
CHEMBL1726	NISOLDIPINE	4	1995	Small molecule	1	0	0	1	0			0		COC(=O)C1=C(C)NC(C)=C(C(=O)OCC(C)C)C1c1ccccc1[N+](=O)[O-]			3.2	7	1	107.77	6			28	1	COC(=O)C1=C(C)NC(C)=C(C(=O)OCC(C)C)C1c1ccccc1[N+](=O)[O-]	ok
CHEMBL1727	CEPHALEXIN ANHYDROUS	4	1971	Small molecule	1	0	0	1	0			0		CC1=C(C(=O)O)N2C(=O)[C@@H](NC(=O)[C@H](N)c3ccccc3)[C@H]2SC1			0.44	5	3	112.73	4			24	1	CC1=C(C(=O)O)N2C(=O)[C@@H](NC(=O)[C@H](N)c3ccccc3)[C@H]2SC1	ok
CHEMBL1729	CISAPRIDE	4	1993	Small molecule	1	0	0	0	0			0		COc1cc(N)c(Cl)cc1C(=O)NC1CCN(CCCOc2ccc(F)cc2)CC1OC			3.36	6	2	86.05	9			32	2	COc1cc(N)c(Cl)cc1C(=O)NC1CCN(CCCOc2ccc(F)cc2)CC1OC	RISK
CHEMBL1730	CEFOTAXIME	4	1981	Small molecule	0	1	0	1	0			0		CO/N=C(\C(=O)N[C@@H]1C(=O)N2C(C(=O)O)=C(COC(C)=O)CS[C@H]12)c1csc(N)n1			-0.62	11	3	173.51	7			30	1	CO/N=C(\C(=O)N[C@@H]1C(=O)N2C(C(=O)O)=C(COC(C)=O)CS[C@H]12)c1csc(N)n1	ok
CHEMBL1730601	GIMERACIL	3		Small molecule	0	0	0	1	0			0		Oc1cc(O)c(Cl)cn1			1.15	3	2	53.35	0			9	1	Oc1cc(O)c(Cl)cn1	ok
CHEMBL1731	MEZLOCILLIN	4	1981	Small molecule	0	1	0	1	0			0		CC1(C)S[C@@H]2[C@H](NC(=O)[C@H](NC(=O)N3CCN(S(C)(=O)=O)C3=O)c3ccccc3)C(=O)N2[C@H]1C(=O)O			-0.23	8	3	173.5	6			36	1	CC1(C)S[C@@H]2[C@H](NC(=O)[C@H](NC(=O)N3CCN(S(C)(=O)=O)C3=O)c3ccccc3)C(=O)N2[C@H]1C(=O)O	ok
CHEMBL1732	DIHYDROERGOTAMINE	4	1946	Small molecule	0	1	1	1	0			0		CN1C[C@H](C(=O)N[C@]2(C)O[C@@]3(O)[C@@H]4CCCN4C(=O)[C@H](Cc4ccccc4)N3C2=O)C[C@@H]2c3cccc4[nH]cc(c34)C[C@H]21			2.08	6	3	118.21	4			43	3	CN1C[C@H](C(=O)N[C@]2(C)O[C@@]3(O)[C@@H]4CCCN4C(=O)[C@H](Cc4ccccc4)N3C2=O)C[C@@H]2c3cccc4[nH]cc(c34)C[C@H]21	ok
CHEMBL1734	SOLIFENACIN	4	2004	Small molecule	1	0	0	1	0			0		O=C(O[C@H]1CN2CCC1CC2)N1CCc2ccccc2[C@@H]1c1ccccc1			3.86	3	0	32.78	2			27	2	O=C(O[C@H]1CN2CCC1CC2)N1CCc2ccccc2[C@@H]1c1ccccc1	RISK
CHEMBL1736	METRIZOIC ACID	4	1982	Small molecule	0	1	0	0	0			0		CC(=O)Nc1c(I)c(C(=O)O)c(I)c(N(C)C(C)=O)c1I			3.14	3	2	86.71	3			21	1	CC(=O)Nc1c(I)c(C(=O)O)c(I)c(N(C)C(C)=O)c1I	ok
CHEMBL1738	DEXRAZOXANE	4	1995	Small molecule	0	1	0	1	0			0		C[C@@H](CN1CC(=O)NC(=O)C1)N1CC(=O)NC(=O)C1			-2.71	6	2	98.82	3			19	0	C[C@@H](CN1CC(=O)NC(=O)C1)N1CC(=O)NC(=O)C1	ok
CHEMBL1738699	N6022	3		Small molecule	0	0	0	1	0			0		Cc1cc(C(N)=O)ccc1-n1c(CCC(=O)O)ccc1-c1ccc(-n2ccnc2)cc1			3.75	5	2	103.14	7			31	4	Cc1cc(C(N)=O)ccc1-n1c(CCC(=O)O)ccc1-c1ccc(-n2ccnc2)cc1	ok
CHEMBL1738797	ALECTINIB	4	2015	Small molecule	1	0	0	1	0			0		CCc1cc2c(cc1N1CCC(N3CCOCC3)CC1)C(C)(C)c1[nH]c3cc(C#N)ccc3c1C2=O			4.77	5	1	72.36	3			36	3	CCc1cc2c(cc1N1CCC(N3CCOCC3)CC1)C(C)(C)c1[nH]c3cc(C#N)ccc3c1C2=O	ok
CHEMBL1738889	ENOBOSARM	3		Small molecule	0	0	0	0	0			0		C[C@](O)(COc1ccc(C#N)cc1)C(=O)Nc1ccc(C#N)c(C(F)(F)F)c1			3.22	5	2	106.14	5			28	2	C[C@](O)(COc1ccc(C#N)cc1)C(=O)Nc1ccc(C#N)c(C(F)(F)F)c1	ok
CHEMBL1738990	LEVOPROPOXYPHENE	4	1962	Small molecule	1	0	0	1	0			0		CCC(=O)O[C@@](Cc1ccccc1)(c1ccccc1)[C@@H](C)CN(C)C			4.28	3	0	29.54	8			25	2	CCC(=O)O[C@@](Cc1ccccc1)(c1ccccc1)[C@@H](C)CN(C)C	RISK
CHEMBL173929	LUTEIN	3		Small molecule	0	0	0	1	0			0		CC1=C[C@H](O)CC(C)(C)[C@H]1/C=C/C(C)=C/C=C/C(C)=C/C=C/C=C(C)/C=C/C=C(C)/C=C/C1=C(C)C[C@@H](O)CC1(C)C			10.4	2	2	40.46	10			42	0	CC1=C[C@H](O)CC(C)(C)[C@H]1/C=C/C(C)=C/C=C/C(C)=C/C=C/C=C(C)/C=C/C=C(C)/C=C/C1=C(C)C[C@@H](O)CC1(C)C	ok
CHEMBL174	AMPICILLIN	4	1965	Small molecule	1	1	0	1	0			0		CC1(C)S[C@@H]2[C@H](NC(=O)[C@H](N)c3ccccc3)C(=O)N2[C@H]1C(=O)O			0.32	5	3	112.73	4			24	1	CC1(C)S[C@@H]2[C@H](NC(=O)[C@H](N)c3ccccc3)C(=O)N2[C@H]1C(=O)O	ok
CHEMBL1740071	ENISAMIUM	3		Small molecule	0	0	0	0	0			0		C[n+]1ccc(C(=O)NCc2ccccc2)cc1			1.44	1	1	32.98	3			17	2	C[n+]1ccc(C(=O)NCc2ccccc2)cc1	ok
CHEMBL1740513	ISAXONINE	4		Small molecule	0	0	0	1	0			0		CC(C)Nc1ncccn1			1.3	3	1	37.81	2			10	1	CC(C)Nc1ncccn1	ok
CHEMBL1741	CLARITHROMYCIN	4	1991	Small molecule	1	0	0	1	0			0		CC[C@H]1OC(=O)[C@H](C)[C@@H](O[C@H]2C[C@@](C)(OC)[C@@H](O)[C@H](C)O2)[C@H](C)[C@@H](O[C@@H]2O[C@H](C)C[C@H](N(C)C)[C@H]2O)[C@](C)(OC)C[C@@H](C)C(=O)[C@H](C)[C@@H](O)[C@]1(C)O			2.44	14	4	182.91	8			52	0	CC[C@H]1OC(=O)[C@H](C)[C@@H](O[C@H]2C[C@@](C)(OC)[C@@H](O)[C@H](C)O2)[C@H](C)[C@@H](O[C@@H]2O[C@H](C)C[C@H](N(C)C)[C@H]2O)[C@](C)(OC)C[C@@H](C)C(=O)[C@H](C)[C@@H](O)[C@]1(C)O	ok
CHEMBL1741134	PICOSULFURIC ACID	4	2012	Small molecule	1	0	0	1	1			0		O=S(=O)(O)Oc1ccc(C(c2ccc(OS(=O)(=O)O)cc2)c2ccccn2)cc1			2.63	7	2	140.09	7			29	3	O=S(=O)(O)Oc1ccc(C(c2ccc(OS(=O)(=O)O)cc2)c2ccccn2)cc1	ok
CHEMBL1742408	OSEMOZOTAN	3		Small molecule	0	0	0	0	0			0		c1ccc2c(c1)OC[C@H](CNCCCOc1ccc3c(c1)OCO3)O2			2.61	6	1	58.18	7			25	2	c1ccc2c(c1)OC[C@H](CNCCCOc1ccc3c(c1)OCO3)O2	ok
CHEMBL1742423	BILASTINE	4		Small molecule	0	0	0	1	0			0		CCOCCn1c(C2CCN(CCc3ccc(C(C)(C)C(=O)O)cc3)CC2)nc2ccccc21			4.86	5	1	67.59	10			34	3	CCOCCn1c(C2CCN(CCc3ccc(C(C)(C)C(=O)O)cc3)CC2)nc2ccccc21	ok
CHEMBL1742461	LAFUTIDINE	3		Small molecule	0	0	0	1	0			0		O=C(C[S+]([O-])Cc1ccco1)NC/C=C\COc1cc(CN2CCCCC2)ccn1			2.66	6	1	90.66	11			30	2	O=C(C[S+]([O-])Cc1ccco1)NC/C=C\COc1cc(CN2CCCCC2)ccn1	ok
CHEMBL1742466	LANDIOLOL	4	2024	Small molecule	0	1	0	1	0			0		CC1(C)OC[C@@H](COC(=O)CCc2ccc(OC[C@@H](O)CNCCNC(=O)N3CCOCC3)cc2)O1			0.69	9	3	127.82	13			36	1	CC1(C)OC[C@@H](COC(=O)CCc2ccc(OC[C@@H](O)CNCCNC(=O)N3CCOCC3)cc2)O1	ok
CHEMBL1742471	EBROTIDINE	4		Small molecule	0	0	0	0	0			0		NC(N)=Nc1nc(CSCCN/C=N/S(=O)(=O)c2ccc(Br)cc2)cs1			2.05	6	3	135.82	9			26	2	NC(N)=Nc1nc(CSCCN/C=N/S(=O)(=O)c2ccc(Br)cc2)cs1	ok
CHEMBL1743260	KARENITECIN	3		Small molecule	0	0	0	0	0			0		CC[C@@]1(O)C(=O)OCc2c1cc1n(c2=O)Cc2cc3c(CC[Si](C)(C)C)cccc3nc2-1												CC[C@@]1(O)C(=O)OCc2c1cc1n(c2=O)Cc2cc3c(CC[Si](C)(C)C)cccc3nc2-1	ok
CHEMBL1744447	ROSUVASTATIN CALCIUM	4	2003	Small molecule	1	0	0	0	0			0		CC(C)c1nc(N(C)S(C)(=O)=O)nc(-c2ccc(F)cc2)c1/C=C/[C@@H](O)C[C@@H](O)CC(=O)[O-].CC(C)c1nc(N(C)S(C)(=O)=O)nc(-c2ccc(F)cc2)c1/C=C/[C@@H](O)C[C@@H](O)CC(=O)[O-].[Ca+2]			2.4	7	3	140.92	10			33	2	CC(C)c1nc(N(C)S(C)(=O)=O)nc(-c2ccc(F)cc2)c1/C=C/[C@@H](O)C[C@@H](O)CC(=O)[O-]	ok
CHEMBL1746	SODIUM PHENYLBUTYRATE	4	1996	Small molecule	1	0	0	0	1			0		O=C([O-])CCCc1ccccc1.[Na+]			2.09	1	1	37.3	4			12	1	O=C([O-])CCCc1ccccc1	ok
CHEMBL1747	TOBRAMYCIN	4	1975	Small molecule	0	1	1	1	0			0		NC[C@H]1O[C@H](O[C@H]2[C@H](O)[C@@H](O[C@H]3O[C@H](CO)[C@@H](O)[C@H](N)[C@H]3O)[C@H](N)C[C@@H]2N)[C@H](N)C[C@@H]1O			-6.3	14	10	268.17	6			32	0	NC[C@H]1O[C@H](O[C@H]2[C@H](O)[C@@H](O[C@H]3O[C@H](CO)[C@@H](O)[C@H](N)[C@H]3O)[C@H](N)C[C@@H]2N)[C@H](N)C[C@@H]1O	ok
CHEMBL1749	EDETATE DISODIUM ANHYDROUS	4	1982	Small molecule	0	1	0	1	0			0		O=C([O-])CN(CCN(CC(=O)[O-])CC(=O)O)CC(=O)O.[Na+].[Na+]												O=C([O-])CN(CCN(CC(=O)[O-])CC(=O)O)CC(=O)O	ok
CHEMBL175	DEXIBUPROFEN	4	1994	Small molecule	1	0	0	1	0			0		CC(C)Cc1ccc([C@H](C)C(=O)O)cc1			3.07	1	1	37.3	4			15	1	CC(C)Cc1ccc([C@H](C)C(=O)O)cc1	ok
CHEMBL1750	CLOFARABINE	4	2004	Small molecule	0	1	0	0	1			0		Nc1nc(Cl)nc2c1ncn2[C@@H]1O[C@H](CO)[C@@H](O)[C@@H]1F			-0.35	8	3	119.31	2			20	2	Nc1nc(Cl)nc2c1ncn2[C@@H]1O[C@H](CO)[C@@H](O)[C@@H]1F	ok
CHEMBL1751	DIGOXIN	4	1975	Small molecule	1	1	0	1	0			0		C[C@H]1O[C@@H](O[C@H]2[C@@H](O)C[C@H](O[C@H]3[C@@H](O)C[C@H](O[C@H]4CC[C@@]5(C)[C@H](CC[C@@H]6[C@@H]5C[C@@H](O)[C@]5(C)[C@@H](C7=CC(=O)OC7)CC[C@]65O)C4)O[C@@H]3C)O[C@@H]2C)C[C@H](O)[C@@H]1O			2.22	14	6	203.06	7			55	0	C[C@H]1O[C@@H](O[C@H]2[C@@H](O)C[C@H](O[C@H]3[C@@H](O)C[C@H](O[C@H]4CC[C@@]5(C)[C@H](CC[C@@H]6[C@@H]5C[C@@H](O)[C@]5(C)[C@@H](C7=CC(=O)OC7)CC[C@]65O)C4)O[C@@H]3C)O[C@@H]2C)C[C@H](O)[C@@H]1O	ok
CHEMBL1752	DYPHYLLINE	4	1951	Small molecule	1	1	0	1	0			0		Cn1c(=O)c2c(ncn2CC(O)CO)n(C)c1=O			-2.21	8	2	102.28	3			18	2	Cn1c(=O)c2c(ncn2CC(O)CO)n(C)c1=O	ok
CHEMBL175247	ORLISTAT	4	1998	Small molecule	1	0	0	1	0			0		CCCCCCCCCCC[C@@H](C[C@@H]1OC(=O)[C@H]1CCCCCC)OC(=O)[C@H](CC(C)C)NC=O			6.88	5	1	81.7	23			35	0	CCCCCCCCCCC[C@@H](C[C@@H]1OC(=O)[C@H]1CCCCCC)OC(=O)[C@H](CC(C)C)NC=O	ok
CHEMBL1753	CLINDAMYCIN	4	1970	Small molecule	1	0	0	1	0			0		CCC[C@@H]1C[C@@H](C(=O)N[C@@H]([C@H]2O[C@H](SC)[C@H](O)[C@@H](O)[C@H]2O)[C@H](C)Cl)N(C)C1			0.39	7	4	102.26	7			27	0	CCC[C@@H]1C[C@@H](C(=O)N[C@@H]([C@H]2O[C@H](SC)[C@H](O)[C@@H](O)[C@H]2O)[C@H](C)Cl)N(C)C1	ok
CHEMBL1754	DOXAPRAM	4	1965	Small molecule	0	1	0	1	0			0		CCN1CC(CCN2CCOCC2)C(c2ccccc2)(c2ccccc2)C1=O			3.17	3	0	32.78	6			28	2	CCN1CC(CCN2CCOCC2)C(c2ccccc2)(c2ccccc2)C1=O	ok
CHEMBL1755	CONIVAPTAN	4	2005	Small molecule	0	1	0	1	0			0		Cc1nc2c([nH]1)-c1ccccc1N(C(=O)c1ccc(NC(=O)c3ccccc3-c3ccccc3)cc1)CC2			6.51	3	2	78.09	4			38	5	Cc1nc2c([nH]1)-c1ccccc1N(C(=O)c1ccc(NC(=O)c3ccccc3-c3ccccc3)cc1)CC2	RISK
CHEMBL1756	ESTRAMUSTINE PHOSPHATE	4	1981	Small molecule	1	0	0	1	1			0		C[C@]12CC[C@@H]3c4ccc(OC(=O)N(CCCl)CCCl)cc4CC[C@H]3[C@@H]1CC[C@@H]2OP(=O)(O)O			5.3	4	2	96.3	7			33	1	C[C@]12CC[C@@H]3c4ccc(OC(=O)N(CCCl)CCCl)cc4CC[C@H]3[C@@H]1CC[C@@H]2OP(=O)(O)O	ok
CHEMBL175691	RILPIVIRINE	4	2011	Small molecule	1	1	0	1	0			0		Cc1cc(/C=C/C#N)cc(C)c1Nc1ccnc(Nc2ccc(C#N)cc2)n1			4.99	6	2	97.42	5			28	3	Cc1cc(/C=C/C#N)cc(C)c1Nc1ccnc(Nc2ccc(C#N)cc2)n1	RISK
CHEMBL1757	FOSFOMYCIN	4	1996	Small molecule	1	0	0	1	0			0		C[C@@H]1O[C@@H]1P(=O)(O)O			-0.09	2	2	70.06	1			8	0	C[C@@H]1O[C@@H]1P(=O)(O)O	ok
CHEMBL176	BEKANAMYCIN	3		Small molecule	0	0	0	1	0			0		NC[C@H]1O[C@H](O[C@H]2[C@H](O)[C@@H](O[C@H]3O[C@H](CO)[C@@H](O)[C@H](N)[C@H]3O)[C@H](N)C[C@@H]2N)[C@H](N)[C@@H](O)[C@@H]1O			-7.33	15	11	288.4	6			33	0	NC[C@H]1O[C@H](O[C@H]2[C@H](O)[C@@H](O[C@H]3O[C@H](CO)[C@@H](O)[C@H](N)[C@H]3O)[C@H](N)C[C@@H]2N)[C@H](N)[C@@H](O)[C@@H]1O	ok
CHEMBL1760	TERBUTALINE	4	1974	Small molecule	1	1	1	1	0			0		CC(C)(C)NCC(O)c1cc(O)cc(O)c1			1.52	4	4	72.72	3			16	1	CC(C)(C)NCC(O)c1cc(O)cc(O)c1	ok
CHEMBL1762	TOCAINIDE	4	1984	Small molecule	1	0	0	1	0			0		Cc1cccc(C)c1NC(=O)C(C)N			1.59	2	2	55.12	2			14	1	Cc1cccc(C)c1NC(=O)C(C)N	ok
CHEMBL1762621	BARDOXOLONE METHYL	3		Small molecule	0	0	0	1	0			0		COC(=O)[C@]12CCC(C)(C)C[C@H]1[C@H]1C(=O)C=C3[C@@]4(C)C=C(C#N)C(=O)C(C)(C)[C@@H]4CC[C@@]3(C)[C@]1(C)CC2			6.38	5	0	84.23	1			37	0	COC(=O)[C@]12CCC(C)(C)C[C@H]1[C@H]1C(=O)C=C3[C@@]4(C)C=C(C#N)C(=O)C(C)(C)[C@@H]4CC[C@@]3(C)[C@]1(C)CC2	ok
CHEMBL1763	HYDROFLUMETHIAZIDE	4	1959	Small molecule	1	0	0	0	0			0		NS(=O)(=O)c1cc2c(cc1C(F)(F)F)NCNS2(=O)=O			0.01	5	3	118.36	1			20	1	NS(=O)(=O)c1cc2c(cc1C(F)(F)F)NCNS2(=O)=O	ok
CHEMBL1764	LEVOMEPROMAZINE	4	1982	Small molecule	0	1	0	1	0			0		COc1ccc2c(c1)N(C[C@H](C)CN(C)C)c1ccccc1S2			4.5	4	0	15.71	5			23	2	COc1ccc2c(c1)N(C[C@H](C)CN(C)C)c1ccccc1S2	ok
CHEMBL1765292	INDOBUFEN	3		Small molecule	0	0	0	1	0			0		CCC(C(=O)O)c1ccc(N2Cc3ccccc3C2=O)cc1			3.43	2	1	57.61	4			22	2	CCC(C(=O)O)c1ccc(N2Cc3ccccc3C2=O)cc1	ok
CHEMBL1766	DESOXIMETASONE	4	1977	Small molecule	0	0	1	0	0			0		C[C@@H]1C[C@H]2[C@@H]3CCC4=CC(=O)C=C[C@]4(C)[C@@]3(F)[C@@H](O)C[C@]2(C)[C@H]1C(=O)CO			2.78	4	2	74.6	2			27	0	C[C@@H]1C[C@H]2[C@@H]3CCC4=CC(=O)C=C[C@]4(C)[C@@]3(F)[C@@H](O)C[C@]2(C)[C@H]1C(=O)CO	ok
CHEMBL176687	ACESULFAME	3		Small molecule	0	0	0	1	0			0		CC1=CC(=O)NS(=O)(=O)O1			-0.72	4	1	72.47	0			10	0	CC1=CC(=O)NS(=O)(=O)O1	ok
CHEMBL1767407	DENUFOSOL TETRASODIUM	3		Small molecule	0	0	0	1	0			0		Nc1ccn([C@H]2C[C@H](O)[C@@H](COP(=O)([O-])OP(=O)([O-])OP(=O)([O-])OP(=O)([O-])OC[C@H]3O[C@@H](n4ccc(=O)[nH]c4=O)[C@H](O)[C@@H]3O)O2)c(=O)n1.[Na+].[Na+].[Na+].[Na+]			-2.87	21	9	390.27	14			48	2	Nc1ccn([C@H]2C[C@H](O)[C@@H](COP(=O)([O-])OP(=O)([O-])OP(=O)([O-])OP(=O)([O-])OC[C@H]3O[C@@H](n4ccc(=O)[nH]c4=O)[C@H](O)[C@@H]3O)O2)c(=O)n1	ok
CHEMBL1767408	DIQUAFOSOL TETRASODIUM	4	2010	Small molecule	0	0	0	1	0			0		O=c1ccn([C@@H]2O[C@H](COP(=O)([O-])OP(=O)([O-])OP(=O)([O-])OP(=O)([O-])OC[C@H]3O[C@@H](n4ccc(=O)[nH]c4=O)[C@H](O)[C@@H]3O)[C@@H](O)[C@H]2O)c(=O)[nH]1.[Na+].[Na+].[Na+].[Na+]			-4.19	21	10	404.45	14			49	2	O=c1ccn([C@@H]2O[C@H](COP(=O)([O-])OP(=O)([O-])OP(=O)([O-])OP(=O)([O-])OC[C@H]3O[C@@H](n4ccc(=O)[nH]c4=O)[C@H](O)[C@@H]3O)[C@@H](O)[C@H]2O)c(=O)[nH]1	ok
CHEMBL177	AMIKACIN	4	1981	Small molecule	0	1	1	1	0			0		NCC[C@H](O)C(=O)N[C@@H]1C[C@H](N)[C@@H](O[C@H]2O[C@H](CN)[C@@H](O)[C@H](O)[C@H]2O)[C@H](O)[C@H]1O[C@H]1O[C@H](CO)[C@@H](O)[C@H](N)[C@H]1O			-8.42	17	13	331.94	10			40	0	NCC[C@H](O)C(=O)N[C@@H]1C[C@H](N)[C@@H](O[C@H]2O[C@H](CN)[C@@H](O)[C@H](O)[C@H]2O)[C@H](O)[C@H]1O[C@H]1O[C@H](CO)[C@@H](O)[C@H](N)[C@H]1O	ok
CHEMBL1770248	ERTUGLIFLOZIN	4	2017	Small molecule	1	0	0	1	0			0		CCOc1ccc(Cc2cc([C@]34OC[C@](CO)(O3)[C@@H](O)[C@H](O)[C@H]4O)ccc2Cl)cc1			1.36	7	4	108.61	6			30	2	CCOc1ccc(Cc2cc([C@]34OC[C@](CO)(O3)[C@@H](O)[C@H](O)[C@H]4O)ccc2Cl)cc1	ok
CHEMBL1770916	NIROGACESTAT	4	2023	Small molecule	1	0	0	0	0			0		CCC[C@H](N[C@H]1CCc2cc(F)cc(F)c2C1)C(=O)Nc1cn(C(C)(C)CNCC(C)(C)C)cn1			4.79	5	3	70.98	10			35	2	CCC[C@H](N[C@H]1CCc2cc(F)cc(F)c2C1)C(=O)Nc1cn(C(C)(C)CNCC(C)(C)C)cn1	ok
CHEMBL1771	CLOPIDOGREL	4	1997	Small molecule	1	0	0	1	1			0		COC(=O)[C@H](c1ccccc1Cl)N1CCc2sccc2C1			3.67	4	0	29.54	3			21	2	COC(=O)[C@H](c1ccccc1Cl)N1CCc2sccc2C1	ok
CHEMBL1773	CAPECITABINE	4	1998	Small molecule	1	0	0	0	1			0		CCCCCOC(=O)Nc1nc(=O)n([C@@H]2O[C@H](C)[C@@H](O)[C@H]2O)cc1F			0.76	8	3	122.91	6			25	1	CCCCCOC(=O)Nc1nc(=O)n([C@@H]2O[C@H](C)[C@@H](O)[C@H]2O)cc1F	ok
CHEMBL1774461	FLORBETAPIR F 18	4	2012	Small molecule	0	1	0	0	0			0		CNc1ccc(/C=C/c2ccc(OCCOCCOCC[18F])nc2)cc1			3.68	5	1	52.61	12			26	2	CNc1ccc(/C=C/c2ccc(OCCOCCOCC[18F])nc2)cc1	ok
CHEMBL1779710	EVOGLIPTIN	4	2015	Small molecule	1	0	0	0	0			0		CC(C)(C)OC[C@@H]1C(=O)NCCN1C(=O)C[C@H](N)Cc1cc(F)c(F)cc1F			1.51	4	2	84.66	6			28	1	CC(C)(C)OC[C@@H]1C(=O)NCCN1C(=O)C[C@H](N)Cc1cc(F)c(F)cc1F	ok
CHEMBL178	DAUNORUBICIN	4	1979	Small molecule	0	1	0	1	0			0		COc1cccc2c1C(=O)c1c(O)c3c(c(O)c1C2=O)C[C@@](O)(C(C)=O)C[C@@H]3O[C@H]1C[C@H](N)[C@H](O)[C@H](C)O1			1.03	11	5	185.84	4			38	2	COc1cccc2c1C(=O)c1c(O)c3c(c(O)c1C2=O)C[C@@](O)(C(C)=O)C[C@@H]3O[C@H]1C[C@H](N)[C@H](O)[C@H](C)O1	ok
CHEMBL178459	OLTIPRAZ	3		Small molecule	0	0	0	1	0			0		Cc1c(-c2cnccn2)ssc1=S			3.3	5	0	25.78	1			13	2	Cc1c(-c2cnccn2)ssc1=S	ok
CHEMBL17860	LOFEXIDINE	4	2018	Small molecule	1	0	0	1	0			0		CC(Oc1c(Cl)cccc1Cl)C1=NCCN1			2.76	3	1	33.62	3			16	1	CC(Oc1c(Cl)cccc1Cl)C1=NCCN1	ok
CHEMBL178803	BLONANSERIN	4		Small molecule	1	0	0	0	0			0		CCN1CCN(c2cc(-c3ccc(F)cc3)c3c(n2)CCCCCC3)CC1			4.69	3	0	19.37	3			27	2	CCN1CCN(c2cc(-c3ccc(F)cc3)c3c(n2)CCCCCC3)CC1	ok
CHEMBL1788385	TILBROQUINOL	4		Small molecule	0	0	0	0	0			0		Cc1cc(Br)c(O)c2ncccc12			3.01	2	1	33.12	0			13	2	Cc1cc(Br)c(O)c2ncccc12	ok
CHEMBL1788386	TETRAMETHRIN	4		Small molecule	0	0	0	1	0			0		CC(C)=CC1C(C(=O)OCN2C(=O)C3=C(CCCC3)C2=O)C1(C)C			2.96	4	0	63.68	4			24	0	CC(C)=CC1C(C(=O)OCN2C(=O)C3=C(CCCC3)C2=O)C1(C)C	ok
CHEMBL1788403	BIOALLETHRIN	4		Small molecule	0	0	0	1	0			0		C=CCC1=C(C)C(OC(=O)[C@@H]2[C@@H](C=C(C)C)C2(C)C)CC1=O			4	3	0	43.37	5			22	0	C=CCC1=C(C)C(OC(=O)[C@@H]2[C@@H](C=C(C)C)C2(C)C)CC1=O	ok
CHEMBL1789941	RUXOLITINIB	4	2011	Small molecule	1	0	1	1	0			0		N#CC[C@H](C1CCCC1)n1cc(-c2ncnc3[nH]ccc23)cn1			3.47	5	1	83.18	4			23	3	N#CC[C@H](C1CCCC1)n1cc(-c2ncnc3[nH]ccc23)cn1	ok
CHEMBL1790041	RANITIDINE	4	1983	Small molecule	1	1	0	1	0			0		CNC(=C[N+](=O)[O-])NCCSCc1ccc(CN(C)C)o1			1.46	7	2	83.58	10			21	1	CNC(=C[N+](=O)[O-])NCCSCc1ccc(CN(C)C)o1	ok
CHEMBL1796998	SULFUR HEXAFLUORIDE	4	2001	Small molecule	0	1	0	0	0			0		FS(F)(F)(F)(F)F			3.17	0	0	0	0			7	0	FS(F)(F)(F)(F)F	ok
CHEMBL17976	RESINIFERATOXIN	3		Small molecule	0	0	0	1	0			0		C=C(C)[C@]12C[C@@H](C)[C@@]34O[C@](Cc5ccccc5)(O[C@@H]1[C@@H]3C=C(COC(=O)Cc1ccc(O)c(OC)c1)C[C@]1(O)C(=O)C(C)=C[C@@H]41)O2			4.74	9	2	120.75	8			46	2	C=C(C)[C@]12C[C@@H](C)[C@@]34O[C@](Cc5ccccc5)(O[C@@H]1[C@@H]3C=C(COC(=O)Cc1ccc(O)c(OC)c1)C[C@]1(O)C(=O)C(C)=C[C@@H]41)O2	ok
CHEMBL18	ETHOXZOLAMIDE	4	1982	Small molecule	1	0	0	1	0			0		CCOc1ccc2nc(S(N)(=O)=O)sc2c1			1.34	5	1	82.28	3			16	2	CCOc1ccc2nc(S(N)(=O)=O)sc2c1	ok
CHEMBL1800159	RELUGOLIX	4		Small molecule	1	0	0	0	0			0		CONC(=O)Nc1ccc(-c2sc3c(c2CN(C)C)c(=O)n(-c2ccc(OC)nn2)c(=O)n3Cc2c(F)cccc2F)cc1			3.75	11	2	132.61	9			44	5	CONC(=O)Nc1ccc(-c2sc3c(c2CN(C)C)c(=O)n(-c2ccc(OC)nn2)c(=O)n3Cc2c(F)cccc2F)cc1	RISK
CHEMBL180022	NERATINIB	4	2017	Small molecule	1	0	0	1	0			0		CCOc1cc2ncc(C#N)c(Nc3ccc(OCc4ccccn4)c(Cl)c3)c2cc1NC(=O)/C=C/CN(C)C			5.93	8	2	112.4	11			40	4	CCOc1cc2ncc(C#N)c(Nc3ccc(OCc4ccccn4)c(Cl)c3)c2cc1NC(=O)/C=C/CN(C)C	ok
CHEMBL1800807	ANACETRAPIB	3		Small molecule	0	0	0	0	0			0		COc1cc(F)c(C(C)C)cc1-c1ccc(C(F)(F)F)cc1CN1C(=O)O[C@H](c2cc(C(F)(F)F)cc(C(F)(F)F)c2)[C@@H]1C			9.76	3	0	38.77	6			44	3	COc1cc(F)c(C(C)C)cc1-c1ccc(C(F)(F)F)cc1CN1C(=O)O[C@H](c2cc(C(F)(F)F)cc(C(F)(F)F)c2)[C@@H]1C	ok
CHEMBL1800955	OMECAMTIV MECARBIL	3		Small molecule	0	0	0	0	0			0		COC(=O)N1CCN(Cc2cccc(NC(=O)Nc3ccc(C)nc3)c2F)CC1			3.06	5	2	86.8	4			29	2	COC(=O)N1CCN(Cc2cccc(NC(=O)Nc3ccc(C)nc3)c2F)CC1	ok
CHEMBL180101	ESREBOXETINE	3		Small molecule	0	0	0	1	0			0		CCOc1ccccc1O[C@@H](c1ccccc1)[C@@H]1CNCCO1			3.19	4	1	39.72	6			23	2	CCOc1ccccc1O[C@@H](c1ccccc1)[C@@H]1CNCCO1	ok
CHEMBL1801800	METABROMSALAN	4		Small molecule	0	0	0	1	0			0		O=C(Nc1ccccc1)c1cc(Br)cc(Br)c1O			4.17	2	2	49.33	2			18	2	O=C(Nc1ccccc1)c1cc(Br)cc(Br)c1O	ok
CHEMBL180570	MEDRONIC ACID	3		Small molecule	0	0	0	1	0			0		O=P(O)(O)CP(=O)(O)O			-0.7	2	4	115.06	2			9	0	O=P(O)(O)CP(=O)(O)O	ok
CHEMBL1808388	BEXAGLIFLOZIN	4	2023	Small molecule	1	0	0	1	0			0		OC[C@H]1O[C@@H](c2ccc(Cl)c(Cc3ccc(OCCOC4CC4)cc3)c2)[C@H](O)[C@@H](O)[C@@H]1O			2	7	4	108.61	9			32	2	OC[C@H]1O[C@@H](c2ccc(Cl)c(Cc3ccc(OCCOC4CC4)cc3)c2)[C@H](O)[C@@H](O)[C@@H]1O	ok
CHEMBL181	DIAZOXIDE	4	1973	Small molecule	1	1	0	1	0			0		CC1=Nc2ccc(Cl)cc2S(=O)(=O)N1			1.68	3	1	58.53	0			14	1	CC1=Nc2ccc(Cl)cc2S(=O)(=O)N1	ok
CHEMBL18116	TOLOXATONE	4	1984	Small molecule	1	0	0	1	0			0		Cc1cccc(N2CC(CO)OC2=O)c1			1.31	3	1	49.77	2			15	1	Cc1cccc(N2CC(CO)OC2=O)c1	ok
CHEMBL1812161	VATIQUINONE	3		Small molecule	0	0	0	1	0			0		CC(C)=CCC/C(C)=C/CC/C(C)=C/CC[C@@](C)(O)CCC1=C(C)C(=O)C(C)=C(C)C1=O			7.52	3	1	54.37	12			32	0	CC(C)=CCC/C(C)=C/CC/C(C)=C/CC[C@@](C)(O)CCC1=C(C)C(=O)C(C)=C(C)C1=O	ok
CHEMBL181932	OTERACIL	3		Small molecule	0	0	0	1	0			0		O=C(O)c1nc(=O)[nH]c(=O)[nH]1			-1.84	4	3	115.91	1			11	1	O=C(O)c1nc(=O)[nH]c(=O)[nH]1	ok
CHEMBL182	GANCICLOVIR	4	1989	Small molecule	1	1	1	1	1			0		Nc1nc2c(ncn2COC(CO)CO)c(=O)[nH]1			-1.97	8	4	139.28	5			18	2	Nc1nc2c(ncn2COC(CO)CO)c(=O)[nH]1	ok
CHEMBL1829174	FASIGLIFAM	3		Small molecule	0	0	0	1	0			0		Cc1cc(OCCCS(C)(=O)=O)cc(C)c1-c1cccc(COc2ccc3c(c2)OC[C@H]3CC(=O)O)c1			5.31	6	1	99.13	11			37	3	Cc1cc(OCCCS(C)(=O)=O)cc(C)c1-c1cccc(COc2ccc3c(c2)OC[C@H]3CC(=O)O)c1	ok
CHEMBL184	ACYCLOVIR	4	1982	Small molecule	1	1	1	1	1			0		Nc1nc2c(ncn2COCCO)c(=O)[nH]1			-1.33	7	3	119.05	4			16	2	Nc1nc2c(ncn2COCCO)c(=O)[nH]1	ok
CHEMBL184412	DRONEDARONE	4	2009	Small molecule	1	0	0	1	0			0		CCCCc1oc2ccc(NS(C)(=O)=O)cc2c1C(=O)c1ccc(OCCCN(CCCC)CCCC)cc1			7.05	6	1	88.85	18			39	3	CCCCc1oc2ccc(NS(C)(=O)=O)cc2c1C(=O)c1ccc(OCCCN(CCCC)CCCC)cc1	RISK
CHEMBL18442	PLERIXAFOR	4	2008	Small molecule	0	1	0	1	0			0		c1cc(CN2CCCNCCNCCCNCC2)ccc1CN1CCCNCCNCCCNCC1			0.42	8	6	78.66	4			36	1	c1cc(CN2CCCNCCNCCCNCC2)ccc1CN1CCCNCCNCCCNCC1	ok
CHEMBL184618	FRAMYCETIN	3		Small molecule	0	0	0	1	0			0		NC[C@@H]1O[C@H](O[C@H]2[C@@H](O)[C@H](O[C@@H]3[C@@H](O)[C@H](N)C[C@H](N)[C@H]3O[C@H]3O[C@H](CN)[C@@H](O)[C@H](O)[C@H]3N)O[C@@H]2CO)[C@H](N)[C@@H](O)[C@@H]1O			-8.9	19	13	353.11	9			42	0	NC[C@@H]1O[C@H](O[C@H]2[C@@H](O)[C@H](O[C@@H]3[C@@H](O)[C@H](N)C[C@H](N)[C@H]3O[C@H]3O[C@H](CN)[C@@H](O)[C@H](O)[C@H]3N)O[C@@H]2CO)[C@H](N)[C@@H](O)[C@@H]1O	ok
CHEMBL185	FLUOROURACIL	4	1962	Small molecule	0	1	1	0	0			0		O=c1[nH]cc(F)c(=O)[nH]1			-0.8	2	2	65.72	0			9	1	O=c1[nH]cc(F)c(=O)[nH]1	ok
CHEMBL185073	PANCURONIUM	4	1972	Small molecule	0	1	0	1	0			0		CC(=O)O[C@H]1C[C@@H]2CC[C@@H]3[C@H](CC[C@@]4(C)[C@H]3C[C@H]([N+]3(C)CCCCC3)[C@@H]4OC(C)=O)[C@@]2(C)C[C@@H]1[N+]1(C)CCCCC1			6.11	4	0	52.6	4			41	0	CC(=O)O[C@H]1C[C@@H]2CC[C@@H]3[C@H](CC[C@@]4(C)[C@H]3C[C@H]([N+]3(C)CCCCC3)[C@@H]4OC(C)=O)[C@@]2(C)C[C@@H]1[N+]1(C)CCCCC1	ok
CHEMBL1851943	PRACINOSTAT	3		Small molecule	0	0	0	1	0			0		CCCCc1nc2cc(/C=C/C(=O)NO)ccc2n1CCN(CC)CC			3.24	5	2	70.39	10			26	2	CCCCc1nc2cc(/C=C/C(=O)NO)ccc2n1CCN(CC)CC	ok
CHEMBL1852688	INFIGRATINIB	4	2021	Small molecule	1	0	0	1	0			0		CCN1CCN(c2ccc(Nc3cc(N(C)C(=O)Nc4c(Cl)c(OC)cc(OC)c4Cl)ncn3)cc2)CC1			5.35	8	2	95.09	8			38	3	CCN1CCN(c2ccc(Nc3cc(N(C)C(=O)Nc4c(Cl)c(OC)cc(OC)c4Cl)ncn3)cc2)CC1	ok
CHEMBL186	CEFEPIME	4	1996	Small molecule	0	1	0	1	0			0		CO/N=C(\C(=O)N[C@@H]1C(=O)N2C(C(=O)[O-])=C(C[N+]3(C)CCCC3)CS[C@H]12)c1csc(N)n1			-1.28	10	2	150.04	7			32	1	CO/N=C(\C(=O)N[C@@H]1C(=O)N2C(C(=O)[O-])=C(C[N+]3(C)CCCC3)CS[C@H]12)c1csc(N)n1	ok
CHEMBL186141	ANDROGRAPHOLIDE	3		Small molecule	0	0	0	1	0			0		C=C1CC[C@@H]2[C@](C)(CO)[C@H](O)CC[C@@]2(C)[C@@H]1C/C=C1/C(=O)OC[C@H]1O			1.96	5	3	86.99	3			25	0	C=C1CC[C@@H]2[C@](C)(CO)[C@H](O)CC[C@@]2(C)[C@@H]1C/C=C1/C(=O)OC[C@H]1O	ok
CHEMBL186179	MURAGLITAZAR	3		Small molecule	0	0	0	1	0			0		COc1ccc(OC(=O)N(CC(=O)O)Cc2ccc(OCCc3nc(-c4ccccc4)oc3C)cc2)cc1			5.37	7	1	111.33	11			38	4	COc1ccc(OC(=O)N(CC(=O)O)Cc2ccc(OCCc3nc(-c4ccccc4)oc3C)cc2)cc1	ok
CHEMBL1863513	INGENOL MEBUTATE	4	2010	Small molecule	0	0	1	1	0			0		C/C=C(/C)C(=O)O[C@H]1C(C)=C[C@]23C(=O)[C@@H](C=C(CO)[C@@H](O)[C@]12O)[C@H]1[C@@H](C[C@H]3C)C1(C)C			2.33	6	3	104.06	3			31	0	C/C=C(/C)C(=O)O[C@H]1C(C)=C[C@]23C(=O)[C@@H](C=C(CO)[C@@H](O)[C@]12O)[C@H]1[C@@H](C[C@H]3C)C1(C)C	ok
CHEMBL1865134	DIBUNIC ACID	4		Small molecule	0	0	0	0	0			0		CC(C)(C)c1ccc2c(S(=O)(=O)O)c(C(C)(C)C)ccc2c1			4.68	2	1	54.37	1			22	2	CC(C)(C)c1ccc2c(S(=O)(=O)O)c(C(C)(C)C)ccc2c1	ok
CHEMBL1873475	IBRUTINIB	4	2013	Small molecule	1	0	0	1	0			0		C=CC(=O)N1CCC[C@@H](n2nc(-c3ccc(Oc4ccccc4)cc3)c3c(N)ncnc32)C1			4.22	7	1	99.16	5			33	4	C=CC(=O)N1CCC[C@@H](n2nc(-c3ccc(Oc4ccccc4)cc3)c3c(N)ncnc32)C1	RISK
CHEMBL1874750	CINEPAZIDE	4	1980	Small molecule	0	0	0	1	0			0		COc1cc(/C=C/C(=O)N2CCN(CC(=O)N3CCCC3)CC2)cc(OC)c1OC			1.49	6	0	71.55	7			30	1	COc1cc(/C=C/C(=O)N2CCN(CC(=O)N3CCCC3)CC2)cc(OC)c1OC	ok
CHEMBL187709	TRIPARANOL	4		Small molecule	0	0	0	1	0			0		CCN(CC)CCOc1ccc(C(O)(Cc2ccc(Cl)cc2)c2ccc(C)cc2)cc1			5.85	3	1	32.7	10			31	3	CCN(CC)CCOc1ccc(C(O)(Cc2ccc(Cl)cc2)c2ccc(C)cc2)cc1	ok
CHEMBL187927	DIANICLINE	3		Small molecule	0	0	0	1	0			0		c1cnc2c(c1)O[C@H]1CCN3CC[C@@]1(C2)C3			1.48	3	0	25.36	0			16	1	c1cnc2c(c1)O[C@H]1CCN3CC[C@@]1(C2)C3	ok
CHEMBL1879463	DACTOLISIB	3		Small molecule	0	0	0	1	0			0		Cn1c(=O)n(-c2ccc(C(C)(C)C#N)cc2)c2c3cc(-c4cnc5ccccc5c4)ccc3ncc21			5.89	6	0	76.5	3			36	6	Cn1c(=O)n(-c2ccc(C(C)(C)C#N)cc2)c2c3cc(-c4cnc5ccccc5c4)ccc3ncc21	ok
CHEMBL1880349	2-DEOXY-D-GLUCOSE	3		Small molecule	0	0	0	1	0			0		OCC1OC(O)CC(O)C1O			-2.19	5	4	90.15	1			11	0	OCC1OC(O)CC(O)C1O	ok
CHEMBL188185	BUNAZOSIN	3		Small molecule	0	0	0	1	0			0		CCCC(=O)N1CCCN(c2nc(N)c3cc(OC)c(OC)cc3n2)CC1			2.07	7	1	93.81	5			27	2	CCCC(=O)N1CCCN(c2nc(N)c3cc(OC)c(OC)cc3n2)CC1	ok
CHEMBL1888176	TROSPIUM	4	2004	Small molecule	1	0	0	1	0			0		O=C(O[C@H]1C[C@H]2CC[C@@H](C1)[N+]21CCCC1)C(O)(c1ccccc1)c1ccccc1			3.77	3	1	46.53	4			29	2	O=C(O[C@H]1C[C@H]2CC[C@@H](C1)[N+]21CCCC1)C(O)(c1ccccc1)c1ccccc1	ok
CHEMBL188921	BUFLOMEDIL	4		Small molecule	0	0	0	1	0			0		COc1cc(OC)c(C(=O)CCCN2CCCC2)c(OC)c1			2.77	5	0	48	8			22	1	COc1cc(OC)c(C(=O)CCCN2CCCC2)c(OC)c1	ok
CHEMBL188952	PIRPROFEN	4	1987	Small molecule	0	0	0	0	0			0		CC(C(=O)O)c1ccc(N2CC=CC2)c(Cl)c1			2.9	2	1	40.54	3			17	1	CC(C(=O)O)c1ccc(N2CC=CC2)c(Cl)c1	ok
CHEMBL189	MILRINONE	4	1987	Small molecule	0	1	0	1	0			0		Cc1[nH]c(=O)c(C#N)cc1-c1ccncc1			1.62	3	1	69.54	1			16	2	Cc1[nH]c(=O)c(C#N)cc1-c1ccncc1	ok
CHEMBL18901	EFAPROXIRAL	3		Small molecule	0	0	0	1	0			0		Cc1cc(C)cc(NC(=O)Cc2ccc(OC(C)(C)C(=O)O)cc2)c1			3.73	3	2	75.63	6			25	2	Cc1cc(C)cc(NC(=O)Cc2ccc(OC(C)(C)C(=O)O)cc2)c1	ok
CHEMBL189171	ACEMETACIN	4		Small molecule	0	0	0	1	0			0		COc1ccc2c(c1)c(CC(=O)OCC(=O)O)c(C)n2C(=O)c1ccc(Cl)cc1			3.47	6	1	94.83	6			29	3	COc1ccc2c(c1)c(CC(=O)OCC(=O)O)c(C)n2C(=O)c1ccc(Cl)cc1	ok
CHEMBL189475	LADARIXIN	3		Small molecule	0	0	0	0	0			0		C[C@@H](C(=O)NS(C)(=O)=O)c1ccc(OS(=O)(=O)C(F)(F)F)cc1			1.09	6	1	106.61	5			23	1	C[C@@H](C(=O)NS(C)(=O)=O)c1ccc(OS(=O)(=O)C(F)(F)F)cc1	ok
CHEMBL189963	PALBOCICLIB	4	2015	Small molecule	1	0	0	1	0			0		CC(=O)c1c(C)c2cnc(Nc3ccc(N4CCNCC4)cn3)nc2n(C2CCCC2)c1=O			2.97	9	2	105.04	5			33	3	CC(=O)c1c(C)c2cnc(Nc3ccc(N4CCNCC4)cn3)nc2n(C2CCCC2)c1=O	ok
CHEMBL1899801	PERFLENAPENT	4	1998	Small molecule	0	0	0	0	0			0		FC(F)(F)C(F)(F)C(F)(F)C(F)(F)C(F)(F)F			4.02	0	0	0	2			17	0	FC(F)(F)C(F)(F)C(F)(F)C(F)(F)C(F)(F)F	ok
CHEMBL19	METHAZOLAMIDE	4	1959	Small molecule	1	0	0	1	0			0		CC(=O)/N=c1/sc(S(N)(=O)=O)nn1C			-1.42	6	1	107.41	1			14	1	CC(=O)/N=c1/sc(S(N)(=O)=O)nn1C	ok
CHEMBL190044	TRIMEBUTINE	3		Small molecule	0	0	0	1	0			0		CCC(COC(=O)c1cc(OC)c(OC)c(OC)c1)(c1ccccc1)N(C)C			3.74	6	0	57.23	9			28	2	CCC(COC(=O)c1cc(OC)c(OC)c(OC)c1)(c1ccccc1)N(C)C	ok
CHEMBL1900528	TIOTROPIUM	4	2004	Small molecule	0	0	1	1	0			0		C[N+]1(C)[C@@H]2C[C@@H](OC(=O)C(O)(c3cccs3)c3cccs3)C[C@H]1[C@@H]1O[C@@H]12			2.35	6	1	59.06	4			26	2	C[N+]1(C)[C@@H]2C[C@@H](OC(=O)C(O)(c3cccs3)c3cccs3)C[C@H]1[C@@H]1O[C@@H]12	ok
CHEMBL190083	TARENFLURBIL	3		Small molecule	0	0	0	0	0			0		C[C@@H](C(=O)O)c1ccc(-c2ccccc2)c(F)c1			3.68	1	1	37.3	3			18	2	C[C@@H](C(=O)O)c1ccc(-c2ccccc2)c(F)c1	ok
CHEMBL19019	NALTREXONE	4	1984	Small molecule	1	1	0	1	0			0		O=C1CC[C@@]2(O)[C@H]3Cc4ccc(O)c5c4[C@@]2(CCN3CC2CC2)[C@H]1O5			1.53	5	2	70	2			25	1	O=C1CC[C@@]2(O)[C@H]3Cc4ccc(O)c5c4[C@@]2(CCN3CC2CC2)[C@H]1O5	ok
CHEMBL1902981	EPERISONE	3		Small molecule	0	0	0	1	0			0		CCc1ccc(C(=O)C(C)CN2CCCCC2)cc1			3.55	2	0	20.31	5			19	1	CCc1ccc(C(=O)C(C)CN2CCCCC2)cc1	ok
CHEMBL190461	CANNABIDIOL	4	2018	Small molecule	1	0	0	1	0			0		C=C(C)[C@@H]1CCC(C)=C[C@H]1c1c(O)cc(CCCCC)cc1O			5.85	2	2	40.46	6			23	1	C=C(C)[C@@H]1CCC(C)=C[C@H]1c1c(O)cc(CCCCC)cc1O	ok
CHEMBL1905872	DOCUSATE SODIUM	4		Small molecule	0	0	0	0	0			0		CCCCC(CC)COC(=O)CC(C(=O)OCC(CC)CCCC)S(=O)(=O)[O-].[Na+]			4.15	6	1	106.97	16			28	0	CCCCC(CC)COC(=O)CC(C(=O)OCC(CC)CCCC)S(=O)(=O)[O-]	ok
CHEMBL1908305	SULOPENEM	3		Small molecule	0	0	0	1	0			0		C[C@@H](O)[C@H]1C(=O)N2C(C(=O)O)=C(S[C@H]3CC[S@@+]([O-])C3)S[C@H]12			0.41	6	2	100.9	4			21	0	C[C@@H](O)[C@H]1C(=O)N2C(C(=O)O)=C(S[C@H]3CC[S@@+]([O-])C3)S[C@H]12	ok
CHEMBL1908307	FLOSEQUINAN	4	1992	Small molecule	0	0	0	0	0			0		Cn1cc([S+](C)[O-])c(=O)c2ccc(F)cc21			1.42	3	0	45.06	1			16	2	Cn1cc([S+](C)[O-])c(=O)c2ccc(F)cc21	ok
CHEMBL1908315	GEMEPROST	4		Small molecule	0	0	0	1	0			0		CCCCC(C)(C)[C@H](O)/C=C/[C@H]1[C@H](O)CC(=O)[C@@H]1CCCC/C=C/C(=O)OC			3.98	5	2	83.83	12			28	0	CCCCC(C)(C)[C@H](O)/C=C/[C@H]1[C@H](O)CC(=O)[C@@H]1CCCC/C=C/C(=O)OC	ok
CHEMBL1908360	EVEROLIMUS	4	2009	Small molecule	1	0	0	1	0			0		CO[C@H]1C[C@@H]2CC[C@@H](C)[C@@](O)(O2)C(=O)C(=O)N2CCCC[C@H]2C(=O)O[C@H]([C@H](C)C[C@@H]2CC[C@@H](OCCO)[C@H](OC)C2)CC(=O)[C@H](C)/C=C(\C)[C@@H](O)[C@@H](OC)C(=O)[C@H](C)C[C@H](C)/C=C/C=C/C=C/1C			6.2	14	3	204.66	9			68	0	CO[C@H]1C[C@@H]2CC[C@@H](C)[C@@](O)(O2)C(=O)C(=O)N2CCCC[C@H]2C(=O)O[C@H]([C@H](C)C[C@@H]2CC[C@@H](OCCO)[C@H](OC)C2)CC(=O)[C@H](C)/C=C(\C)[C@@H](O)[C@@H](OC)C(=O)[C@H](C)C[C@H](C)/C=C/C=C/C=C/1C	ok
CHEMBL1908361	LEVOLEUCOVORIN CALCIUM	4	2008	Small molecule	0	1	0	1	0			0		Nc1nc(=O)c2c([nH]1)NC[C@H](CNc1ccc(C(=O)N[C@@H](CCC(=O)[O-])C(=O)[O-])cc1)N2C=O.[Ca+2]			-0.73	9	7	219.84	10			34	2	Nc1nc(=O)c2c([nH]1)NC[C@H](CNc1ccc(C(=O)N[C@@H](CCC(=O)[O-])C(=O)[O-])cc1)N2C=O	ok
CHEMBL1908370	FINAFLOXACIN	4	2014	Small molecule	0	0	1	0	0			0		N#Cc1c(N2C[C@@H]3NCCO[C@H]3C2)c(F)cc2c(=O)c(C(=O)O)cn(C3CC3)c12			1.22	7	2	107.59	3			29	2	N#Cc1c(N2C[C@@H]3NCCO[C@H]3C2)c(F)cc2c(=O)c(C(=O)O)cn(C3CC3)c12	ok
CHEMBL1908376	SEOCALCITOL	3		Small molecule	0	0	0	1	0			0		C=C1/C(=C\C=C2/CCC[C@]3(C)[C@@H]([C@H](C)/C=C/C=C/C(O)(CC)CC)CC[C@@H]23)C[C@@H](O)C[C@@H]1O			6.43	3	3	60.69	7			33	0	C=C1/C(=C\C=C2/CCC[C@]3(C)[C@@H]([C@H](C)/C=C/C=C/C(O)(CC)CC)CC[C@@H]23)C[C@@H](O)C[C@@H]1O	ok
CHEMBL1908391	MASITINIB	3		Small molecule	0	0	0	1	0			1		Cc1ccc(NC(=O)c2ccc(CN3CCN(C)CC3)cc2)cc1Nc1nc(-c2cccnc2)cs1			5.26	7	2	73.39	7			36	4	Cc1ccc(NC(=O)c2ccc(CN3CCN(C)CC3)cc2)cc1Nc1nc(-c2cccnc2)cs1	ok
CHEMBL1908841	LEVOLEUCOVORIN	4	2008	Small molecule	0	1	0	1	0			0		Nc1nc(=O)c2c([nH]1)NC[C@H](CNc1ccc(C(=O)N[C@@H](CCC(=O)O)C(=O)O)cc1)N2C=O			-0.73	9	7	219.84	10			34	2	Nc1nc(=O)c2c([nH]1)NC[C@H](CNc1ccc(C(=O)N[C@@H](CCC(=O)O)C(=O)O)cc1)N2C=O	ok
CHEMBL1908847	SPARTEINE	4		Small molecule	0	0	0	1	0			0		C1CCN2C[C@@H]3C[C@@H](CN4CCCC[C@@H]34)[C@H]2C1			2.35	2	0	6.48	0			17	0	C1CCN2C[C@@H]3C[C@@H](CN4CCCC[C@@H]34)[C@H]2C1	ok
CHEMBL1908906	FLORBETABEN	4	2014	Small molecule	0	1	0	0	0			0		CNc1ccc(/C=C/c2ccc(OCCOCCOCCF)cc2)cc1			4.28	4	1	39.72	12			26	2	CNc1ccc(/C=C/c2ccc(OCCOCCOCCF)cc2)cc1	ok
CHEMBL1908917	FLUCICLOVINE	4	2016	Small molecule	0	1	0	0	0			0		N[C@]1(C(=O)O)C[C@@H](F)C1			-0.1	2	2	63.32	1			9	0	N[C@]1(C(=O)O)C[C@@H](F)C1	ok
CHEMBL1908919	FLORBETAPIR	4	2012	Small molecule	0	1	0	0	0			0		CNc1ccc(/C=C/c2ccc(OCCOCCOCCF)nc2)cc1			3.68	5	1	52.61	12			26	2	CNc1ccc(/C=C/c2ccc(OCCOCCOCCF)nc2)cc1	ok
CHEMBL1909072	PIPAMAZINE	4		Small molecule	0	0	0	0	0			0		NC(=O)C1CCN(CCCN2c3ccccc3Sc3ccc(Cl)cc32)CC1			4.53	4	1	49.57	5			27	2	NC(=O)C1CCN(CCCN2c3ccccc3Sc3ccc(Cl)cc32)CC1	ok
CHEMBL1909282	FENCLOZIC ACID	4		Small molecule	0	0	0	0	0			0		O=C(O)Cc1csc(-c2ccc(Cl)cc2)n1			3.09	3	1	50.19	3			16	2	O=C(O)Cc1csc(-c2ccc(Cl)cc2)n1	ok
CHEMBL1909283	MEBANAZINE	4		Small molecule	0	0	0	1	0			0		CC(NN)c1ccccc1			1.21	2	2	38.05	2			10	1	CC(NN)c1ccccc1	ok
CHEMBL1909285	NITREFAZOLE	4		Small molecule	0	0	0	0	0			0		Cc1nc([N+](=O)[O-])cn1-c1ccc([N+](=O)[O-])cc1			2	6	0	104.1	3			18	2	Cc1nc([N+](=O)[O-])cn1-c1ccc([N+](=O)[O-])cc1	ok
CHEMBL1909286	PHENOXYPROPAZINE	4		Small molecule	0	0	0	1	0			0		CC(COc1ccccc1)NN			0.92	3	2	47.28	4			12	1	CC(COc1ccccc1)NN	ok
CHEMBL1909288	TRIACETYLDIPHENOLISATIN	4		Small molecule	0	0	0	0	0			0		CC(=O)Oc1ccc(C2(c3ccc(OC(C)=O)cc3)C(=O)N(C(C)=O)c3ccccc32)cc1			3.76	6	0	89.98	4			33	3	CC(=O)Oc1ccc(C2(c3ccc(OC(C)=O)cc3)C(=O)N(C(C)=O)c3ccccc32)cc1	ok
CHEMBL1909289	XENAZOIC ACID	4		Small molecule	0	0	0	0	0			0		CCOC(Nc1ccc(C(=O)O)cc1)C(=O)c1ccc(-c2ccccc2)cc1			4.71	4	2	75.63	8			28	3	CCOC(Nc1ccc(C(=O)O)cc1)C(=O)c1ccc(-c2ccccc2)cc1	ok
CHEMBL1909324	PINAVERIUM	4		Small molecule	0	0	0	1	0			0		COc1cc(Br)c(C[N+]2(CCOCCC3CCC4CC3C4(C)C)CCOCC2)cc1OC			5.29	4	0	36.92	10			32	1	COc1cc(Br)c(C[N+]2(CCOCCC3CCC4CC3C4(C)C)CCOCC2)cc1OC	ok
CHEMBL191	LOSARTAN	4	1995	Small molecule	1	0	0	1	0			0		CCCCc1nc(Cl)c(CO)n1Cc1ccc(-c2ccccc2-c2nnn[nH]2)cc1			4.27	6	2	92.51	8			30	4	CCCCc1nc(Cl)c(CO)n1Cc1ccc(-c2ccccc2-c2nnn[nH]2)cc1	ok
CHEMBL191083	METHYLENE BLUE CATION	4	2011	Small molecule	0	1	0	1	1			0		CN(C)c1ccc2nc3ccc(=[N+](C)C)cc-3sc2c1			2.5	3	0	19.14	1			20	1	CN(C)c1ccc2nc3ccc(=[N+](C)C)cc-3sc2c1	ok
CHEMBL191413	REPARIXIN	3		Small molecule	0	0	0	1	0			0		CC(C)Cc1ccc([C@@H](C)C(=O)NS(C)(=O)=O)cc1			2.06	3	1	63.24	5			19	1	CC(C)Cc1ccc([C@@H](C)C(=O)NS(C)(=O)=O)cc1	ok
CHEMBL192	SILDENAFIL	4	1998	Small molecule	1	1	0	1	0			0		CCCc1nn(C)c2c(=O)[nH]c(-c3cc(S(=O)(=O)N4CCN(C)CC4)ccc3OCC)nc12			1.61	8	1	113.42	7			33	3	CCCc1nn(C)c2c(=O)[nH]c(-c3cc(S(=O)(=O)N4CCN(C)CC4)ccc3OCC)nc12	RISK
CHEMBL1921847	ATICAPRANT	3		Small molecule	0	0	0	0	0			0		Cc1cc(C)cc([C@@H]2CCCN2Cc2ccc(Oc3ccc(C(N)=O)cc3F)cc2)c1			5.67	3	1	55.56	6			31	3	Cc1cc(C)cc([C@@H]2CCCN2Cc2ccc(Oc3ccc(C(N)=O)cc3F)cc2)c1	ok
CHEMBL1921976	ORTERONEL	3		Small molecule	0	0	0	1	0			0		CNC(=O)c1ccc2cc([C@@]3(O)CCn4cncc43)ccc2c1			2.04	4	2	67.15	2			23	3	CNC(=O)c1ccc2cc([C@@]3(O)CCn4cncc43)ccc2c1	ok
CHEMBL1922235	DAREXABAN	3		Small molecule	0	0	0	1	0			0		COc1ccc(C(=O)Nc2cccc(O)c2NC(=O)c2ccc(N3CCCN(C)CC3)cc2)cc1			4.05	6	3	94.14	6			35	3	COc1ccc(C(=O)Nc2cccc(O)c2NC(=O)c2ccc(N3CCCN(C)CC3)cc2)cc1	ok
CHEMBL19224	PAPAVERINE	3		Small molecule	0	0	0	1	0			0		COc1ccc(Cc2nccc3cc(OC)c(OC)cc23)cc1OC			3.86	5	0	49.81	6			25	3	COc1ccc(Cc2nccc3cc(OC)c(OC)cc23)cc1OC	RISK
CHEMBL1922660	FIBOFLAPON	3		Small molecule	0	0	0	1	0			0		CCOc1ccc(-c2ccc(Cn3c(CC(C)(C)C(=O)O)c(SC(C)(C)C)c4cc(OCc5ccc(C)cn5)ccc43)cc2)cn1			8.98	7	1	86.47	12			46	5	CCOc1ccc(-c2ccc(Cn3c(CC(C)(C)C(=O)O)c(SC(C)(C)C)c4cc(OCc5ccc(C)cn5)ccc43)cc2)cn1	ok
CHEMBL1922673	FIBOFLAPON SODIUM	3		Small molecule	0	0	0	0	0			0		CCOc1ccc(-c2ccc(Cn3c(CC(C)(C)C(=O)[O-])c(SC(C)(C)C)c4cc(OCc5ccc(C)cn5)ccc43)cc2)cn1.[Na+]			8.98	7	1	86.47	12			46	5	CCOc1ccc(-c2ccc(Cn3c(CC(C)(C)C(=O)[O-])c(SC(C)(C)C)c4cc(OCc5ccc(C)cn5)ccc43)cc2)cn1	ok
CHEMBL19236	MOXONIDINE	4	1991	Small molecule	1	0	0	1	0			0		COc1nc(C)nc(Cl)c1NC1=NCCN1			0.82	6	2	71.43	2			16	1	COc1nc(C)nc(Cl)c1NC1=NCCN1	ok
CHEMBL1929396	ANAGLIPTIN	4		Small molecule	1	0	0	1	0			0		Cc1cc2ncc(C(=O)NCC(C)(C)NCC(=O)N3CCC[C@H]3C#N)cn2n1			0.65	7	2	115.42	6			28	2	Cc1cc2ncc(C(=O)NCC(C)(C)NCC(=O)N3CCC[C@H]3C#N)cn2n1	ok
CHEMBL19299	LOXOPROFEN	4		Small molecule	1	0	0	1	1			0		CC(C(=O)O)c1ccc(CC2CCCC2=O)cc1			2.79	2	1	54.37	4			18	1	CC(C(=O)O)c1ccc(CC2CCCC2=O)cc1	ok
CHEMBL193	NIFEDIPINE	4	1981	Small molecule	1	0	0	1	0			0		COC(=O)C1=C(C)NC(C)=C(C(=O)OC)C1c1ccccc1[N+](=O)[O-]			2.18	7	1	107.77	4			25	1	COC(=O)C1=C(C)NC(C)=C(C(=O)OC)C1c1ccccc1[N+](=O)[O-]	ok
CHEMBL193240	ROFLUMILAST	4	2010	Small molecule	1	0	1	0	0			0		O=C(Nc1c(Cl)cncc1Cl)c1ccc(OC(F)F)c(OCC2CC2)c1			5.03	4	1	60.45	7			26	2	O=C(Nc1c(Cl)cncc1Cl)c1ccc(OC(F)F)c(OCC2CC2)c1	ok
CHEMBL193482	ESTRIOL	4	2000	Small molecule	0	0	1	1	0			1		C[C@]12CC[C@@H]3c4ccc(O)cc4CC[C@H]3[C@@H]1C[C@@H](O)[C@@H]2O			2.58	3	3	60.69	0			21	1	C[C@]12CC[C@@H]3c4ccc(O)cc4CC[C@H]3[C@@H]1C[C@@H](O)[C@@H]2O	ok
CHEMBL19393	LEVAMFETAMINE	4		Small molecule	0	0	0	1	0			0		C[C@@H](N)Cc1ccccc1			1.58	1	1	26.02	2			10	1	C[C@@H](N)Cc1ccccc1	ok
CHEMBL194378	PSILOCYBIN	3		Small molecule	0	0	0	1	1			0		CN(C)CCc1c[nH]c2cccc(OP(=O)(O)O)c12			1.74	3	3	85.79	5			19	2	CN(C)CCc1c[nH]c2cccc(OP(=O)(O)O)c12	ok
CHEMBL19449	IBUDILAST	4	1989	Small molecule	1	0	0	1	0			0		CC(C)C(=O)c1c(C(C)C)nn2ccccc12			3.3	3	0	34.37	3			17	2	CC(C)C(=O)c1c(C(C)C)nn2ccccc12	ok
CHEMBL1945778	IOFLUPANE	4	2000	Small molecule	0	1	0	0	0			0		COC(=O)[C@H]1[C@@H](c2ccc(I)cc2)C[C@@H]2CC[C@H]1N2CCCF			3.76	3	0	29.54	5			23	1	COC(=O)[C@H]1[C@@H](c2ccc(I)cc2)C[C@@H]2CC[C@H]1N2CCCF	ok
CHEMBL1946170	REGORAFENIB	4	2012	Small molecule	1	0	0	0	0			0		CNC(=O)c1cc(Oc2ccc(NC(=O)Nc3ccc(Cl)c(C(F)(F)F)c3)c(F)c2)ccn1			5.69	4	3	92.35	5			33	3	CNC(=O)c1cc(Oc2ccc(NC(=O)Nc3ccc(Cl)c(C(F)(F)F)c3)c(F)c2)ccn1	ok
CHEMBL19490	ZOMEPIRAC	4	1980	Small molecule	0	0	0	1	0			0		Cc1cc(CC(=O)O)n(C)c1C(=O)c1ccc(Cl)cc1			2.85	3	1	59.3	4			20	2	Cc1cc(CC(=O)O)n(C)c1C(=O)c1ccc(Cl)cc1	ok
CHEMBL1949708	RELMAPIRAZIN	3		Small molecule	0	0	0	0	0			0		Nc1nc(C(=O)N[C@H](CO)C(=O)O)c(N)nc1C(=O)N[C@H](CO)C(=O)O			-4.01	10	8	251.08	8			26	1	Nc1nc(C(=O)N[C@H](CO)C(=O)O)c(N)nc1C(=O)N[C@H](CO)C(=O)O	ok
CHEMBL1950045	HYDROXYTYROSOL	3		Small molecule	0	0	0	1	0			0		OCCc1ccc(O)c(O)c1			0.63	3	3	60.69	2			11	1	OCCc1ccc(O)c(O)c1	ok
CHEMBL1950554	BINODENOSON	3		Small molecule	0	0	0	1	0			0		Nc1nc(N/N=C/C2CCCCC2)nc2c1ncn2[C@@H]1O[C@H](CO)[C@@H](O)[C@H]1O			0	11	5	163.93	5			28	2	Nc1nc(N/N=C/C2CCCCC2)nc2c1ncn2[C@@H]1O[C@H](CO)[C@@H](O)[C@H]1O	ok
CHEMBL1950576	DIHYDROSTREPTOMYCIN	4		Small molecule	0	0	0	1	0			0		CN[C@@H]1[C@H](O[C@H]2[C@H](O[C@H]3[C@H](O)[C@@H](O)[C@H](NC(=N)N)[C@@H](O)[C@@H]3NC(=N)N)O[C@@H](C)[C@]2(O)CO)O[C@@H](CO)[C@H](O)[C@H]1O			-7.95	15	15	334.59	9			40	0	CN[C@@H]1[C@H](O[C@H]2[C@H](O[C@H]3[C@H](O)[C@@H](O)[C@H](NC(=N)N)[C@@H](O)[C@@H]3NC(=N)N)O[C@@H](C)[C@]2(O)CO)O[C@@H](CO)[C@H](O)[C@H]1O	ok
CHEMBL1950649	APADENOSON	3		Small molecule	0	0	0	1	0			0		CCNC(=O)[C@H]1O[C@@H](n2cnc3c(N)nc(C#CC[C@H]4CC[C@H](C(=O)OC)CC4)nc32)[C@H](O)[C@@H]1O			-0.12	11	4	174.71	5			35	2	CCNC(=O)[C@H]1O[C@@H](n2cnc3c(N)nc(C#CC[C@H]4CC[C@H](C(=O)OC)CC4)nc32)[C@H](O)[C@@H]1O	ok
CHEMBL1951095	ERAVACYCLINE	4	2018	Small molecule	0	1	0	0	0			0		CN(C)[C@@H]1C(O)=C(C(N)=O)C(=O)[C@@]2(O)C(O)=C3C(=O)c4c(O)c(NC(=O)CN5CCCC5)cc(F)c4C[C@H]3C[C@@H]12			0.29	10	6	193.73	5			40	1	CN(C)[C@@H]1C(O)=C(C(N)=O)C(=O)[C@@]2(O)C(O)=C3C(=O)c4c(O)c(NC(=O)CN5CCCC5)cc(F)c4C[C@H]3C[C@@H]12	ok
CHEMBL1951143	FIMASARTAN	3		Small molecule	0	0	0	1	0			0		CCCCc1nc(C)c(CC(=S)N(C)C)c(=O)n1Cc1ccc(-c2ccccc2-c2nnn[nH]2)cc1			4.22	7	1	92.59	9			36	4	CCCCc1nc(C)c(CC(=S)N(C)C)c(=O)n1Cc1ccc(-c2ccccc2-c2nnn[nH]2)cc1	ok
CHEMBL195560	ISOPHENOXODIOL	3		Small molecule	0	0	0	0	0			0		Oc1ccc(C2=COc3cc(O)ccc3C2)cc1			3.07	3	2	49.69	1			18	2	Oc1ccc(C2=COc3cc(O)ccc3C2)cc1	ok
CHEMBL196	ASCORBIC ACID	4	1985	Small molecule	1	1	0	1	0			0		O=C1O[C@H]([C@@H](O)CO)C(O)=C1O			-1.41	6	4	107.22	2			12	0	O=C1O[C@H]([C@@H](O)CO)C(O)=C1O	ok
CHEMBL19612	SPERMIDINE	3		Small molecule	0	0	0	1	0			0		NCCCCNCCCN			-0.34	3	3	64.07	7			10	0	NCCCCNCCCN	ok
CHEMBL1963249	ULIMORELIN	3		Small molecule	0	0	0	0	0			0		C[C@@H]1CN[C@@H](C2CC2)C(=O)N(C)[C@H](C)C(=O)N[C@H](Cc2ccc(F)cc2)C(=O)NCCCc2ccccc2O1			2.6	5	3	99.77	3			39	2	C[C@@H]1CN[C@@H](C2CC2)C(=O)N(C)[C@H](C)C(=O)N[C@H](Cc2ccc(F)cc2)C(=O)NCCCc2ccccc2O1	ok
CHEMBL1963681	AVANAFIL	4	2011	Small molecule	1	0	0	1	0			0		COc1ccc(CNc2nc(N3CCC[C@H]3CO)ncc2C(=O)NCc2ncccn2)cc1Cl			2.43	9	3	125.39	9			34	3	COc1ccc(CNc2nc(N3CCC[C@H]3CO)ncc2C(=O)NCc2ncccn2)cc1Cl	ok
CHEMBL1963683	TAFLUPROST	4	2012	Small molecule	0	0	1	0	1			0		CC(C)OC(=O)CCC/C=C\C[C@@H]1[C@@H](/C=C/C(F)(F)COc2ccccc2)[C@H](O)C[C@@H]1O			4.68	5	2	75.99	12			32	1	CC(C)OC(=O)CCC/C=C\C[C@@H]1[C@@H](/C=C/C(F)(F)COc2ccccc2)[C@H](O)C[C@@H]1O	ok
CHEMBL197084	TROFINETIDE	4	2023	Small molecule	1	0	0	0	0			0		C[C@@]1(C(=O)N[C@@H](CCC(=O)O)C(=O)O)CCCN1C(=O)CN			-1.24	5	4	150.03	7			22	0	C[C@@]1(C(=O)N[C@@H](CCC(=O)O)C(=O)O)CCCN1C(=O)CN	ok
CHEMBL197194	VIDOFLUDIMUS	3		Small molecule	0	0	0	0	0			0		COc1cccc(-c2ccc(NC(=O)C3=C(C(=O)O)CCC3)c(F)c2)c1			4	3	2	75.63	5			26	2	COc1cccc(-c2ccc(NC(=O)C3=C(C(=O)O)CCC3)c(F)c2)c1	ok
CHEMBL1972860	ELESCLOMOL	3		Small molecule	0	0	0	1	0			0		CN(NC(=O)CC(=O)NN(C)C(=S)c1ccccc1)C(=S)c1ccccc1			2.05	4	2	64.68	4			27	2	CN(NC(=O)CC(=O)NN(C)C(=S)c1ccccc1)C(=S)c1ccccc1	ok
CHEMBL1977579	STREPTOZOCIN	4	1982	Small molecule	0	1	0	1	0			0		CN(N=O)C(=O)N[C@@H](C=O)[C@@H](O)[C@H](O)[C@H](O)CO			-3.05	8	5	159.76	7			18	0	CN(N=O)C(=O)N[C@@H](C=O)[C@@H](O)[C@H](O)[C@H](O)CO	ok
CHEMBL1980825	ANTINEOPLASTON A10	3		Small molecule	0	0	0	1	0			0		O=C1CC[C@H](NC(=O)Cc2ccccc2)C(=O)N1			0.15	3	2	75.27	3			18	1	O=C1CC[C@H](NC(=O)Cc2ccccc2)C(=O)N1	ok
CHEMBL1983268	ENTRECTINIB	4	2019	Small molecule	1	0	0	0	0			0		CN1CCN(c2ccc(C(=O)Nc3n[nH]c4ccc(Cc5cc(F)cc(F)c5)cc34)c(NC3CCOCC3)c2)CC1			5.03	6	3	85.52	7			41	4	CN1CCN(c2ccc(C(=O)Nc3n[nH]c4ccc(Cc5cc(F)cc(F)c5)cc34)c(NC3CCOCC3)c2)CC1	ok
CHEMBL1983350	STIRIPENTOL	4	2007	Small molecule	1	0	0	1	0			0		CC(C)(C)C(O)/C=C/c1ccc2c(c1)OCO2			2.84	3	1	38.69	2			17	1	CC(C)(C)C(O)/C=C/c1ccc2c(c1)OCO2	ok
CHEMBL198362	RIVAROXABAN	4	2008	Small molecule	1	0	0	1	0			0		O=C(NC[C@H]1CN(c2ccc(N3CCOCC3=O)cc2)C(=O)O1)c1ccc(Cl)s1			2.52	6	1	88.18	5			29	2	O=C(NC[C@H]1CN(c2ccc(N3CCOCC3=O)cc2)C(=O)O1)c1ccc(Cl)s1	ok
CHEMBL1998966	PIFOXIME	4		Small molecule	0	0	0	0	0			0		C/C(=N\O)c1ccc(OCC(=O)N2CCCCC2)cc1			2.28	4	1	62.13	4			20	1	C/C(=N\O)c1ccc(OCC(=O)N2CCCCC2)cc1	ok
CHEMBL2	PRAZOSIN	4	1976	Small molecule	1	0	0	1	0			0		COc1cc2nc(N3CCN(C(=O)c4ccco4)CC3)nc(N)c2cc1OC			1.78	8	1	106.95	4			28	3	COc1cc2nc(N3CCN(C(=O)c4ccco4)CC3)nc(N)c2cc1OC	RISK
CHEMBL20	ACETAZOLAMIDE	4	1953	Small molecule	1	1	0	1	0			0		CC(=O)Nc1nnc(S(N)(=O)=O)s1			-0.86	6	2	115.04	2			13	1	CC(=O)Nc1nnc(S(N)(=O)=O)s1	ok
CHEMBL2005186	BELUMOSUDIL	4	2021	Small molecule	1	0	0	0	0			0		CC(C)NC(=O)COc1cccc(-c2nc(Nc3ccc4[nH]ncc4c3)c3ccccc3n2)c1			4.82	6	3	104.82	7			34	5	CC(C)NC(=O)COc1cccc(-c2nc(Nc3ccc4[nH]ncc4c3)c3ccccc3n2)c1	ok
CHEMBL2009034	2,2'-DITHIODIETHANESULFONIC ACID	3		Small molecule	0	0	0	1	0			0		O=S(=O)(O)CCSSCCS(=O)(=O)O			0.14	6	2	108.74	7			14	0	O=S(=O)(O)CCSSCCS(=O)(=O)O	ok
CHEMBL2010601	IVACAFTOR	4	2012	Small molecule	1	0	0	1	0			0		CC(C)(C)c1cc(C(C)(C)C)c(NC(=O)c2c[nH]c3ccccc3c2=O)cc1O			5.08	3	3	82.19	2			29	3	CC(C)(C)c1cc(C(C)(C)C)c(NC(=O)c2c[nH]c3ccccc3c2=O)cc1O	ok
CHEMBL2013119	RIGOSERTIB SODIUM	3		Small molecule	0	0	0	0	0			0		COc1cc(OC)c(/C=C/S(=O)(=O)Cc2ccc(OC)c(NCC(=O)[O-])c2)c(OC)c1.[Na+]			2.8	8	2	120.39	11			31	2	COc1cc(OC)c(/C=C/S(=O)(=O)Cc2ccc(OC)c(NCC(=O)[O-])c2)c(OC)c1	ok
CHEMBL2017179	EVACETRAPIB	3		Small molecule	0	0	0	0	0			0		Cc1cc(C)c2c(c1)[C@@H](N(Cc1cc(C(F)(F)F)cc(C(F)(F)F)c1)c1nnn(C)n1)CCCN2C[C@H]1CC[C@H](C(=O)O)CC1			7.1	7	1	87.38	7			45	3	Cc1cc(C)c2c(c1)[C@@H](N(Cc1cc(C(F)(F)F)cc(C(F)(F)F)c1)c1nnn(C)n1)CCCN2C[C@H]1CC[C@H](C(=O)O)CC1	ok
CHEMBL2017974	BUPARLISIB	3		Small molecule	0	0	0	0	0			0		Nc1cc(C(F)(F)F)c(-c2cc(N3CCOCC3)nc(N3CCOCC3)n2)cn1			1.81	8	1	89.63	3			29	2	Nc1cc(C(F)(F)F)c(-c2cc(N3CCOCC3)nc(N3CCOCC3)n2)cn1	ok
CHEMBL2018096	IPRAGLIFLOZIN	4	2013	Small molecule	1	0	0	0	0			0		OC[C@H]1O[C@@H](c2ccc(F)c(Cc3cc4ccccc4s3)c2)[C@H](O)[C@@H](O)[C@@H]1O			2.15	6	4	90.15	4			28	3	OC[C@H]1O[C@@H](c2ccc(F)c(Cc3cc4ccccc4s3)c2)[C@H](O)[C@@H](O)[C@@H]1O	ok
CHEMBL201960	PYROVALERONE	4		Small molecule	0	0	0	0	0			0		CCCC(C(=O)c1ccc(C)cc1)N1CCCC1			3.44	2	0	20.31	5			18	1	CCCC(C(=O)c1ccc(C)cc1)N1CCCC1	ok
CHEMBL2021422	FOSPROPOFOL DISODIUM	4	2008	Small molecule	0	1	0	0	1			0		CC(C)c1cccc(C(C)C)c1OCOP(=O)([O-])[O-].[Na+].[Na+]			3.38	3	2	75.99	6			19	1	CC(C)c1cccc(C(C)C)c1OCOP(=O)([O-])[O-]	ok
CHEMBL2021430	DEXAMETHASONE SODIUM PHOSPHATE	4	1959	Small molecule	0	1	1	0	1			0		C[C@@H]1C[C@H]2[C@@H]3CCC4=CC(=O)C=C[C@]4(C)[C@@]3(F)[C@@H](O)C[C@]2(C)[C@@]1(O)C(=O)COP(=O)([O-])[O-].[Na+].[Na+]			2.01	6	4	141.36	4			32	0	C[C@@H]1C[C@H]2[C@@H]3CCC4=CC(=O)C=C[C@]4(C)[C@@]3(F)[C@@H](O)C[C@]2(C)[C@@]1(O)C(=O)COP(=O)([O-])[O-]	ok
CHEMBL2023898	DACLATASVIR	4	2014	Small molecule	1	0	0	1	0			0		COC(=O)N[C@H](C(=O)N1CCC[C@H]1c1ncc(-c2ccc(-c3ccc(-c4cnc([C@@H]5CCCN5C(=O)[C@@H](NC(=O)OC)C(C)C)[nH]4)cc3)cc2)[nH]1)C(C)C			6.22	8	4	174.64	11			54	4	COC(=O)N[C@H](C(=O)N1CCC[C@H]1c1ncc(-c2ccc(-c3ccc(-c4cnc([C@@H]5CCCN5C(=O)[C@@H](NC(=O)OC)C(C)C)[nH]4)cc3)cc2)[nH]1)C(C)C	ok
CHEMBL2028019	CARIPRAZINE	4	2015	Small molecule	1	0	0	1	0			0		CN(C)C(=O)N[C@H]1CC[C@H](CCN2CCN(c3cccc(Cl)c3Cl)CC2)CC1			4.34	3	1	38.82	5			28	1	CN(C)C(=O)N[C@H]1CC[C@H](CCN2CCN(c3cccc(Cl)c3Cl)CC2)CC1	ok
CHEMBL2028661	AZILSARTAN MEDOXOMIL	4	2011	Small molecule	1	0	0	1	1			0		CCOc1nc2cccc(C(=O)OCc3oc(=O)oc3C)c2n1Cc1ccc(-c2ccccc2-c2noc(=O)[nH]2)cc1			4.71	11	1	155.59	9			42	6	CCOc1nc2cccc(C(=O)OCc3oc(=O)oc3C)c2n1Cc1ccc(-c2ccccc2-c2noc(=O)[nH]2)cc1	ok
CHEMBL2028663	DABRAFENIB	4	2013	Small molecule	1	0	0	0	0			0		CC(C)(C)c1nc(-c2cccc(NS(=O)(=O)c3c(F)cccc3F)c2F)c(-c2ccnc(N)n2)s1			5.36	7	2	110.86	5			35	4	CC(C)(C)c1nc(-c2cccc(NS(=O)(=O)c3c(F)cccc3F)c2F)c(-c2ccnc(N)n2)s1	ok
CHEMBL2030434	FLUDEOXYGLUCOSE F 18	4	1994	Small molecule	0	1	0	0	0			0		OC[C@H]1OC(O)[C@H]([18F])[C@@H](O)[C@@H]1O			-2.24	5	4	90.15	1			12	0	OC[C@H]1OC(O)[C@H]([18F])[C@@H](O)[C@@H]1O	ok
CHEMBL203125	FOSMIDOMYCIN	3		Small molecule	0	0	0	1	0			0		O=CN(O)CCCP(=O)(O)O			-0.6	3	3	98.07	5			11	0	O=CN(O)CCCP(=O)(O)O	ok
CHEMBL203266	TRIMETAZIDINE	4		Small molecule	0	0	0	1	0			0		COc1ccc(CN2CCNCC2)c(OC)c1OC			1.12	5	1	42.96	5			19	1	COc1ccc(CN2CCNCC2)c(OC)c1OC	ok
CHEMBL203321	BRINCIDOFOVIR	4	2021	Small molecule	1	0	0	1	1			0		CCCCCCCCCCCCCCCCOCCCOP(=O)(O)CO[C@H](CO)Cn1ccc(N)nc1=O			5.25	9	3	146.13	26			38	1	CCCCCCCCCCCCCCCCOCCCOP(=O)(O)CO[C@H](CO)Cn1ccc(N)nc1=O	ok
CHEMBL2035187	PACRITINIB	4	2022	Small molecule	1	0	0	1	0			0		C1=N/C2=N/c3ccc(OCCN4CCCC4)c(c3)COC/C=C/COCc3cccc(c3)C(=C1)N2			4.47	7	1	67.68	4			35	2	C1=N/C2=N/c3ccc(OCCN4CCCC4)c(c3)COC/C=C/COCc3cccc(c3)C(=C1)N2	ok
CHEMBL2035874	EPROTIROME	3		Small molecule	0	0	0	1	0			0		CC(C)c1cc(Oc2c(Br)cc(NC(=O)CC(=O)O)cc2Br)ccc1O			5.25	4	3	95.86	6			26	2	CC(C)c1cc(Oc2c(Br)cc(NC(=O)CC(=O)O)cc2Br)ccc1O	ok
CHEMBL204021	DARAPLADIB	3		Small molecule	0	0	0	0	0			0		CCN(CC)CCN(Cc1ccc(-c2ccc(C(F)(F)F)cc2)cc1)C(=O)Cn1c(SCc2ccc(F)cc2)nc(=O)c2c1CCC2			7.22	6	0	58.44	13			47	4	CCN(CC)CCN(Cc1ccc(-c2ccc(C(F)(F)F)cc2)cc1)C(=O)Cn1c(SCc2ccc(F)cc2)nc(=O)c2c1CCC2	ok
CHEMBL2040682	CICLESONIDE	4	2006	Small molecule	0	0	1	1	1			1		CC(C)C(=O)OCC(=O)[C@@]12O[C@H](C3CCCCC3)O[C@@H]1C[C@H]1[C@@H]3CCC4=CC(=O)C=C[C@]4(C)[C@H]3[C@@H](O)C[C@@]12C			4.7	7	1	99.13	5			39	0	CC(C)C(=O)OCC(=O)[C@@]12O[C@H](C3CCCCC3)O[C@@H]1C[C@H]1[C@@H]3CCC4=CC(=O)C=C[C@]4(C)[C@H]3[C@@H](O)C[C@@]12C	ok
CHEMBL2042122	FLUTEMETAMOL F 18	4	2013	Small molecule	0	1	0	0	0			0		CNc1ccc(-c2nc3ccc(O)cc3s2)cc1[18F]			3.85	4	2	45.15	2			19	3	CNc1ccc(-c2nc3ccc(O)cc3s2)cc1[18F]	ok
CHEMBL2043437	GLASDEGIB	4	2018	Small molecule	1	0	0	1	0			0		CN1CC[C@@H](NC(=O)Nc2ccc(C#N)cc2)C[C@@H]1c1nc2ccccc2[nH]1			3.39	4	3	96.84	3			28	3	CN1CC[C@@H](NC(=O)Nc2ccc(C#N)cc2)C[C@@H]1c1nc2ccccc2[nH]1	ok
CHEMBL204656	ELVITEGRAVIR	4	2012	Small molecule	1	0	0	0	0			0		COc1cc2c(cc1Cc1cccc(Cl)c1F)c(=O)c(C(=O)O)cn2[C@H](CO)C(C)C			4.28	5	2	88.76	7			31	3	COc1cc2c(cc1Cc1cccc(Cl)c1F)c(=O)c(C(=O)O)cn2[C@H](CO)C(C)C	ok
CHEMBL2048028	LIFITEGRAST	4	2016	Small molecule	0	0	1	1	0			0		CS(=O)(=O)c1cccc(C[C@H](NC(=O)c2c(Cl)cc3c(c2Cl)CCN(C(=O)c2ccc4ccoc4c2)C3)C(=O)O)c1			4.77	6	2	133.99	7			41	4	CS(=O)(=O)c1cccc(C[C@H](NC(=O)c2c(Cl)cc3c(c2Cl)CCN(C(=O)c2ccc4ccoc4c2)C3)C(=O)O)c1	ok
CHEMBL2048308	FLUTAFURANOL	3		Small molecule	0	0	0	0	0			0		CNc1ccc(-c2cc3cc(O)ccc3o2)c(F)n1			3.38	4	2	58.29	2			19	3	CNc1ccc(-c2cc3cc(O)ccc3o2)c(F)n1	ok
CHEMBL2048484	CANAGLIFLOZIN ANHYDROUS	4	2011	Small molecule	1	0	0	0	0			0		Cc1ccc([C@@H]2O[C@H](CO)[C@@H](O)[C@H](O)[C@H]2O)cc1Cc1ccc(-c2ccc(F)cc2)s1			2.97	6	4	90.15	5			31	3	Cc1ccc([C@@H]2O[C@H](CO)[C@@H](O)[C@H](O)[C@H]2O)cc1Cc1ccc(-c2ccc(F)cc2)s1	ok
CHEMBL2051955	LEVOSIMENDAN	3		Small molecule	0	0	0	1	0			0		C[C@@H]1CC(=O)NN=C1c1ccc(NN=C(C#N)C#N)cc1			1.36	6	2	113.43	3			21	1	C[C@@H]1CC(=O)NN=C1c1ccc(NN=C(C#N)C#N)cc1	ok
CHEMBL205596	CHOLIC ACID	4	2013	Small molecule	1	0	0	1	0			0		C[C@H](CCC(=O)O)[C@H]1CC[C@H]2[C@@H]3[C@H](O)C[C@@H]4C[C@H](O)CC[C@]4(C)[C@H]3C[C@H](O)[C@]12C			3.45	4	4	97.99	4			29	0	C[C@H](CCC(=O)O)[C@H]1CC[C@H]2[C@@H]3[C@H](O)C[C@@H]4C[C@H](O)CC[C@]4(C)[C@H]3C[C@H](O)[C@]12C	ok
CHEMBL206253	NETUPITANT	4	2014	Small molecule	1	0	0	0	0			0		Cc1ccccc1-c1cc(N2CCN(C)CC2)ncc1N(C)C(=O)C(C)(C)c1cc(C(F)(F)F)cc(C(F)(F)F)c1			6.79	4	0	39.68	5			41	3	Cc1ccccc1-c1cc(N2CCN(C)CC2)ncc1N(C)C(=O)C(C)(C)c1cc(C(F)(F)F)cc(C(F)(F)F)c1	ok
CHEMBL2063090	GRAZOPREVIR ANHYDROUS	4	2016	Small molecule	1	0	0	1	0			0		C=C[C@@H]1C[C@]1(NC(=O)[C@@H]1C[C@@H]2CN1C(=O)[C@H](C(C)(C)C)NC(=O)O[C@@H]1C[C@H]1CCCCCc1nc3ccc(OC)cc3nc1O2)C(=O)NS(=O)(=O)C1CC1			3.3	11	3	195.22	7			54	2	C=C[C@@H]1C[C@]1(NC(=O)[C@@H]1C[C@@H]2CN1C(=O)[C@H](C(C)(C)C)NC(=O)O[C@@H]1C[C@H]1CCCCCc1nc3ccc(OC)cc3nc1O2)C(=O)NS(=O)(=O)C1CC1	ok
CHEMBL2068724	ACAMPROSATE CALCIUM	4	2004	Small molecule	1	0	0	0	0			0		CC(=O)NCCCS(=O)(=O)[O-].CC(=O)NCCCS(=O)(=O)[O-].[Ca+2]			-0.6	3	2	83.47	4			11	0	CC(=O)NCCCS(=O)(=O)[O-]	ok
CHEMBL2068864	FLUDEOXYGLUCOSE	4	1994	Small molecule	0	1	0	0	0			0		OC[C@H]1OC(O)[C@H](F)[C@@H](O)[C@@H]1O			-2.24	5	4	90.15	1			12	0	OC[C@H]1OC(O)[C@H](F)[C@@H](O)[C@@H]1O	ok
CHEMBL2068884	SODIUM GLUCONATE	4	1982	Small molecule	0	1	0	1	0			0		O=C([O-])[C@H]1O[C@H](O)[C@H](O)[C@@H](O)[C@@H]1O.[Na+]												O=C([O-])[C@H]1O[C@H](O)[C@H](O)[C@@H](O)[C@@H]1O	ok
CHEMBL2074655	TETRAHYDROFOLATE	3		Small molecule	0	0	0	1	0			0		Nc1nc(=O)c2c([nH]1)NC[C@@H](CNc1ccc(C(=O)N[C@@H](CCC(=O)O)C(=O)O)cc1)N2			-0.28	9	8	211.56	9			32	2	Nc1nc(=O)c2c([nH]1)NC[C@@H](CNc1ccc(C(=O)N[C@@H](CCC(=O)O)C(=O)O)cc1)N2	ok
CHEMBL2074972	BENIDIPINE	3		Small molecule	0	0	0	1	0			0		COC(=O)C1=C(C)NC(C)=C(C(=O)OC2CCCN(Cc3ccccc3)C2)C1c1cccc([N+](=O)[O-])c1			4.21	8	1	111.01	7			37	2	COC(=O)C1=C(C)NC(C)=C(C(=O)OC2CCCN(Cc3ccccc3)C2)C1c1cccc([N+](=O)[O-])c1	ok
CHEMBL207538	BREXANOLONE	4	2019	Small molecule	0	1	0	1	0			0		CC(=O)[C@H]1CC[C@H]2[C@@H]3CC[C@H]4C[C@H](O)CC[C@]4(C)[C@H]3CC[C@]12C			4.6	2	1	37.3	1			23	0	CC(=O)[C@H]1CC[C@H]2[C@@H]3CC[C@H]4C[C@H](O)CC[C@]4(C)[C@H]3CC[C@]12C	ok
CHEMBL2079130	VONOPRAZAN	4	2022	Small molecule	1	0	0	0	0			0		CNCc1cc(-c2ccccc2F)n(S(=O)(=O)c2cccnc2)c1			2.65	5	1	63.99	5			24	3	CNCc1cc(-c2ccccc2F)n(S(=O)(=O)c2cccnc2)c1	ok
CHEMBL2079587	STANOZOLOL	4	1962	Small molecule	1	0	0	1	0			0		C[C@]12Cc3c[nH]nc3C[C@@H]1CC[C@@H]1[C@@H]2CC[C@@]2(C)[C@H]1CC[C@]2(C)O			4.12	2	2	48.91	0			24	1	C[C@]12Cc3c[nH]nc3C[C@@H]1CC[C@@H]1[C@@H]2CC[C@@]2(C)[C@H]1CC[C@]2(C)O	ok
CHEMBL2079793	PENCICLOVIR SODIUM	4	1996	Small molecule	0	0	0	1	1			0		Nc1nc([O-])c2ncn(CCC(CO)CO)c2n1.[Na+]			-0.9	8	4	130.31	5			18	2	Nc1nc([O-])c2ncn(CCC(CO)CO)c2n1	ok
CHEMBL20835	ACECLIDINE	3		Small molecule	0	0	0	1	0			0		CC(=O)OC1CN2CCC1CC2			0.64	3	0	29.54	1			12	0	CC(=O)OC1CN2CCC1CC2	ok
CHEMBL2087003	CARISBAMATE	3		Small molecule	0	0	0	1	0			0		NC(=O)OC[C@@H](O)c1ccccc1Cl			1.47	3	2	72.55	3			14	1	NC(=O)OC[C@@H](O)c1ccccc1Cl	ok
CHEMBL2087361	ICOTINIB	3		Small molecule	0	0	0	1	0			0		C#Cc1cccc(Nc2ncnc3cc4c(cc23)OCCOCCOCCO4)c1			3.16	7	1	74.73	2			29	3	C#Cc1cccc(Nc2ncnc3cc4c(cc23)OCCOCCOCCO4)c1	ok
CHEMBL20883	TEGAFUR	4		Small molecule	0	0	0	0	1			0		O=c1[nH]c(=O)n(C2CCCO2)cc1F			-0.02	4	1	64.09	1			14	1	O=c1[nH]c(=O)n(C2CCCO2)cc1F	ok
CHEMBL2095207	CHOLINE C-11	4	2012	Small molecule	0	1	0	1	0			0		C[N+](C)([11CH3])CCO.[Cl-]			-0.32	1	1	20.23	2			7	0	C[N+](C)([11CH3])CCO	ok
CHEMBL2095208	COBICISTAT	4	2012	Small molecule	1	0	0	1	0			0		CC(C)c1nc(CN(C)C(=O)N[C@@H](CCN2CCOCC2)C(=O)N[C@H](CC[C@H](Cc2ccccc2)NC(=O)OCc2cncs2)Cc2ccccc2)cs1			6	10	3	138.02	19			54	4	CC(C)c1nc(CN(C)C(=O)N[C@@H](CCN2CCOCC2)C(=O)N[C@H](CC[C@H](Cc2ccccc2)NC(=O)OCc2cncs2)Cc2ccccc2)cs1	ok
CHEMBL2095209	ICOSAPENT ETHYL	4	2012	Small molecule	1	0	0	1	1			0		CC/C=C\C/C=C\C/C=C\C/C=C\C/C=C\CCCC(=O)OCC			6.47	2	0	26.3	14			24	0	CC/C=C\C/C=C\C/C=C\C/C=C\C/C=C\CCCC(=O)OCC	ok
CHEMBL2095212	MIRABEGRON	4	2012	Small molecule	1	0	0	1	0			0		Nc1nc(CC(=O)Nc2ccc(CCNC[C@H](O)c3ccccc3)cc2)cs1			2.77	6	4	100.27	9			28	3	Nc1nc(CC(=O)Nc2ccc(CCNC[C@H](O)c3ccccc3)cc2)cs1	ok
CHEMBL2096631	CLORAZEPATE DIPOTASSIUM	4	1972	Small molecule	1	0	0	0	0			0		O=C([O-])C1N=C(c2ccccc2)c2cc(Cl)ccc2NC1=O.[K+].[K+].[OH-]			2.58	3	2	78.76	2			22	2	O=C([O-])C1N=C(c2ccccc2)c2cc(Cl)ccc2NC1=O	ok
CHEMBL2096635	UREA C 14	4	1997	Small molecule	1	0	0	1	0			0		N[14C](N)=O			-0.98	1	2	69.11	0			4	0	N[14C](N)=O	ok
CHEMBL2096648	UREA C 13	4	1996	Small molecule	1	0	0	0	0			0		N[13C](N)=O			-0.98	1	2	69.11	0			4	0	N[13C](N)=O	ok
CHEMBL2096650	SODIUM THIOSULFATE	4	1992	Small molecule	0	1	0	0	0			0		O.O.O.O.O.O=S([O-])([O-])=S.[Na+].[Na+]			-0.32	2	2	57.53	0			5	0	O=S([O-])([O-])=S	ok
CHEMBL2096895	PRADEFOVIR	3		Small molecule	0	0	0	1	1			0		Nc1ncnc2c1ncn2CCOC[P@@]1(=O)OCC[C@@H](c2cccc(Cl)c2)O1			3.41	9	1	114.38	6			28	3	Nc1ncnc2c1ncn2CCOC[P@@]1(=O)OCC[C@@H](c2cccc(Cl)c2)O1	ok
CHEMBL209821	NALUZOTAN	3		Small molecule	0	0	0	1	0			0		CC(=O)Nc1cccc(N2CCN(CCCCNS(=O)(=O)CC3CCCCC3)CC2)c1			3.05	5	2	81.75	10			31	1	CC(=O)Nc1cccc(N2CCN(CCCCNS(=O)(=O)CC3CCCCC3)CC2)c1	RISK
CHEMBL21	SULFANILAMIDE	4	1985	Small molecule	0	0	1	0	0			0		Nc1ccc(S(N)(=O)=O)cc1			-0.08	3	2	86.18	1			11	1	Nc1ccc(S(N)(=O)=O)cc1	ok
CHEMBL2103736	FENOPROFEN CALCIUM	4	1976	Small molecule	1	0	0	0	0			0		CC(C(=O)[O-])c1cccc(Oc2ccccc2)c1.CC(C(=O)[O-])c1cccc(Oc2ccccc2)c1.O.O.[Ca+2]			3.67	2	1	46.53	4			18	2	CC(C(=O)[O-])c1cccc(Oc2ccccc2)c1	ok
CHEMBL2103741	LEVOTHYROXINE SODIUM	4	1982	Small molecule	1	1	0	1	0			0		N[C@@H](Cc1cc(I)c(Oc2cc(I)c(O)c(I)c2)c(I)c1)C(=O)[O-].O.[Na+]			4.56	4	3	92.78	5			24	2	N[C@@H](Cc1cc(I)c(Oc2cc(I)c(O)c(I)c2)c(I)c1)C(=O)[O-]	ok
CHEMBL2103772	RACECADOTRIL	4		Small molecule	0	0	0	1	1			0		CC(=O)SCC(Cc1ccccc1)C(=O)NCC(=O)OCc1ccccc1			2.98	5	1	72.47	9			27	2	CC(=O)SCC(Cc1ccccc1)C(=O)NCC(=O)OCc1ccccc1	ok
CHEMBL2103774	TIBOLONE	4		Small molecule	0	0	0	1	0			0		C#C[C@]1(O)CC[C@H]2[C@@H]3[C@H](C)CC4=C(CCC(=O)C4)[C@H]3CC[C@@]21C			3.88	2	1	37.3	0			23	0	C#C[C@]1(O)CC[C@H]2[C@@H]3[C@H](C)CC4=C(CCC(=O)C4)[C@H]3CC[C@@]21C	ok
CHEMBL2103795	AZILSARTAN KAMEDOXOMIL	4	2011	Small molecule	1	0	0	0	1			0		CCOc1nc2cccc(C(=O)OCc3oc(=O)oc3C)c2n1Cc1ccc(-c2ccccc2-c2noc(=O)[n-]2)cc1.[K+]			4.71	11	1	155.59	9			42	6	CCOc1nc2cccc(C(=O)OCc3oc(=O)oc3C)c2n1Cc1ccc(-c2ccccc2-c2noc(=O)[n-]2)cc1	ok
CHEMBL2103811	FOLITIXORIN CALCIUM	3		Small molecule	0	0	0	1	0			0		Nc1nc(=O)c2c([nH]1)NCC1CN(c3ccc(C(=O)N[C@@H](CCC(=O)[O-])C(=O)[O-])cc3)CN21.[Ca+2]			-0.52	9	6	193.98	7			33	2	Nc1nc(=O)c2c([nH]1)NCC1CN(c3ccc(C(=O)N[C@@H](CCC(=O)[O-])C(=O)[O-])cc3)CN21	ok
CHEMBL2103822	TASIMELTEON	4	2014	Small molecule	1	0	0	1	0			0		CCC(=O)NC[C@@H]1C[C@H]1c1cccc2c1CCO2			2.25	2	1	38.33	4			18	1	CCC(=O)NC[C@@H]1C[C@H]1c1cccc2c1CCO2	ok
CHEMBL2103823	TASISULAM SODIUM	3		Small molecule	0	0	0	0	0			0		O=C([N-]S(=O)(=O)c1ccc(Br)s1)c1ccc(Cl)cc1Cl.[Na+]			3.94	4	1	63.24	3			20	2	O=C([N-]S(=O)(=O)c1ccc(Br)s1)c1ccc(Cl)cc1Cl	ok
CHEMBL2103827	DROXIDOPA	4	2014	Small molecule	1	0	0	1	1			0		N[C@H](C(=O)O)[C@H](O)c1ccc(O)c(O)c1			-0.46	5	5	124.01	3			15	1	N[C@H](C(=O)O)[C@H](O)c1ccc(O)c(O)c1	ok
CHEMBL2103830	FOSTAMATINIB	4	2018	Small molecule	1	0	0	0	1			0		COc1cc(Nc2ncc(F)c(Nc3ccc4c(n3)N(COP(=O)(O)O)C(=O)C(C)(C)O4)n2)cc(OC)c1OC			3.09	12	4	186.72	10			40	3	COc1cc(Nc2ncc(F)c(Nc3ccc4c(n3)N(COP(=O)(O)O)C(=O)C(C)(C)O4)n2)cc(OC)c1OC	RISK
CHEMBL2103831	NAPROXCINOD	3		Small molecule	0	0	0	1	0			0		COc1ccc2cc([C@H](C)C(=O)OCCCCO[N+](=O)[O-])ccc2c1			3.48	6	0	87.9	9			25	2	COc1ccc2cc([C@H](C)C(=O)OCCCCO[N+](=O)[O-])ccc2c1	ok
CHEMBL2103832	PARDOPRUNOX	3		Small molecule	0	0	0	1	0			0		CN1CCN(c2cccc3[nH]c(=O)oc23)CC1			0.87	4	1	52.48	1			17	2	CN1CCN(c2cccc3[nH]c(=O)oc23)CC1	ok
CHEMBL2103836	IMAGABALIN	3		Small molecule	0	0	0	1	0			0		CCC[C@@H](C)C[C@H](N)CC(=O)O			1.61	2	2	63.32	6			12	0	CCC[C@@H](C)C[C@H](N)CC(=O)O	ok
CHEMBL2103837	TAFAMIDIS	4	2011	Small molecule	1	0	0	1	0			0		O=C(O)c1ccc2nc(-c3cc(Cl)cc(Cl)c3)oc2c1			4.5	3	1	63.33	2			20	3	O=C(O)c1ccc2nc(-c3cc(Cl)cc(Cl)c3)oc2c1	ok
CHEMBL2103839	RIDAFOROLIMUS	3		Small molecule	0	0	0	1	0			0		CO[C@H]1C[C@@H]2CC[C@@H](C)[C@@](O)(O2)C(=O)C(=O)N2CCCC[C@H]2C(=O)O[C@H]([C@H](C)C[C@@H]2CC[C@@H](OP(C)(C)=O)[C@H](OC)C2)CC(=O)[C@H](C)/C=C(\C)[C@@H](O)[C@@H](OC)C(=O)[C@H](C)C[C@H](C)/C=C/C=C/C=C/1C			7.74	14	2	201.5	8			69	0	CO[C@H]1C[C@@H]2CC[C@@H](C)[C@@](O)(O2)C(=O)C(=O)N2CCCC[C@H]2C(=O)O[C@H]([C@H](C)C[C@@H]2CC[C@@H](OP(C)(C)=O)[C@H](OC)C2)CC(=O)[C@H](C)/C=C(\C)[C@@H](O)[C@@H](OC)C(=O)[C@H](C)C[C@H](C)/C=C/C=C/C=C/1C	ok
CHEMBL2103840	DINACICLIB	3		Small molecule	0	0	0	1	0			0		CCc1cnn2c(NCc3ccc[n+]([O-])c3)cc(N3CCCC[C@H]3CCO)nc12			2.28	7	2	92.63	7			29	3	CCc1cnn2c(NCc3ccc[n+]([O-])c3)cc(N3CCCC[C@H]3CCO)nc12	ok
CHEMBL2103846	ULIPRISTAL	4		Small molecule	0	0	0	1	0			0		CC(=O)[C@@]1(O)CC[C@H]2[C@@H]3CCC4=CC(=O)CCC4=C3[C@@H](c3ccc(N(C)C)cc3)C[C@@]21C			4.97	4	1	57.61	3			32	1	CC(=O)[C@@]1(O)CC[C@H]2[C@@H]3CCC4=CC(=O)CCC4=C3[C@@H](c3ccc(N(C)C)cc3)C[C@@]21C	ok
CHEMBL2103849	UDENAFIL	3		Small molecule	0	0	0	1	0			0		CCCOc1ccc(S(=O)(=O)NCCC2CCCN2C)cc1-c1nc2c(CCC)nn(C)c2c(=O)[nH]1			2.83	8	2	122.21	11			36	3	CCCOc1ccc(S(=O)(=O)NCCC2CCCN2C)cc1-c1nc2c(CCC)nn(C)c2c(=O)[nH]1	ok
CHEMBL2103855	TELOTRISTAT	4		Small molecule	0	0	0	0	0			0		Cc1ccn(-c2cc(Cl)ccc2[C@@H](Oc2cc(-c3ccc(C[C@H](N)C(=O)O)cc3)nc(N)n2)C(F)(F)F)n1			4.51	8	3	142.17	8			38	4	Cc1ccn(-c2cc(Cl)ccc2[C@@H](Oc2cc(-c3ccc(C[C@H](N)C(=O)O)cc3)nc(N)n2)C(F)(F)F)n1	ok
CHEMBL2103857	EDIVOXETINE	3		Small molecule	0	0	0	0	0			0		COc1ccc(F)cc1C[C@@](O)(C1CCOCC1)[C@@H]1CNCCO1			1.52	5	2	59.95	5			24	1	COc1ccc(F)cc1C[C@@](O)(C1CCOCC1)[C@@H]1CNCCO1	ok
CHEMBL2103863	ABEXINOSTAT	3		Small molecule	0	0	0	1	0			0		CN(C)Cc1c(C(=O)NCCOc2ccc(C(=O)NO)cc2)oc2ccccc12			2.42	6	3	104.04	8			29	3	CN(C)Cc1c(C(=O)NCCOc2ccc(C(=O)NO)cc2)oc2ccccc12	ok
CHEMBL2103870	LUMACAFTOR	4	2015	Small molecule	1	0	0	0	0			0		Cc1ccc(NC(=O)C2(c3ccc4c(c3)OC(F)(F)O4)CC2)nc1-c1cccc(C(=O)O)c1			4.75	5	2	97.75	5			33	3	Cc1ccc(NC(=O)C2(c3ccc4c(c3)OC(F)(F)O4)CC2)nc1-c1cccc(C(=O)O)c1	ok
CHEMBL2103872	CEFTOLOZANE	4	2014	Small molecule	0	1	0	1	0			0		Cn1c(N)c(NC(=O)NCCN)c[n+]1CC1=C(C(=O)O)N2C(=O)[C@@H](NC(=O)/C(=N\OC(C)(C)C(=O)[O-])c3nsc(N)n3)[C@H]2SC1			-3.9	16	7	302.21	12			45	2	Cn1c(N)c(NC(=O)NCCN)c[n+]1CC1=C(C(=O)O)N2C(=O)[C@@H](NC(=O)/C(=N\OC(C)(C)C(=O)[O-])c3nsc(N)n3)[C@H]2SC1	ok
CHEMBL2103873	MACITENTAN	4	2010	Small molecule	1	0	0	1	0			0		CCCNS(=O)(=O)Nc1ncnc(OCCOc2ncc(Br)cn2)c1-c1ccc(Br)cc1			3.57	8	2	128.22	11			32	3	CCCNS(=O)(=O)Nc1ncnc(OCCOc2ncc(Br)cn2)c1-c1ccc(Br)cc1	ok
CHEMBL2103875	TRAMETINIB	4	2013	Small molecule	1	0	0	0	0			0		CC(=O)Nc1cccc(-n2c(=O)n(C3CC3)c(=O)c3c(Nc4ccc(I)cc4F)n(C)c(=O)c(C)c32)c1			3.94	8	2	107.13	5			37	4	CC(=O)Nc1cccc(-n2c(=O)n(C3CC3)c(=O)c3c(Nc4ccc(I)cc4F)n(C)c(=O)c(C)c32)c1	ok
CHEMBL2103876	MAPRACORAT	3		Small molecule	0	0	0	0	0			0		Cc1ccc2c(NC[C@](O)(CC(C)(C)c3cc(F)cc4c3OCC4)C(F)(F)F)cccc2n1			5.69	4	2	54.38	6			33	3	Cc1ccc2c(NC[C@](O)(CC(C)(C)c3cc(F)cc4c3OCC4)C(F)(F)F)cccc2n1	ok
CHEMBL2103877	EFINACONAZOLE	4	2014	Small molecule	0	0	1	0	0			0		C=C1CCN([C@H](C)[C@](O)(Cn2cncn2)c2ccc(F)cc2F)CC1			2.48	5	1	54.18	5			25	2	C=C1CCN([C@H](C)[C@](O)(Cn2cncn2)c2ccc(F)cc2F)CC1	ok
CHEMBL2103879	GANETESPIB	3		Small molecule	0	0	0	1	0			0		CC(C)c1cc(-c2n[nH]c(=O)n2-c2ccc3c(ccn3C)c2)c(O)cc1O			3.25	6	3	96.07	3			27	4	CC(C)c1cc(-c2n[nH]c(=O)n2-c2ccc3c(ccn3C)c2)c(O)cc1O	ok
CHEMBL2103881	DEXMECAMYLAMINE	3		Small molecule	0	0	0	1	0			0		CN[C@@]1(C)[C@@H]2CC[C@@H](C2)C1(C)C			2.42	1	1	12.03	1			12	0	CN[C@@]1(C)[C@@H]2CC[C@@H](C2)C1(C)C	ok
CHEMBL2103882	TIVANTINIB	3		Small molecule	0	0	0	1	0			0		O=C1NC(=O)[C@@H](c2cn3c4c(cccc24)CCC3)[C@@H]1c1c[nH]c2ccccc12			3.59	3	2	66.89	2			28	4	O=C1NC(=O)[C@@H](c2cn3c4c(cccc24)CCC3)[C@@H]1c1c[nH]c2ccccc12	ok
CHEMBL2103883	AVATROMBOPAG	4	2018	Small molecule	1	0	0	1	0			0		O=C(Nc1nc(-c2cc(Cl)cs2)c(N2CCN(C3CCCCC3)CC2)s1)c1cnc(N2CCC(C(=O)O)CC2)c(Cl)c1			6.58	9	2	101.9	7			42	3	O=C(Nc1nc(-c2cc(Cl)cs2)c(N2CCN(C3CCCCC3)CC2)s1)c1cnc(N2CCC(C(=O)O)CC2)c(Cl)c1	ok
CHEMBL2103929	LYMECYCLINE	4		Small molecule	0	0	0	1	1			0		CN(C)[C@@H]1C(O)=C(C(=O)NCNCCCC[C@H](N)C(=O)O)C(=O)[C@@]2(O)C(O)=C3C(=O)c4c(O)cccc4[C@@](C)(O)[C@H]3C[C@@H]12			-0.45	12	9	242.98	10			43	1	CN(C)[C@@H]1C(O)=C(C(=O)NCNCCCC[C@H](N)C(=O)O)C(=O)[C@@]2(O)C(O)=C3C(=O)c4c(O)cccc4[C@@](C)(O)[C@H]3C[C@@H]12	ok
CHEMBL2103991	BALAGLITAZONE	3		Small molecule	0	0	0	1	0			0		Cn1c(COc2ccc(CC3SC(=O)NC3=O)cc2)nc2ccccc2c1=O			2.41	7	1	90.29	5			28	3	Cn1c(COc2ccc(CC3SC(=O)NC3=O)cc2)nc2ccccc2c1=O	ok
CHEMBL2104038	CILEXETIL	3		Small molecule	0	0	0	0	0			0		CC(C)OC(=O)OC1CCCCC1			2.88	3	0	35.53	2			13	0	CC(C)OC(=O)OC1CCCCC1	ok
CHEMBL2104095	CHOLINE SALICYLATE	4		Small molecule	0	0	0	1	0			0		C[N+](C)(C)CCO.O=C([O-])c1ccccc1O												O=C([O-])c1ccccc1O	ok
CHEMBL2104114	CREATINOLFOSFATE	3		Small molecule	0	0	0	1	0			0		CN(CCOP(=O)(O)O)C(=N)N			-1.08	3	4	119.87	4			12	0	CN(CCOP(=O)(O)O)C(=N)N	ok
CHEMBL2104251	ENBUCRILATE	3		Small molecule	0	0	0	1	0			0		C=C(C#N)C(=O)OCCCC			1.41	3	0	50.09	4			11	0	C=C(C#N)C(=O)OCCCC	ok
CHEMBL2104318	DIMESNA	3		Small molecule	0	0	0	0	0			0		O=S(=O)([O-])CCSSCCS(=O)(=O)[O-].[Na+].[Na+]			0.14	6	2	108.74	7			14	0	O=S(=O)([O-])CCSSCCS(=O)(=O)[O-]	ok
CHEMBL2104356	KETAZOLAM	4		Small molecule	0	0	0	1	0			0		CC1=CC(=O)N2CC(=O)N(C)c3ccc(Cl)cc3C2(c2ccccc2)O1			3.28	3	0	49.85	1			26	2	CC1=CC(=O)N2CC(=O)N(C)c3ccc(Cl)cc3C2(c2ccccc2)O1	ok
CHEMBL2104398	ISOMALT	3		Small molecule	0	0	0	1	0			0		OCC(O)[C@@H](O)[C@H](O)[C@H](O)CO[C@H]1O[C@H](CO)[C@@H](O)[C@H](O)[C@H]1O			-5.76	11	9	200.53	8			23	0	OCC(O)[C@@H](O)[C@H](O)[C@H](O)CO[C@H]1O[C@H](CO)[C@@H](O)[C@H](O)[C@H]1O	ok
CHEMBL2104414	MOTEXAFIN	3		Small molecule	0	0	0	1	0			0		CCc1c(CC)c2cc3nc(cnc4cc(OCCOCCOCCOC)c(OCCOCCOCCOC)cc4ncc4nc(cc1[nH]2)C(CCCO)=C4C)C(C)=C3CCCO			6.99	14	3	181.65	28			63	3	CCc1c(CC)c2cc3nc(cnc4cc(OCCOCCOCCOC)c(OCCOCCOCCOC)cc4ncc4nc(cc1[nH]2)C(CCCO)=C4C)C(C)=C3CCCO	ok
CHEMBL2104415	MOXIDECTIN	4	2018	Small molecule	1	0	0	1	0			0		CO/N=C1\C[C@]2(C[C@@H]3C[C@@H](C/C=C(\C)C[C@@H](C)/C=C/C=C4\CO[C@@H]5[C@H](O)C(C)=C[C@@H](C(=O)O3)[C@]45O)O2)O[C@H](/C(C)=C/C(C)C)[C@H]1C			5.73	9	2	116.04	3			46	0	CO/N=C1\C[C@]2(C[C@@H]3C[C@@H](C/C=C(\C)C[C@@H](C)/C=C/C=C4\CO[C@@H]5[C@H](O)C(C)=C[C@@H](C(=O)O3)[C@]45O)O2)O[C@H](/C(C)=C/C(C)C)[C@H]1C	ok
CHEMBL2104445	TRITOQUALINE	4		Small molecule	0	0	0	1	0			0		CCOc1c(N)c2c(c(OCC)c1OCC)C(C1c3c(cc4c(c3OC)OCO4)CCN1C)OC2=O			3.64	10	1	110.94	8			36	2	CCOc1c(N)c2c(c(OCC)c1OCC)C(C1c3c(cc4c(c3OC)OCO4)CCN1C)OC2=O	ok
CHEMBL2104489	ANAGESTONE ACETATE	4		Small molecule	0	0	0	1	0			0		CC(=O)O[C@]1(C(C)=O)CCC2[C@@H]3C[C@H](C)C4=CCCC[C@]4(C)[C@H]3CC[C@@]21C			5.48	3	0	43.37	2			27	0	CC(=O)O[C@]1(C(C)=O)CCC2[C@@H]3C[C@H](C)C4=CCCC[C@]4(C)[C@H]3CC[C@@]21C	ok
CHEMBL2104523	CINITAPRIDE	3		Small molecule	0	0	0	1	0			0		CCOc1cc(N)c([N+](=O)[O-])cc1C(=O)NC1CCN(CC2CC=CCC2)CC1			3.13	6	2	110.73	7			29	1	CCOc1cc(N)c([N+](=O)[O-])cc1C(=O)NC1CCN(CC2CC=CCC2)CC1	ok
CHEMBL2104537	AMOPROXAN	4		Small molecule	0	0	0	0	0			0		COc1cc(C(=O)OC(COCCC(C)C)CN2CCOCC2)cc(OC)c1OC			2.63	8	0	75.69	12			30	1	COc1cc(C(=O)OC(COCCC(C)C)CN2CCOCC2)cc(OC)c1OC	ok
CHEMBL2104574	ECRAPROST	3		Small molecule	0	0	0	0	0			0		CCCCC[C@H](O)/C=C/[C@@H]1C(CCCCCCC(=O)OCCCC)=C(OC(=O)CCC)C[C@H]1O			6.15	6	2	93.06	19			34	0	CCCCC[C@H](O)/C=C/[C@@H]1C(CCCCCCC(=O)OCCCC)=C(OC(=O)CCC)C[C@H]1O	ok
CHEMBL2104585	ECABET	3		Small molecule	0	0	0	1	0			0		CC(C)c1cc2c(cc1S(=O)(=O)O)[C@@]1(C)CCC[C@@](C)(C(=O)O)[C@@H]1CC2			4.15	3	2	91.67	3			26	1	CC(C)c1cc2c(cc1S(=O)(=O)O)[C@@]1(C)CCC[C@@](C)(C(=O)O)[C@@H]1CC2	ok
CHEMBL2104594	CALCIUM GLUBIONATE	4		Small molecule	0	0	0	0	0			0		O.O=C([O-])[C@H](O)[C@@H](O)[C@H](O)[C@H](O)CO.O=C([O-])[C@H](O)[C@@H](O)[C@H](O[C@@H]1O[C@H](CO)[C@H](O)[C@H](O)[C@H]1O)[C@H](O)CO.[Ca+2]												O=C([O-])[C@H](O)[C@@H](O)[C@H](O[C@@H]1O[C@H](CO)[C@H](O)[C@H](O)[C@H]1O)[C@H](O)CO	ok
CHEMBL2104612	MITOLACTOL	3		Small molecule	0	0	0	1	0			0		O[C@H]([C@H](O)[C@@H](O)CBr)[C@H](O)CBr			-0.78	4	4	80.92	5			12	0	O[C@H]([C@H](O)[C@@H](O)CBr)[C@H](O)CBr	ok
CHEMBL2104688	TIROPRAMIDE	3		Small molecule	0	0	0	1	0			0		CCCN(CCC)C(=O)C(Cc1ccc(OCCN(CC)CC)cc1)NC(=O)c1ccccc1			4.4	4	1	61.88	15			34	2	CCCN(CCC)C(=O)C(Cc1ccc(OCCN(CC)CC)cc1)NC(=O)c1ccccc1	ok
CHEMBL2104734	OXOMEMAZINE	3		Small molecule	0	0	0	1	0			0		CC(CN(C)C)CN1c2ccccc2S(=O)(=O)c2ccccc21			3.17	4	0	40.62	4			23	2	CC(CN(C)C)CN1c2ccccc2S(=O)(=O)c2ccccc21	ok
CHEMBL2104753	RIVOGLITAZONE	3		Small molecule	0	0	0	1	0			0		COc1ccc2nc(COc3ccc(CC4SC(=O)NC4=O)cc3)n(C)c2c1			3.06	7	1	82.45	6			28	3	COc1ccc2nc(COc3ccc(CC4SC(=O)NC4=O)cc3)n(C)c2c1	ok
CHEMBL2104765	TRIMEGESTONE	3		Small molecule	0	0	0	1	0			0		C[C@H](O)C(=O)[C@@]1(C)CC[C@H]2[C@@H]3CCC4=CC(=O)CCC4=C3CC[C@@]21C			4.15	3	1	54.37	2			25	0	C[C@H](O)C(=O)[C@@]1(C)CC[C@H]2[C@@H]3CCC4=CC(=O)CCC4=C3CC[C@@]21C	ok
CHEMBL2104786	PANTETHINE	3		Small molecule	0	0	0	1	0			0		CC(C)(CO)[C@@H](O)C(=O)NCCC(=O)NCCSSCCNC(=O)CCNC(=O)[C@H](O)C(C)(C)CO			-1.63	10	8	197.32	19			36	0	CC(C)(CO)[C@@H](O)C(=O)NCCC(=O)NCCSSCCNC(=O)CCNC(=O)[C@H](O)C(C)(C)CO	ok
CHEMBL2104910	SULFADICRAMIDE	4		Small molecule	0	0	0	0	0			0		CC(C)=CC(=O)NS(=O)(=O)c1ccc(N)cc1			1.04	4	2	89.26	3			17	1	CC(C)=CC(=O)NS(=O)(=O)c1ccc(N)cc1	ok
CHEMBL2104956	BEMOTRIZINOL	3		Small molecule	0	0	0	1	0			0		CCCCC(CC)COc1ccc(-c2nc(-c3ccc(OC)cc3)nc(-c3ccc(OCC(CC)CCCC)cc3O)n2)c(O)c1			9.48	8	2	106.82	18			46	4	CCCCC(CC)COc1ccc(-c2nc(-c3ccc(OC)cc3)nc(-c3ccc(OCC(CC)CCCC)cc3O)n2)c(O)c1	ok
CHEMBL2104979	PERFLUBUTANE	3		Small molecule	0	0	0	0	0			0		FC(F)(F)C(F)(F)C(F)(F)C(F)(F)F			3.38	0	0	0	1			14	0	FC(F)(F)C(F)(F)C(F)(F)C(F)(F)F	ok
CHEMBL2104993	VORTIOXETINE	4	2013	Small molecule	1	0	0	1	0			0		Cc1ccc(Sc2ccccc2N2CCNCC2)c(C)c1			3.86	3	1	15.27	3			21	2	Cc1ccc(Sc2ccccc2N2CCNCC2)c(C)c1	ok
CHEMBL2105006	IODOL	3		Small molecule	0	0	0	0	0			0		Ic1[nH]c(I)c(I)c1I			3.43	0	1	15.79	0			9	1	Ic1[nH]c(I)c(I)c1I	ok
CHEMBL2105019	LIFIBROL	3		Small molecule	0	0	0	1	0			0		CC(C)(C)c1ccc(CCC(O)COc2ccc(C(=O)O)cc2)cc1			4.05	3	2	66.76	7			25	2	CC(C)(C)c1ccc(CCC(O)COc2ccc(C(=O)O)cc2)cc1	ok
CHEMBL2105023	INDIGOTINDISULFONATE SODIUM	4	2022	Small molecule	0	1	0	0	0			0		O=C1/C(=C2\Nc3ccc(S(=O)(=O)[O-])cc3C2=O)Nc2ccc(S(=O)(=O)[O-])cc21.[Na+].[Na+]			1.31	8	4	166.94	2			28	2	O=C1/C(=C2\Nc3ccc(S(=O)(=O)[O-])cc3C2=O)Nc2ccc(S(=O)(=O)[O-])cc21	ok
CHEMBL2105085	GEFARNATE	3		Small molecule	0	0	0	1	0			0		CC(C)=CCC/C(C)=C/CC/C(C)=C/CCC(=O)OC/C=C(\C)CCC=C(C)C			8.42	2	0	26.3	14			29	0	CC(C)=CCC/C(C)=C/CC/C(C)=C/CCC(=O)OC/C=C(\C)CCC=C(C)C	ok
CHEMBL2105131	MEFRUSIDE	4		Small molecule	0	0	0	0	0			0		CN(CC1(C)CCCO1)S(=O)(=O)c1ccc(Cl)c(S(N)(=O)=O)c1			1.18	5	1	106.77	5			23	1	CN(CC1(C)CCCO1)S(=O)(=O)c1ccc(Cl)c(S(N)(=O)=O)c1	ok
CHEMBL2105161	NICOBOXIL	3		Small molecule	0	0	0	1	0			0		CCCCOCCOC(=O)c1cccnc1			2.06	4	0	48.42	7			16	1	CCCCOCCOC(=O)c1cccnc1	ok
CHEMBL2105224	PHOLCODINE	4		Small molecule	0	0	0	1	0			0		CN1CC[C@]23c4c5ccc(OCCN6CCOCC6)c4O[C@H]2[C@@H](O)C=C[C@H]3[C@H]1C5			1.2	6	1	54.4	4			29	1	CN1CC[C@]23c4c5ccc(OCCN6CCOCC6)c4O[C@H]2[C@@H](O)C=C[C@H]3[C@H]1C5	ok
CHEMBL2105233	PROXIBARBAL	4		Small molecule	0	0	0	0	0			0		C=CCC1(CC(C)O)C(=O)NC(=O)NC1=O			-0.31	4	3	95.5	4			16	0	C=CCC1(CC(C)O)C(=O)NC(=O)NC1=O	ok
CHEMBL2105248	POTASSIUM BITARTRATE	4	2020	Small molecule	0	0	1	1	0			0		O=C([O-])[C@H](O)[C@@H](O)C(=O)O.[K+]												O=C([O-])[C@H](O)[C@@H](O)C(=O)O	ok
CHEMBL2105275	PROPYLHEXEDRINE	4		Small molecule	0	0	0	1	0			0		CNC(C)CC1CCCCC1			2.56	1	1	12.03	3			11	0	CNC(C)CC1CCCCC1	ok
CHEMBL2105345	PROPANIDID	4		Small molecule	0	0	0	0	0			0		CCCOC(=O)Cc1ccc(OCC(=O)N(CC)CC)c(OC)c1			2.44	5	0	65.07	10			24	1	CCCOC(=O)Cc1ccc(OCC(=O)N(CC)CC)c(OC)c1	ok
CHEMBL2105348	RANIMUSTINE	3		Small molecule	0	0	0	1	0			0		CO[C@H]1O[C@H](CNC(=O)N(CCCl)N=O)[C@@H](O)[C@H](O)[C@H]1O			-1.63	8	4	140.92	6			21	0	CO[C@H]1O[C@H](CNC(=O)N(CCCl)N=O)[C@@H](O)[C@H](O)[C@H]1O	ok
CHEMBL2105373	PREGNENOLONE SUCCINATE	3		Small molecule	0	0	0	1	0			0		CC(=O)[C@H]1CC[C@H]2[C@@H]3CC=C4C[C@@H](OC(=O)CCC(=O)O)CC[C@]4(C)[C@H]3CC[C@]12C			4.93	4	1	80.67	5			30	0	CC(=O)[C@H]1CC[C@H]2[C@@H]3CC=C4C[C@@H](OC(=O)CCC(=O)O)CC[C@]4(C)[C@H]3CC[C@]12C	ok
CHEMBL2105394	PROMESTRIENE	3		Small molecule	0	0	0	1	0			0		CCCOc1ccc2c(c1)CC[C@@H]1[C@@H]2CC[C@]2(C)[C@@H](OC)CC[C@@H]12			5.35	2	0	18.46	4			24	1	CCCOc1ccc2c(c1)CC[C@@H]1[C@@H]2CC[C@]2(C)[C@@H](OC)CC[C@@H]12	ok
CHEMBL2105395	OSPEMIFENE	4	2013	Small molecule	1	0	0	1	0			0		OCCOc1ccc(/C(=C(/CCCl)c2ccccc2)c2ccccc2)cc1			5.65	2	1	29.46	8			27	3	OCCOc1ccc(/C(=C(/CCCl)c2ccccc2)c2ccccc2)cc1	ok
CHEMBL2105420	TAUROLIDINE	4	2023	Small molecule	0	0	0	1	0			0		O=S1(=O)CCN(CN2CCS(=O)(=O)NC2)CN1			-2.67	6	2	98.82	2			17	0	O=S1(=O)CCN(CN2CCS(=O)(=O)NC2)CN1	ok
CHEMBL2105458	THENALIDINE	4		Small molecule	0	0	0	1	0			0		CN1CCC(N(Cc2cccs2)c2ccccc2)CC1			3.85	3	0	6.48	4			20	2	CN1CCC(N(Cc2cccs2)c2ccccc2)CC1	ok
CHEMBL2105497	ZIPEPROL	4		Small molecule	0	0	0	0	0			0		COC(CN1CCN(CC(O)C(OC)c2ccccc2)CC1)c1ccccc1			2.74	5	1	45.17	9			28	2	COC(CN1CCN(CC(O)C(OC)c2ccccc2)CC1)c1ccccc1	ok
CHEMBL2105527	TETRAZEPAM	4		Small molecule	0	0	0	1	0			0		CN1C(=O)CN=C(C2=CCCCC2)c2cc(Cl)ccc21			3.61	2	0	32.67	1			20	1	CN1C(=O)CN=C(C2=CCCCC2)c2cc(Cl)ccc21	ok
CHEMBL2105561	SURICLONE	3		Small molecule	0	0	0	0	0			0		CN1CCN(C(=O)OC2C3=C(SCCS3)C(=O)N2c2ccc3ccc(Cl)nc3n2)CC1			3.03	8	0	78.87	2			31	2	CN1CCN(C(=O)OC2C3=C(SCCS3)C(=O)N2c2ccc3ccc(Cl)nc3n2)CC1	ok
CHEMBL2105566	FENPROPOREX	4		Small molecule	0	0	0	1	0			0		CC(Cc1ccccc1)NCCC#N			2.12	2	1	35.82	5			14	1	CC(Cc1ccccc1)NCCC#N	ok
CHEMBL2105581	VERALIPRIDE	4	1979	Small molecule	0	0	0	0	0			0		C=CCN1CCCC1CNC(=O)c1cc(S(N)(=O)=O)cc(OC)c1OC			0.73	6	2	110.96	8			26	1	C=CCN1CCCC1CNC(=O)c1cc(S(N)(=O)=O)cc(OC)c1OC	ok
CHEMBL2105611	TACALCITOL	4		Small molecule	0	0	0	1	0			0		C=C1/C(=C\C=C2/CCC[C@]3(C)[C@@H]([C@H](C)CC[C@@H](O)C(C)C)CC[C@@H]23)C[C@@H](O)C[C@@H]1O			5.56	3	3	60.69	6			30	0	C=C1/C(=C\C=C2/CCC[C@]3(C)[C@@H]([C@H](C)CC[C@@H](O)C(C)C)CC[C@@H]23)C[C@@H](O)C[C@@H]1O	ok
CHEMBL2105637	DELAFLOXACIN	4	2017	Small molecule	1	1	0	0	0			0		Nc1nc(-n2cc(C(=O)O)c(=O)c3cc(F)c(N4CC(O)C4)c(Cl)c32)c(F)cc1F			1.92	7	3	121.68	3			30	3	Nc1nc(-n2cc(C(=O)O)c(=O)c3cc(F)c(N4CC(O)C4)c(Cl)c32)c(F)cc1F	ok
CHEMBL2105648	PALOVAROTENE	4	2023	Small molecule	1	0	0	1	0			0		CC1(C)CCC(C)(C)c2cc(Cn3cccn3)c(/C=C/c3ccc(C(=O)O)cc3)cc21			6.15	3	1	55.12	5			31	3	CC1(C)CCC(C)(C)c2cc(Cn3cccn3)c(/C=C/c3ccc(C(=O)O)cc3)cc21	ok
CHEMBL2105656	TELCAGEPANT POTASSIUM	3		Small molecule	0	0	0	0	0			0		CCO.O=C(N[C@@H]1CC[C@@H](c2cccc(F)c2F)CN(CC(F)(F)F)C1=O)N1CCC(n2c([O-])nc3ncccc32)CC1.[K+]			3.69	5	2	103.33	4			40	3	O=C(N[C@@H]1CC[C@@H](c2cccc(F)c2F)CN(CC(F)(F)F)C1=O)N1CCC(n2c([O-])nc3ncccc32)CC1	ok
CHEMBL2105659	VARESPLADIB METHYL	3		Small molecule	0	0	0	1	0			0		CCc1c(C(=O)C(N)=O)c2c(OCC(=O)OC)cccc2n1Cc1ccccc1			2.47	6	1	100.62	8			29	3	CCc1c(C(=O)C(N)=O)c2c(OCC(=O)OC)cccc2n1Cc1ccccc1	ok
CHEMBL2105664	TECARFARIN	3		Small molecule	0	0	0	0	0			0		CC(OC(=O)c1ccc(Cc2c(O)c3ccccc3oc2=O)cc1)(C(F)(F)F)C(F)(F)F			5.13	5	1	76.74	4			32	3	CC(OC(=O)c1ccc(Cc2c(O)c3ccccc3oc2=O)cc1)(C(F)(F)F)C(F)(F)F	ok
CHEMBL2105665	ELACYTARABINE	3		Small molecule	0	0	0	1	0			0		CCCCCCCC/C=C/CCCCCCCC(=O)OC[C@H]1O[C@@H](n2ccc(N)nc2=O)[C@@H](O)[C@@H]1O			4.03	9	3	136.9	18			36	1	CCCCCCCC/C=C/CCCCCCCC(=O)OC[C@H]1O[C@@H](n2ccc(N)nc2=O)[C@@H](O)[C@@H]1O	ok
CHEMBL2105669	TEDIZOLID PHOSPHATE	4	2014	Small molecule	1	1	0	0	1			0		Cn1nnc(-c2ccc(-c3ccc(N4C[C@H](COP(=O)(O)O)OC4=O)cc3F)cn2)n1			1.51	9	2	152.79	6			31	3	Cn1nnc(-c2ccc(-c3ccc(N4C[C@H](COP(=O)(O)O)OC4=O)cc3F)cn2)n1	ok
CHEMBL2105680	RIFAMYCIN SODIUM	4	2018	Small molecule	1	0	0	1	0			0		CO[C@H]1/C=C/O[C@@]2(C)Oc3c(C)c([O-])c4c(O)c(cc(O)c4c3C2=O)NC(=O)/C(C)=C\C=C\[C@H](C)[C@H](O)[C@@H](C)[C@@H](O)[C@@H](C)[C@H](OC(C)=O)[C@@H]1C.[Na+]			4.75	12	6	201.31	2			50	2	CO[C@H]1/C=C/O[C@@]2(C)Oc3c(C)c([O-])c4c(O)c(cc(O)c4c3C2=O)NC(=O)/C(C)=C\C=C\[C@H](C)[C@H](O)[C@@H](C)[C@@H](O)[C@@H](C)[C@H](OC(C)=O)[C@@H]1C	ok
CHEMBL2105681	SAPACITABINE	3		Small molecule	0	0	0	1	1			0		CCCCCCCCCCCCCCCC(=O)Nc1ccn([C@@H]2O[C@H](CO)[C@@H](O)[C@@H]2C#N)c(=O)n1			4.05	8	3	137.47	17			35	1	CCCCCCCCCCCCCCCC(=O)Nc1ccn([C@@H]2O[C@H](CO)[C@@H](O)[C@@H]2C#N)c(=O)n1	ok
CHEMBL2105689	LULICONAZOLE	4	2013	Small molecule	0	0	1	1	0			0		N#C/C(=C1/SC[C@@H](c2ccc(Cl)cc2Cl)S1)n1ccnc1			5.06	5	0	41.61	2			21	2	N#C/C(=C1/SC[C@@H](c2ccc(Cl)cc2Cl)S1)n1ccnc1	ok
CHEMBL2105694	TELAPRISTONE ACETATE	3		Small molecule	0	0	0	1	0			0		COCC(=O)[C@@]1(OC(C)=O)CC[C@H]2[C@@H]3CCC4=CC(=O)CCC4=C3[C@@H](c3ccc(N(C)C)cc3)C[C@@]21C			5.17	6	0	72.91	6			37	1	COCC(=O)[C@@]1(OC(C)=O)CC[C@H]2[C@@H]3CCC4=CC(=O)CCC4=C3[C@@H](c3ccc(N(C)C)cc3)C[C@@]21C	ok
CHEMBL2105695	TELOTRISTAT ETHYL	4	2017	Small molecule	1	0	0	0	1			0		CCOC(=O)[C@@H](N)Cc1ccc(-c2cc(O[C@H](c3ccc(Cl)cc3-n3ccc(C)n3)C(F)(F)F)nc(N)n2)cc1			4.99	9	2	131.17	9			40	4	CCOC(=O)[C@@H](N)Cc1ccc(-c2cc(O[C@H](c3ccc(Cl)cc3-n3ccc(C)n3)C(F)(F)F)nc(N)n2)cc1	ok
CHEMBL2105717	CABOZANTINIB	4	2012	Small molecule	1	0	0	0	0			0		COc1cc2nccc(Oc3ccc(NC(=O)C4(C(=O)Nc5ccc(F)cc5)CC4)cc3)c2cc1OC			5.54	6	2	98.78	8			37	4	COc1cc2nccc(Oc3ccc(NC(=O)C4(C(=O)Nc5ccc(F)cc5)CC4)cc3)c2cc1OC	ok
CHEMBL2105720	LESINURAD	4	2015	Small molecule	1	0	0	1	0			0		O=C(O)CSc1nnc(Br)n1-c1ccc(C2CC2)c2ccccc12			4.24	5	1	68.01	5			24	3	O=C(O)CSc1nnc(Br)n1-c1ccc(C2CC2)c2ccccc12	ok
CHEMBL2105722	NOMEGESTROL	4		Small molecule	0	0	0	1	0			0		CC(=O)[C@@]1(O)CC[C@H]2[C@@H]3C=C(C)C4=CC(=O)CC[C@@H]4[C@H]3CC[C@@]21C			4.19	4	0	60.44	2			27	0	CC(=O)[C@@]1(O)CC[C@H]2[C@@H]3C=C(C)C4=CC(=O)CC[C@@H]4[C@H]3CC[C@@]21C	ok
CHEMBL2105728	CRENOLANIB	3		Small molecule	0	0	0	1	0			0		CC1(COc2ccc3c(c2)ncn3-c2ccc3cccc(N4CCC(N)CC4)c3n2)COC1			3.92	7	1	78.43	5			33	4	CC1(COc2ccc3c(c2)ncn3-c2ccc3cccc(N4CCC(N)CC4)c3n2)COC1	ok
CHEMBL2105735	ASUNAPREVIR	4	2014	Small molecule	1	0	0	1	0			0		C=C[C@@H]1C[C@]1(NC(=O)[C@@H]1C[C@@H](Oc2ncc(OC)c3ccc(Cl)cc23)CN1C(=O)[C@@H](NC(=O)OC(C)(C)C)C(C)(C)C)C(=O)NS(=O)(=O)C1CC1			3.85	10	3	182.33	11			51	2	C=C[C@@H]1C[C@]1(NC(=O)[C@@H]1C[C@@H](Oc2ncc(OC)c3ccc(Cl)cc23)CN1C(=O)[C@@H](NC(=O)OC(C)(C)C)C(C)(C)C)C(=O)NS(=O)(=O)C1CC1	ok
CHEMBL2105737	SONIDEGIB	4	2015	Small molecule	1	0	0	0	0			0		Cc1c(C(=O)Nc2ccc(N3C[C@@H](C)O[C@@H](C)C3)nc2)cccc1-c1ccc(OC(F)(F)F)cc1			5.82	5	1	63.69	5			35	3	Cc1c(C(=O)Nc2ccc(N3C[C@@H](C)O[C@@H](C)C3)nc2)cccc1-c1ccc(OC(F)(F)F)cc1	ok
CHEMBL2105738	GALETERONE	3		Small molecule	0	0	0	1	0			0		C[C@]12CC[C@H](O)CC1=CC[C@@H]1[C@@H]2CC[C@]2(C)C(n3cnc4ccccc43)=CC[C@@H]12			5.81	3	1	38.05	1			29	2	C[C@]12CC[C@H](O)CC1=CC[C@@H]1[C@@H]2CC[C@]2(C)C(n3cnc4ccccc43)=CC[C@@H]12	ok
CHEMBL2105740	SITAXENTAN SODIUM	4	2006	Small molecule	0	0	0	0	0			0		Cc1cc2c(cc1CC(=O)c1sccc1S(=O)(=O)[N-]c1onc(C)c1Cl)OCO2.[Na+]			3.96	8	1	107.73	6			29	3	Cc1cc2c(cc1CC(=O)c1sccc1S(=O)(=O)[N-]c1onc(C)c1Cl)OCO2	ok
CHEMBL2105745	GLYCEROL PHENYLBUTYRATE	4	2013	Small molecule	1	0	0	1	1			0		O=C(CCCc1ccccc1)OCC(COC(=O)CCCc1ccccc1)OC(=O)CCCc1ccccc1			6.05	6	0	78.9	17			39	3	O=C(CCCc1ccccc1)OCC(COC(=O)CCCc1ccccc1)OC(=O)CCCc1ccccc1	ok
CHEMBL2105747	TOZADENANT	3		Small molecule	0	0	0	1	0			0		COc1ccc(N2CCOCC2)c2sc(NC(=O)N3CCC(C)(O)CC3)nc12			2.52	7	2	87.16	3			28	2	COc1ccc(N2CCOCC2)c2sc(NC(=O)N3CCC(C)(O)CC3)nc12	ok
CHEMBL2105755	NALDEMEDINE	4	2017	Small molecule	1	0	0	1	0			0		CC(C)(NC(=O)C1=C(O)[C@@H]2Oc3c(O)ccc4c3[C@@]23CCN(CC2CC2)[C@H](C4)[C@]3(O)C1)c1nc(-c2ccccc2)no1			3.48	9	4	141.18	6			42	3	CC(C)(NC(=O)C1=C(O)[C@@H]2Oc3c(O)ccc4c3[C@@]23CCN(CC2CC2)[C@H](C4)[C@]3(O)C1)c1nc(-c2ccccc2)no1	ok
CHEMBL2105759	BARICITINIB	4	2017	Small molecule	1	0	0	1	0			0		CCS(=O)(=O)N1CC(CC#N)(n2cc(-c3ncnc4[nH]ccc34)cn2)C1			1.1	7	1	120.56	5			26	3	CCS(=O)(=O)N1CC(CC#N)(n2cc(-c3ncnc4[nH]ccc34)cn2)C1	ok
CHEMBL2105760	BREXPIPRAZOLE	4	2015	Small molecule	1	0	0	1	0			0		O=c1ccc2ccc(OCCCCN3CCN(c4cccc5sccc45)CC3)cc2[nH]1			4.72	5	1	48.57	7			31	4	O=c1ccc2ccc(OCCCCN3CCN(c4cccc5sccc45)CC3)cc2[nH]1	ok
CHEMBL2105762	OMARIGLIPTIN	4	2015	Small molecule	1	0	0	0	0			0		CS(=O)(=O)n1cc2c(n1)CN([C@H]1CO[C@H](c3cc(F)ccc3F)[C@@H](N)C1)C2			1.14	7	1	90.45	3			27	2	CS(=O)(=O)n1cc2c(n1)CN([C@H]1CO[C@H](c3cc(F)ccc3F)[C@@H](N)C1)C2	ok
CHEMBL2105827	GLYCEROL, IODINATED	4		Small molecule	0	0	0	1	0			0		CC(I)C1OCC(CO)O1			0.54	3	1	38.69	2			10	0	CC(I)C1OCC(CO)O1	ok
CHEMBL2105842	CORTIVAZOL	4		Small molecule	0	0	0	1	0			0		CC(=O)OCC(=O)[C@@]1(O)[C@H](C)C[C@H]2[C@@H]3C=C(C)C4=Cc5c(cnn5-c5ccccc5)C[C@]4(C)[C@H]3[C@@H](O)C[C@@]21C			4.3	7	2	101.65	4			39	2	CC(=O)OCC(=O)[C@@]1(O)[C@H](C)C[C@H]2[C@@H]3C=C(C)C4=Cc5c(cnn5-c5ccccc5)C[C@]4(C)[C@H]3[C@@H](O)C[C@@]21C	ok
CHEMBL2105904	BARBITAL SODIUM	4		Small molecule	0	0	0	1	0			0		CCC1(CC)C(=O)[N-]C(=O)NC1=O.[Na+]			0.16	3	2	75.27	2			13	0	CCC1(CC)C(=O)[N-]C(=O)NC1=O	ok
CHEMBL2105922	ACEXAMIC ACID	3		Small molecule	0	0	0	1	0			0		CC(=O)NCCCCCC(=O)O			0.77	2	2	66.4	6			12	0	CC(=O)NCCCCCC(=O)O	ok
CHEMBL2105935	CHOLINE BITARTRATE	3		Small molecule	0	0	0	1	0			0		C[N+](C)(C)CCO.O=C([O-])C(O)C(O)C(=O)O												O=C([O-])C(O)C(O)C(=O)O	ok
CHEMBL2105941	AMOBARBITAL SODIUM	4		Small molecule	0	0	0	0	0			0		CCC1(CCC(C)C)C(=O)N=C([O-])NC1=O.[Na+]			1.18	3	2	75.27	4			16	0	CCC1(CCC(C)C)C(=O)N=C([O-])NC1=O	ok
CHEMBL2105945	ACENEURAMIC ACID	3		Small molecule	0	0	0	1	0			0		CC(=O)N[C@@H]([C@@H](O)[C@H](O)[C@H](O)CO)[C@@H](O)CC(=O)C(=O)O			-4.03	8	7	184.62	9			21	0	CC(=O)N[C@@H]([C@@H](O)[C@H](O)[C@H](O)CO)[C@@H](O)CC(=O)C(=O)O	ok
CHEMBL2105987	ATAMESTANE	3		Small molecule	0	0	0	1	0			0		CC1=CC(=O)C=C2CC[C@@H]3[C@H](CC[C@]4(C)C(=O)CC[C@@H]34)[C@@]12C			4.25	2	0	34.14	0			22	0	CC1=CC(=O)C=C2CC[C@@H]3[C@H](CC[C@]4(C)C(=O)CC[C@@H]34)[C@@]12C	ok
CHEMBL2106049	CHARCOAL, ACTIVATED	3		Small molecule	0	0	0	0	0			0		[C]			0.08	0	0	0	0			1	0	[C]	ok
CHEMBL2106119	CALCIUM GLUCONATE	4	2017	Small molecule	0	1	0	1	0			0		O=C([O-])[C@H](O)[C@@H](O)[C@H](O)[C@H](O)CO.O=C([O-])[C@H](O)[C@@H](O)[C@H](O)[C@H](O)CO.[Ca+2]												O=C([O-])[C@H](O)[C@@H](O)[C@H](O)[C@H](O)CO	ok
CHEMBL2106191	CALCIUM DOBESILATE	3		Small molecule	0	0	0	0	0			0		O=S(=O)([O-])c1cc(O)ccc1O.O=S(=O)([O-])c1cc(O)ccc1O.[Ca+2]			0.34	4	3	94.83	1			12	1	O=S(=O)([O-])c1cc(O)ccc1O	ok
CHEMBL2106227	ETIFOXINE	3		Small molecule	0	0	0	1	0			0		CCNC1=Nc2ccc(Cl)cc2C(C)(c2ccccc2)O1			4.23	3	1	33.62	2			21	2	CCNC1=Nc2ccc(Cl)cc2C(C)(c2ccccc2)O1	ok
CHEMBL2106318	IOTHALAMATE SODIUM I 125	4	1982	Small molecule	0	1	0	0	0			0		CNC(=O)c1c(I)c(NC(C)=O)c([125I])c(C(=O)[O-])c1[125I].[Na+]			2.52	3	3	95.5	3			20	1	CNC(=O)c1c(I)c(NC(C)=O)c([125I])c(C(=O)[O-])c1[125I]	ok
CHEMBL2106370	ILAPRAZOLE	3		Small molecule	0	0	0	1	0			0		COc1ccnc(C[S+]([O-])c2nc3cc(-n4cccc4)ccc3[nH]2)c1C			3.37	5	1	78.79	5			26	4	COc1ccnc(C[S+]([O-])c2nc3cc(-n4cccc4)ccc3[nH]2)c1C	ok
CHEMBL2106424	MECRYLATE	3		Small molecule	0	0	0	0	0			0		C=C(C#N)C(=O)OC			0.24	3	0	50.09	1			8	0	C=C(C#N)C(=O)OC	ok
CHEMBL2106439	PIPOTIAZINE PALMITATE	4		Small molecule	0	0	0	0	0			0		CCCCCCCCCCCCCCCC(=O)OCCC1CCN(CCCN2c3ccccc3Sc3ccc(S(=O)(=O)N(C)C)cc32)CC1			10.06	7	0	70.16	23			49	2	CCCCCCCCCCCCCCCC(=O)OCCC1CCN(CCCN2c3ccccc3Sc3ccc(S(=O)(=O)N(C)C)cc32)CC1	ok
CHEMBL2106441	NOXYTIOLIN	4		Small molecule	0	0	0	1	0			0		CNC(=S)NCO			-0.97	2	3	44.29	1			7	0	CNC(=S)NCO	ok
CHEMBL2106489	WATER O 15	3		Small molecule	0	0	0	0	0			0		[15OH2]			-0.82	0	0	31.5	0			1	0	[15OH2]	ok
CHEMBL210651	APRICITABINE	3		Small molecule	0	0	0	1	1			0		Nc1ccn([C@H]2CO[C@@H](CO)S2)c(=O)n1			-0.59	7	2	90.37	2			15	1	Nc1ccn([C@H]2CO[C@@H](CO)S2)c(=O)n1	ok
CHEMBL2106556	CYCLOBARBITAL CALCIUM	4		Small molecule	0	0	0	0	0			0		CCC1(C2=CCCCC2)C(=O)[N-]C(=O)NC1=O.CCC1(C2=CCCCC2)C(=O)[N-]C(=O)NC1=O.[Ca+2]			1.25	3	2	75.27	2			17	0	CCC1(C2=CCCCC2)C(=O)[N-]C(=O)NC1=O	ok
CHEMBL2106613	ANECORTAVE ACETATE	3		Small molecule	0	0	0	1	0			0		CC(=O)OCC(=O)[C@@]1(O)CC[C@H]2[C@@H]3CCC4=CC(=O)CC[C@]4(C)C3=CC[C@@]21C			3.3	5	1	80.67	3			28	0	CC(=O)OCC(=O)[C@@]1(O)CC[C@H]2[C@@H]3CCC4=CC(=O)CC[C@]4(C)C3=CC[C@@]21C	ok
CHEMBL2106643	MYCOPHENOLATE SODIUM	4	2004	Small molecule	1	0	0	0	0			0		COc1c(C)c2c(c(O)c1C/C=C(\C)CCC(=O)[O-])C(=O)OC2.[Na+]			2.73	5	2	93.06	6			23	1	COc1c(C)c2c(c(O)c1C/C=C(\C)CCC(=O)[O-])C(=O)OC2	ok
CHEMBL2106794	NAFTAZONE	4		Small molecule	0	0	0	0	0			0		NC(=O)N/N=C1\C=Cc2ccccc2C1=O			0.92	3	2	84.55	1			16	1	NC(=O)N/N=C1\C=Cc2ccccc2C1=O	ok
CHEMBL2106825	MEDROGESTONE	4		Small molecule	0	0	0	1	0			0		CC(=O)[C@@]1(C)CC[C@H]2[C@@H]3C=C(C)C4=CC(=O)CC[C@]4(C)[C@H]3CC[C@@]21C			5.28	2	0	34.14	1			25	0	CC(=O)[C@@]1(C)CC[C@H]2[C@@H]3C=C(C)C4=CC(=O)CC[C@]4(C)[C@H]3CC[C@@]21C	ok
CHEMBL2106907	METHIODAL SODIUM	4		Small molecule	0	0	0	0	0			0		O=S(=O)([O-])CI.[Na+]			0.27	2	1	54.37	1			6	0	O=S(=O)([O-])CI	ok
CHEMBL2106915	METHOPHOLINE	4		Small molecule	0	0	0	0	0			0		COc1cc2c(cc1OC)C(CCc1ccc(Cl)cc1)N(C)CC2			4.52	3	0	21.7	5			24	2	COc1cc2c(cc1OC)C(CCc1ccc(Cl)cc1)N(C)CC2	ok
CHEMBL2106939	POLIHEXANIDE	4	2024	Small molecule	0	0	0	0	0			0		CCCCCCNC(=N)NC(=N)N			0.57	2	5	97.78	5			13	0	CCCCCCNC(=N)NC(=N)N	ok
CHEMBL2107011	OXYPERTINE	4		Small molecule	0	0	0	0	0			0		COc1cc2[nH]c(C)c(CCN3CCN(c4ccccc4)CC3)c2cc1OC			3.86	4	1	40.73	6			28	3	COc1cc2[nH]c(C)c(CCN3CCN(c4ccccc4)CC3)c2cc1OC	ok
CHEMBL2107014	QUINFAMIDE	3		Small molecule	0	0	0	1	0			0		O=C(Oc1ccc2c(c1)CCCN2C(=O)C(Cl)Cl)c1ccco1			3.58	4	0	59.75	3			23	2	O=C(Oc1ccc2c(c1)CCCN2C(=O)C(Cl)Cl)c1ccco1	ok
CHEMBL2107067	TESTOSTERONE UNDECANOATE	4	2014	Small molecule	1	1	0	1	1			0		CCCCCCCCCCC(=O)O[C@H]1CC[C@H]2[C@@H]3CCC4=CC(=O)CC[C@]4(C)[C@H]3CC[C@]12C			7.96	3	0	43.37	10			33	0	CCCCCCCCCCC(=O)O[C@H]1CC[C@H]2[C@@H]3CCC4=CC(=O)CC[C@]4(C)[C@H]3CC[C@]12C	ok
CHEMBL2107143	GLUFOSFAMIDE	3		Small molecule	0	0	0	1	0			0		O=P(NCCCl)(NCCCl)O[C@@H]1O[C@H](CO)[C@@H](O)[C@H](O)[C@H]1O			-1.43	7	6	140.51	9			22	0	O=P(NCCCl)(NCCCl)O[C@@H]1O[C@H](CO)[C@@H](O)[C@H](O)[C@H]1O	ok
CHEMBL2107175	RANELIC ACID	4	2004	Small molecule	0	0	0	0	0			0		N#Cc1c(N(CC(=O)O)CC(=O)O)sc(C(=O)O)c1CC(=O)O			-0.08	7	4	176.23	8			23	1	N#Cc1c(N(CC(=O)O)CC(=O)O)sc(C(=O)O)c1CC(=O)O	ok
CHEMBL2107212	IOBITRIDOL	3		Small molecule	0	0	0	1	0			0		CN(CC(O)CO)C(=O)c1c(I)c(NC(=O)C(CO)CO)c(I)c(C(=O)N(C)CC(O)CO)c1I			-1.11	9	7	191.1	12			35	1	CN(CC(O)CO)C(=O)c1c(I)c(NC(=O)C(CO)CO)c(I)c(C(=O)N(C)CC(O)CO)c1I	ok
CHEMBL2107214	IOMEPROL	4	2024	Small molecule	0	1	0	1	0			0		CN(C(=O)CO)c1c(I)c(C(=O)NCC(O)CO)c(I)c(C(=O)NCC(O)CO)c1I			-1.38	8	7	179.66	10			31	1	CN(C(=O)CO)c1c(I)c(C(=O)NCC(O)CO)c(I)c(C(=O)NCC(O)CO)c1I	ok
CHEMBL2107239	IOXITALAMIC ACID	4		Small molecule	0	0	0	1	0			0		CC(=O)Nc1c(I)c(C(=O)O)c(I)c(C(=O)NCCO)c1I			1.88	4	4	115.73	5			22	1	CC(=O)Nc1c(I)c(C(=O)O)c(I)c(C(=O)NCCO)c1I	ok
CHEMBL2107253	SULFADIMETHOXINE SODIUM	4		Small molecule	0	0	0	0	0			0		COc1cc([N-]S(=O)(=O)c2ccc(N)cc2)nc(OC)n1.[Na+]			0.88	7	2	116.43	5			21	2	COc1cc([N-]S(=O)(=O)c2ccc(N)cc2)nc(OC)n1	ok
CHEMBL2107260	SULFAMERAZINE SODIUM	4		Small molecule	0	0	0	0	0			0		Cc1ccnc([N-]S(=O)(=O)c2ccc(N)cc2)n1.[Na+]			1.17	5	2	97.97	3			18	2	Cc1ccnc([N-]S(=O)(=O)c2ccc(N)cc2)n1	ok
CHEMBL2107312	ARBACLOFEN PLACARBIL	3		Small molecule	0	0	0	1	1			0		CC(C)C(=O)O[C@@H](OC(=O)NC[C@H](CC(=O)O)c1ccc(Cl)cc1)C(C)C			3.81	5	2	101.93	9			27	1	CC(C)C(=O)O[C@@H](OC(=O)NC[C@H](CC(=O)O)c1ccc(Cl)cc1)C(C)C	ok
CHEMBL2107313	BECATECARIN	3		Small molecule	0	0	0	1	0			0		CCN(CC)CCN1C(=O)c2c(c3c4cccc(Cl)c4n([C@@H]4O[C@H](CO)[C@@H](OC)[C@H](O)[C@H]4O)c3c3[nH]c4c(Cl)cccc4c23)C1=O			4.3	9	4	140.49	8			46	5	CCN(CC)CCN1C(=O)c2c(c3c4cccc(Cl)c4n([C@@H]4O[C@H](CO)[C@@H](OC)[C@H](O)[C@H]4O)c3c3[nH]c4c(Cl)cccc4c23)C1=O	ok
CHEMBL2107333	DIMETHYL FUMARATE	4	2013	Small molecule	1	0	0	1	0			0		COC(=O)/C=C/C(=O)OC			-0.11	4	0	52.6	2			10	0	COC(=O)/C=C/C(=O)OC	ok
CHEMBL2107334	DISUFENTON SODIUM	3		Small molecule	0	0	0	0	0			0		CC(C)(C)[N+]([O-])=Cc1ccc(S(=O)(=O)[O-])cc1S(=O)(=O)[O-].[Na+].[Na+]			0.91	5	2	134.81	3			21	1	CC(C)(C)[N+]([O-])=Cc1ccc(S(=O)(=O)[O-])cc1S(=O)(=O)[O-]	ok
CHEMBL2107338	EPRODISATE DISODIUM	3		Small molecule	0	0	0	0	0			0		O=S(=O)([O-])CCCS(=O)(=O)[O-].[Na+].[Na+]			-0.85	4	2	108.74	4			11	0	O=S(=O)([O-])CCCS(=O)(=O)[O-]	ok
CHEMBL2107354	MIFAMURTIDE	4	2009	Small molecule	0	0	0	1	0			0		CCCCCCCCCCCCCCCC(=O)OC[C@H](COP(=O)([O-])OCCNC(=O)[C@H](C)NC(=O)CC[C@@H](NC(=O)[C@H](C)NC(=O)[C@@H](C)O[C@H]1[C@H](O)[C@@H](CO)OC(O)[C@@H]1NC(C)=O)C(N)=O)OC(=O)CCCCCCCCCCCCCCC.O.[Na+]												CCCCCCCCCCCCCCCC(=O)OC[C@H](COP(=O)([O-])OCCNC(=O)[C@H](C)NC(=O)CC[C@@H](NC(=O)[C@H](C)NC(=O)[C@@H](C)O[C@H]1[C@H](O)[C@@H](CO)OC(O)[C@@H]1NC(C)=O)C(N)=O)OC(=O)CCCCCCCCCCCCCCC	ok
CHEMBL2107360	PALIPERIDONE PALMITATE	4	2009	Small molecule	0	1	0	0	1			0		CCCCCCCCCCCCCCCC(=O)OC1CCCn2c1nc(C)c(CCN1CCC(c3noc4cc(F)ccc34)CC1)c2=O			9.11	8	0	90.46	19			48	3	CCCCCCCCCCCCCCCC(=O)OC1CCCn2c1nc(C)c(CCN1CCC(c3noc4cc(F)ccc34)CC1)c2=O	ok
CHEMBL2107378	TEDISAMIL SESQUIFUMARATE	3		Small molecule	0	0	0	0	0			0		C1CCC2(C1)[C@H]1CN(CC3CC3)C[C@@H]2CN(CC2CC2)C1.C1CCC2(C1)[C@H]1CN(CC3CC3)C[C@@H]2CN(CC2CC2)C1.O=C(O)/C=C/C(=O)O.O=C(O)/C=C/C(=O)O.O=C(O)/C=C/C(=O)O			3.23	2	0	6.48	4			21	0	C1CCC2(C1)[C@H]1CN(CC3CC3)C[C@@H]2CN(CC2CC2)C1	ok
CHEMBL2107381	URIDINE TRIACETATE	4	2015	Small molecule	1	0	0	1	1			0		CC(=O)OC[C@H]1O[C@@H](n2ccc(=O)[nH]c2=O)[C@H](OC(C)=O)[C@@H]1OC(C)=O			-1.14	10	1	142.99	5			26	1	CC(=O)OC[C@H]1O[C@@H](n2ccc(=O)[nH]c2=O)[C@H](OC(C)=O)[C@@H]1OC(C)=O	ok
CHEMBL2107430	FLUTRIMAZOLE	4		Small molecule	0	0	0	0	0			0		Fc1ccc(C(c2ccccc2)(c2ccccc2F)n2ccnc2)cc1			5	2	0	17.82	4			26	4	Fc1ccc(C(c2ccccc2)(c2ccccc2F)n2ccnc2)cc1	ok
CHEMBL2107431	LYNESTRENOL	4		Small molecule	0	0	0	1	0			0		C#C[C@]1(O)CC[C@H]2[C@@H]3CCC4=CCCC[C@@H]4[C@H]3CC[C@@]21C			4.31	1	1	20.23	0			21	0	C#C[C@]1(O)CC[C@H]2[C@@H]3CCC4=CCCC[C@@H]4[C@H]3CC[C@@]21C	ok
CHEMBL2107455	IGURATIMOD	3		Small molecule	0	0	0	1	0			0		CS(=O)(=O)Nc1cc2occ(NC=O)c(=O)c2cc1Oc1ccccc1			2.53	6	2	114.71	6			26	3	CS(=O)(=O)Nc1cc2occ(NC=O)c(=O)c2cc1Oc1ccccc1	ok
CHEMBL2107456	LIMAPROST	3		Small molecule	0	0	0	1	0			0		CCCC[C@H](C)C[C@H](O)/C=C/[C@H]1[C@H](O)CC(=O)[C@@H]1CCCC/C=C/C(=O)O			3.89	4	3	94.83	13			27	0	CCCC[C@H](C)C[C@H](O)/C=C/[C@H]1[C@H](O)CC(=O)[C@@H]1CCCC/C=C/C(=O)O	ok
CHEMBL2107457	ITOPRIDE	3		Small molecule	0	0	0	1	0			0		COc1ccc(C(=O)NCc2ccc(OCCN(C)C)cc2)cc1OC			2.57	5	1	60.03	9			26	2	COc1ccc(C(=O)NCc2ccc(OCCN(C)C)cc2)cc1OC	ok
CHEMBL2107486	TEBIPENEM PIVOXIL	3		Small molecule	0	0	0	1	1			0		C[C@@H](O)[C@H]1C(=O)N2C(C(=O)OCOC(=O)C(C)(C)C)=C(SC3CN(C4=NCCS4)C3)[C@H](C)[C@H]12			1.67	10	1	108.74	6			33	0	C[C@@H](O)[C@H]1C(=O)N2C(C(=O)OCOC(=O)C(C)(C)C)=C(SC3CN(C4=NCCS4)C3)[C@H](C)[C@H]12	ok
CHEMBL2107519	CHLORNAPHAZINE	4		Small molecule	0	0	0	1	0			0		ClCCN(CCCl)c1ccc2ccccc2c1			4.12	1	0	3.24	5			17	2	ClCCN(CCCl)c1ccc2ccccc2c1	ok
CHEMBL2107554	SODIUM DIBUNATE	4		Small molecule	0	0	0	0	0			0		CC(C)(C)c1ccc2c(S(=O)(=O)[O-])c(C(C)(C)C)ccc2c1.[Na+]			4.68	2	1	54.37	1			22	2	CC(C)(C)c1ccc2c(S(=O)(=O)[O-])c(C(C)(C)C)ccc2c1	ok
CHEMBL2107723	ACOTIAMIDE	3		Small molecule	0	0	0	1	0			0		COc1cc(O)c(C(=O)Nc2nc(C(=O)NCCN(C(C)C)C(C)C)cs2)cc1OC			2.97	8	3	113.02	10			31	2	COc1cc(O)c(C(=O)Nc2nc(C(=O)NCCN(C(C)C)C(C)C)cs2)cc1OC	ok
CHEMBL2107726	ARIMOCLOMOL	4	2024	Small molecule	1	0	0	1	0			0		[O-][n+]1cccc(/C(Cl)=N/OC[C@H](O)CN2CCCCC2)c1			1.08	5	1	72	6			21	1	[O-][n+]1cccc(/C(Cl)=N/OC[C@H](O)CN2CCCCC2)c1	ok
CHEMBL2107751	FLUORESCEIN LISICOL	3		Small molecule	0	0	0	1	0			0		C[C@H](CCC(=O)N[C@@H](CCCCNC(=S)Nc1ccc2c(c1)C(=O)OC21c2ccc(O)cc2Oc2cc(O)ccc21)C(=O)O)[C@H]1CC[C@H]2[C@@H]3[C@H](O)C[C@@H]4C[C@H](O)CC[C@]4(C)[C@H]3C[C@H](O)[C@]12C			7.07	11	9	227.14	12			66	3	C[C@H](CCC(=O)N[C@@H](CCCCNC(=S)Nc1ccc2c(c1)C(=O)OC21c2ccc(O)cc2Oc2cc(O)ccc21)C(=O)O)[C@H]1CC[C@H]2[C@@H]3[C@H](O)C[C@@H]4C[C@H](O)CC[C@]4(C)[C@H]3C[C@H](O)[C@]12C	ok
CHEMBL2107771	RALFINAMIDE	3		Small molecule	0	0	0	0	0			0		C[C@H](NCc1ccc(OCc2ccccc2F)cc1)C(N)=O			2.37	3	2	64.35	7			22	2	C[C@H](NCc1ccc(OCc2ccccc2F)cc1)C(N)=O	ok
CHEMBL2107773	RITOBEGRON	3		Small molecule	0	0	0	1	0			0		Cc1cc(OCC(=O)O)c(C)cc1CCN[C@@H](C)[C@H](O)c1ccc(O)cc1			2.73	5	4	99.02	9			27	2	Cc1cc(OCC(=O)O)c(C)cc1CCN[C@@H](C)[C@H](O)c1ccc(O)cc1	ok
CHEMBL2107777	SATAVAPTAN	3		Small molecule	0	0	0	0	0			0		CCOc1ccc2c(c1)[C@]1(CC[C@H](CCN3CCOCC3)CC1)C(=O)N2S(=O)(=O)c1ccc(C(=O)NC(C)(C)C)cc1OC			4.51	8	1	114.48	9			44	2	CCOc1ccc2c(c1)[C@]1(CC[C@H](CCN3CCOCC3)CC1)C(=O)N2S(=O)(=O)c1ccc(C(=O)NC(C)(C)C)cc1OC	ok
CHEMBL2107784	TASQUINIMOD	3		Small molecule	0	0	0	0	0			0		COc1cccc2c1c(O)c(C(=O)N(C)c1ccc(C(F)(F)F)cc1)c(=O)n2C			3.55	5	1	71.77	3			29	3	COc1cccc2c1c(O)c(C(=O)N(C)c1ccc(C(F)(F)F)cc1)c(=O)n2C	ok
CHEMBL2107786	TERUTROBAN	3		Small molecule	0	0	0	0	0			0		Cc1ccc2c(c1CCC(=O)O)CC[C@@H](NS(=O)(=O)c1ccc(Cl)cc1)C2			3.5	3	2	83.47	6			27	2	Cc1ccc2c(c1CCC(=O)O)CC[C@@H](NS(=O)(=O)c1ccc(Cl)cc1)C2	ok
CHEMBL2107787	TESETAXEL	3		Small molecule	0	0	0	0	0			0		CC(=O)O[C@@]12CO[C@@H]1CC[C@@]1(C)[C@@H]3O[C@H](CN(C)C)O[C@@H]3C3=C(C)[C@@H](OC(=O)[C@H](O)[C@@H](NC(=O)OC(C)(C)C)c4ncccc4F)C[C@@](O)([C@@H](OC(=O)c4ccccc4)[C@@H]12)C3(C)C			4.56	15	3	201.51	10			63	2	CC(=O)O[C@@]12CO[C@@H]1CC[C@@]1(C)[C@@H]3O[C@H](CN(C)C)O[C@@H]3C3=C(C)[C@@H](OC(=O)[C@H](O)[C@@H](NC(=O)OC(C)(C)C)c4ncccc4F)C[C@@](O)([C@@H](OC(=O)c4ccccc4)[C@@H]12)C3(C)C	ok
CHEMBL2107797	NORGESTREL	4	1968	Small molecule	1	0	0	1	0			0		C#CC1(O)CC[C@H]2[C@@H]3CCC4=CC(=O)CC[C@@H]4[C@H]3CC[C@@]21CC			3.88	2	1	37.3	1			23	0	C#CC1(O)CC[C@H]2[C@@H]3CCC4=CC(=O)CC[C@@H]4[C@H]3CC[C@@]21CC	ok
CHEMBL2107799	FLURPIRIDAZ F 18	4	2024	Small molecule	0	1	0	0	0			0		CC(C)(C)n1ncc(OCc2ccc(COCC[18F])cc2)c(Cl)c1=O			3.72	5	0	53.35	7			25	2	CC(C)(C)n1ncc(OCc2ccc(COCC[18F])cc2)c(Cl)c1=O	ok
CHEMBL2107806	TALAPORFIN SODIUM	4	2015	Small molecule	0	0	0	1	0			0		C=Cc1c(C)c2cc3nc(c(CC(=O)N[C@@H](CC(=O)[O-])C(=O)[O-])c4[nH]c(cc5nc(cc1[nH]2)C(C)=C5CC)c(C)c4C(=O)[O-])[C@@H](CCC(=O)[O-])[C@@H]3C.[Na+].[Na+].[Na+].[Na+]			5.95	7	7	235.66	12			52	3	C=Cc1c(C)c2cc3nc(c(CC(=O)N[C@@H](CC(=O)[O-])C(=O)[O-])c4[nH]c(cc5nc(cc1[nH]2)C(C)=C5CC)c(C)c4C(=O)[O-])[C@@H](CCC(=O)[O-])[C@@H]3C	ok
CHEMBL2107811	ZABOFLOXACIN	3		Small molecule	0	0	0	0	0			0		CO/N=C1\CN(c2nc3c(cc2F)c(=O)c(C(=O)O)cn3C2CC2)CC12CNC2			0.98	8	2	109.05	4			29	2	CO/N=C1\CN(c2nc3c(cc2F)c(=O)c(C(=O)O)cn3C2CC2)CC12CNC2	ok
CHEMBL2107817	AVIBACTAM SODIUM	4	2015	Small molecule	0	1	0	0	0			0		NC(=O)[C@@H]1CC[C@@H]2CN1C(=O)N2OS(=O)(=O)[O-].[Na+]			-1.53	5	2	130.24	3			17	0	NC(=O)[C@@H]1CC[C@@H]2CN1C(=O)N2OS(=O)(=O)[O-]	ok
CHEMBL2107818	ALDOXORUBICIN	3		Small molecule	0	0	0	1	1			0		COc1cccc2c1C(=O)c1c(O)c3c(c(O)c1C2=O)C[C@@](O)(/C(CO)=N/NC(=O)CCCCCN1C(=O)C=CC1=O)C[C@@H]3O[C@H]1C[C@H](N)[C@H](O)[C@H](C)O1			0.39	15	7	267.84	12			54	2	COc1cccc2c1C(=O)c1c(O)c3c(c(O)c1C2=O)C[C@@](O)(/C(CO)=N/NC(=O)CCCCCN1C(=O)C=CC1=O)C[C@@H]3O[C@H]1C[C@H](N)[C@H](O)[C@H](C)O1	ok
CHEMBL2107821	EMIXUSTAT	3		Small molecule	0	0	0	1	0			0		NCC[C@@H](O)c1cccc(OCC2CCCCC2)c1			3.03	3	2	55.48	6			19	1	NCC[C@@H](O)c1cccc(OCC2CCCCC2)c1	ok
CHEMBL2107825	TENOFOVIR ALAFENAMIDE	4	2015	Small molecule	1	0	0	1	1			0		CC(C)OC(=O)[C@H](C)N[P@](=O)(CO[C@H](C)Cn1cnc2c(N)ncnc21)Oc1ccccc1			2.97	10	2	143.48	11			33	3	CC(C)OC(=O)[C@H](C)N[P@](=O)(CO[C@H](C)Cn1cnc2c(N)ncnc21)Oc1ccccc1	ok
CHEMBL2107826	VIBEGRON	4		Small molecule	1	0	0	0	0			0		O=C(Nc1ccc(C[C@@H]2CC[C@H]([C@H](O)c3ccccc3)N2)cc1)[C@@H]1CCc2nccc(=O)n21			2.77	6	3	96.25	6			33	3	O=C(Nc1ccc(C[C@@H]2CC[C@H]([C@H](O)c3ccccc3)N2)cc1)[C@@H]1CCc2nccc(=O)n21	ok
CHEMBL2107830	EMPAGLIFLOZIN	4	2014	Small molecule	1	0	0	1	0			0		OC[C@H]1O[C@@H](c2ccc(Cl)c(Cc3ccc(O[C@H]4CCOC4)cc3)c2)[C@H](O)[C@@H](O)[C@@H]1O			1.61	7	4	108.61	6			31	2	OC[C@H]1O[C@@H](c2ccc(Cl)c(Cc3ccc(O[C@H]4CCOC4)cc3)c2)[C@H](O)[C@@H](O)[C@@H]1O	ok
CHEMBL2107831	LUSUTROMBOPAG	4	2018	Small molecule	1	0	0	1	0			0		CCCCCCO[C@@H](C)c1cccc(-c2csc(NC(=O)c3cc(Cl)c(/C=C(\C)C(=O)O)c(Cl)c3)n2)c1OC			8.52	6	2	97.75	13			39	3	CCCCCCO[C@@H](C)c1cccc(-c2csc(NC(=O)c3cc(Cl)c(/C=C(\C)C(=O)O)c(Cl)c3)n2)c1OC	ok
CHEMBL2107834	RIOCIGUAT	4	2013	Small molecule	1	0	0	0	0			0		COC(=O)N(C)c1c(N)nc(-c2nn(Cc3ccccc3F)c3ncccc23)nc1N			2.44	9	2	138.07	4			31	4	COC(=O)N(C)c1c(N)nc(-c2nn(Cc3ccccc3F)c3ncccc23)nc1N	ok
CHEMBL2110579	ANAMORELIN	3		Small molecule	0	0	0	1	0			0		CN(C)N(C)C(=O)[C@@]1(Cc2ccccc2)CCCN(C(=O)[C@@H](Cc2c[nH]c3ccccc23)NC(=O)C(C)(C)N)C1			2.72	5	3	114.77	9			40	3	CN(C)N(C)C(=O)[C@@]1(Cc2ccccc2)CCCN(C(=O)[C@@H](Cc2c[nH]c3ccccc23)NC(=O)C(C)(C)N)C1	ok
CHEMBL2110587	TASISULAM	3		Small molecule	0	0	0	1	0			0		O=C(NS(=O)(=O)c1ccc(Br)s1)c1ccc(Cl)cc1Cl			3.94	4	1	63.24	3			20	2	O=C(NS(=O)(=O)c1ccc(Br)s1)c1ccc(Cl)cc1Cl	ok
CHEMBL2110588	ELIGLUSTAT	4	2014	Small molecule	1	0	0	1	0			0		CCCCCCCC(=O)N[C@H](CN1CCCC1)[C@H](O)c1ccc2c(c1)OCCO2			3.43	5	2	71.03	11			29	1	CCCCCCCC(=O)N[C@H](CN1CCCC1)[C@H](O)c1ccc2c(c1)OCCO2	ok
CHEMBL2110636	BUNAMIODYL	4		Small molecule	0	0	0	1	0			0		CCCC(=O)Nc1c(I)cc(I)c(/C=C(\CC)C(=O)O)c1I			5.12	2	2	66.4	6			22	1	CCCC(=O)Nc1c(I)cc(I)c(/C=C(\CC)C(=O)O)c1I	ok
CHEMBL2110675	IODOCHOLESTEROL	3		Small molecule	0	0	0	1	0			0		CC(C)CCC[C@@H](C)[C@H]1CC[C@H]2[C@@H]3CC=C4C[C@@H](O)CC[C@]4(CI)[C@H]3CC[C@]12C			7.8	1	1	20.23	6			29	0	CC(C)CCC[C@@H](C)[C@H]1CC[C@H]2[C@@H]3CC=C4C[C@@H](O)CC[C@]4(CI)[C@H]3CC[C@]12C	ok
CHEMBL2110725	VINFLUNINE	4	2009	Small molecule	0	0	0	0	0			0		CC[C@]12C=CCN3CC[C@@]4(c5cc([C@@]6(C(=O)OC)C[C@@H]7C[C@@H](C(C)(F)F)CN(Cc8c6[nH]c6ccccc86)C7)c(OC)cc5N(C)[C@H]4[C@@](O)(C(=O)OC)[C@@H]1OC(C)=O)[C@@H]32			5.08	11	2	133.87	7			59	3	CC[C@]12C=CCN3CC[C@@]4(c5cc([C@@]6(C(=O)OC)C[C@@H]7C[C@@H](C(C)(F)F)CN(Cc8c6[nH]c6ccccc86)C7)c(OC)cc5N(C)[C@H]4[C@@](O)(C(=O)OC)[C@@H]1OC(C)=O)[C@@H]32	ok
CHEMBL2110727	CENICRIVIROC	3		Small molecule	0	0	0	1	0			0		CCCCOCCOc1ccc(-c2ccc3c(c2)/C=C(/C(=O)Nc2ccc([S@@+]([O-])Cc4cncn4CCC)cc2)CCCN3CC(C)C)cc1			8.74	7	1	91.68	17			50	4	CCCCOCCOc1ccc(-c2ccc3c(c2)/C=C(/C(=O)Nc2ccc([S@@+]([O-])Cc4cncn4CCC)cc2)CCCN3CC(C)C)cc1	ok
CHEMBL2110730	POMAGLUMETAD METHIONIL ANHYDROUS	3		Small molecule	0	0	0	0	1			0		CSCC[C@H](N)C(=O)N[C@@]1(C(=O)O)CS(=O)(=O)[C@H]2[C@H](C(=O)O)[C@H]21			-1.87	7	4	163.86	7			23	0	CSCC[C@H](N)C(=O)N[C@@]1(C(=O)O)CS(=O)(=O)[C@H]2[C@H](C(=O)O)[C@H]21	ok
CHEMBL2110731	TOFOGLIFLOZIN ANHYDROUS	4		Small molecule	1	0	0	1	0			0		CCc1ccc(Cc2ccc3c(c2)[C@]2(OC3)O[C@H](CO)[C@@H](O)[C@H](O)[C@H]2O)cc1			1	6	4	99.38	4			28	2	CCc1ccc(Cc2ccc3c(c2)[C@]2(OC3)O[C@H](CO)[C@@H](O)[C@H](O)[C@H]2O)cc1	ok
CHEMBL2110732	DACOMITINIB ANHYDROUS	4	2018	Small molecule	1	0	0	0	0			0		COc1cc2ncnc(Nc3ccc(F)c(Cl)c3)c2cc1NC(=O)/C=C/CN1CCCCC1			5.16	6	2	79.38	7			33	3	COc1cc2ncnc(Nc3ccc(F)c(Cl)c3)c2cc1NC(=O)/C=C/CN1CCCCC1	ok
CHEMBL2110773	CIMETROPIUM	3		Small molecule	0	0	0	1	0			0		C[N+]1(CC2CC2)[C@@H]2C[C@@H](OC(=O)[C@H](CO)c3ccccc3)C[C@H]1[C@@H]1O[C@@H]12			1.84	4	1	59.06	6			26	1	C[N+]1(CC2CC2)[C@@H]2C[C@@H](OC(=O)[C@H](CO)c3ccccc3)C[C@H]1[C@@H]1O[C@@H]12	ok
CHEMBL2110774	CHLORPHENOXAMINE	4		Small molecule	0	0	0	1	0			0		CN(C)CCOC(C)(c1ccccc1)c1ccc(Cl)cc1			4.18	2	0	12.47	6			21	2	CN(C)CCOC(C)(c1ccccc1)c1ccc(Cl)cc1	ok
CHEMBL2110791	CLAMOXYQUIN	3		Small molecule	0	0	0	0	0			0		CCN(CC)CCCNCc1cc(Cl)c2cccnc2c1O			3.42	4	2	48.39	8			22	2	CCN(CC)CCCNCc1cc(Cl)c2cccnc2c1O	ok
CHEMBL2110805	EMEPRONIUM	4		Small molecule	0	0	0	0	0			0		CC[N+](C)(C)C(C)CC(c1ccccc1)c1ccccc1			4.69	0	0	0	6			21	2	CC[N+](C)(C)C(C)CC(c1ccccc1)c1ccccc1	ok
CHEMBL2110816	BUTRIPTYLINE	4		Small molecule	0	0	0	1	0			0		CC(CC1c2ccccc2CCc2ccccc21)CN(C)C			4.5	1	0	3.24	4			22	2	CC(CC1c2ccccc2CCc2ccccc21)CN(C)C	ok
CHEMBL2110900	DAPOXETINE	3		Small molecule	0	0	0	1	0			0		CN(C)[C@@H](CCOc1cccc2ccccc12)c1ccccc1			4.91	2	0	12.47	6			23	3	CN(C)[C@@H](CCOc1cccc2ccccc12)c1ccccc1	ok
CHEMBL2110954	NERAMEXANE	3		Small molecule	0	0	0	1	0			0		CC1(C)CC(C)(C)CC(C)(N)C1			2.94	1	1	26.02	0			12	0	CC1(C)CC(C)(C)CC(C)(N)C1	ok
CHEMBL2110962	MEFENOREX	4		Small molecule	0	0	0	0	0			0		CC(Cc1ccccc1)NCCCCl			2.84	1	1	12.03	6			14	1	CC(Cc1ccccc1)NCCCCl	ok
CHEMBL2110978	METHIODAL	4		Small molecule	0	0	0	0	0			0		O=S(=O)(O)CI			0.27	2	1	54.37	1			6	0	O=S(=O)(O)CI	ok
CHEMBL2111029	OGLUFANIDE	3		Small molecule	0	0	0	1	0			0		N[C@@H](CCC(=O)O)C(=O)N[C@@H](Cc1c[nH]c2ccccc12)C(=O)O			0.47	4	5	145.51	8			24	2	N[C@@H](CCC(=O)O)C(=O)N[C@@H](Cc1c[nH]c2ccccc12)C(=O)O	ok
CHEMBL2111030	PROTHIPENDYL	4		Small molecule	0	0	0	1	0			0		CN(C)CCCN1c2ccccc2Sc2cccnc21			3.64	4	0	19.37	4			20	2	CN(C)CCCN1c2ccccc2Sc2cccnc21	ok
CHEMBL2111084	BELOTECAN	3		Small molecule	0	0	0	1	0			0		CC[C@@]1(O)C(=O)OCc2c1cc1n(c2=O)Cc2c-1nc1ccccc1c2CCNC(C)C			2.62	7	2	93.45	5			32	3	CC[C@@]1(O)C(=O)OCc2c1cc1n(c2=O)Cc2c-1nc1ccccc1c2CCNC(C)C	ok
CHEMBL2111086	CANFOSFAMIDE	3		Small molecule	0	0	0	1	1			0		N[C@@H](CCC(=O)N[C@@H](CS(=O)(=O)CCOP(=O)(N(CCCl)CCCl)N(CCCl)CCCl)C(=O)N[C@@H](C(=O)O)c1ccccc1)C(=O)O			1.7	9	5	225.74	25			47	1	N[C@@H](CCC(=O)N[C@@H](CS(=O)(=O)CCOP(=O)(N(CCCl)CCCl)N(CCCl)CCCl)C(=O)N[C@@H](C(=O)O)c1ccccc1)C(=O)O	ok
CHEMBL2111090	DISUFENTON	3		Small molecule	0	0	0	0	0			0		CC(C)(C)[N+]([O-])=Cc1ccc(S(=O)(=O)O)cc1S(=O)(=O)O			0.91	5	2	134.81	3			21	1	CC(C)(C)[N+]([O-])=Cc1ccc(S(=O)(=O)O)cc1S(=O)(=O)O	ok
CHEMBL2111092	EPRODISATE	3		Small molecule	0	0	0	0	0			0		O=S(=O)(O)CCCS(=O)(=O)O			-0.85	4	2	108.74	4			11	0	O=S(=O)(O)CCCS(=O)(=O)O	ok
CHEMBL2111097	LEVAMLODIPINE	4	2019	Small molecule	1	0	0	1	0			0		CCOC(=O)C1=C(COCCN)NC(C)=C(C(=O)OC)[C@@H]1c1ccccc1Cl			2.27	7	2	99.88	8			28	1	CCOC(=O)C1=C(COCCN)NC(C)=C(C(=O)OC)[C@@H]1c1ccccc1Cl	ok
CHEMBL2111100	MIFAMURTIDE ACID	4	2009	Small molecule	0	0	0	1	0			0		CCCCCCCCCCCCCCCC(=O)OC[C@H](COP(=O)(O)OCCNC(=O)[C@H](C)NC(=O)CC[C@@H](NC(=O)[C@H](C)NC(=O)[C@@H](C)O[C@H]1[C@H](O)[C@@H](CO)OC(O)[C@@H]1NC(C)=O)C(N)=O)OC(=O)CCCCCCCCCCCCCCC												CCCCCCCCCCCCCCCC(=O)OC[C@H](COP(=O)(O)OCCNC(=O)[C@H](C)NC(=O)CC[C@@H](NC(=O)[C@H](C)NC(=O)[C@@H](C)O[C@H]1[C@H](O)[C@@H](CO)OC(O)[C@@H]1NC(C)=O)C(N)=O)OC(=O)CCCCCCCCCCCCCCC	ok
CHEMBL2111101	PIMAVANSERIN	4	2016	Small molecule	1	0	0	0	0			0		CC(C)COc1ccc(CNC(=O)N(Cc2ccc(F)cc2)C2CCN(C)CC2)cc1			4.67	3	1	44.81	8			31	2	CC(C)COc1ccc(CNC(=O)N(Cc2ccc(F)cc2)C2CCN(C)CC2)cc1	RISK
CHEMBL2111108	TARIBAVIRIN	3		Small molecule	0	0	0	1	1			0		N=C(N)c1ncn([C@@H]2O[C@H](CO)[C@@H](O)[C@H]2O)n1			-2.83	8	5	150.5	3			17	1	N=C(N)c1ncn([C@@H]2O[C@H](CO)[C@@H](O)[C@H]2O)n1	ok
CHEMBL2111112	VERNAKALANT	4	2010	Small molecule	0	0	0	1	0			0		COc1ccc(CCO[C@@H]2CCCC[C@H]2N2CC[C@@H](O)C2)cc1OC			2.64	5	1	51.16	7			25	1	COc1ccc(CCO[C@@H]2CCCC[C@H]2N2CC[C@@H](O)C2)cc1OC	ok
CHEMBL2111186	TALAPORFIN	4	2015	Small molecule	0	0	0	1	0			0		C=Cc1c(C)c2cc3nc(c(CC(=O)N[C@@H](CC(=O)O)C(=O)O)c4[nH]c(cc5nc(cc1[nH]2)C(C)=C5CC)c(C)c4C(=O)O)[C@@H](CCC(=O)O)[C@@H]3C			5.95	7	7	235.66	12			52	3	C=Cc1c(C)c2cc3nc(c(CC(=O)N[C@@H](CC(=O)O)C(=O)O)c4[nH]c(cc5nc(cc1[nH]2)C(C)=C5CC)c(C)c4C(=O)O)[C@@H](CCC(=O)O)[C@@H]3C	ok
CHEMBL211456	EPHEDRINE	4	2016	Small molecule	0	1	0	1	0			0		CN[C@@H](C)[C@H](O)c1ccccc1			1.33	2	2	32.26	3			12	1	CN[C@@H](C)[C@H](O)c1ccccc1	ok
CHEMBL21333	PRANLUKAST	4	1995	Small molecule	1	0	0	1	0			0		O=C(Nc1cccc2c(=O)cc(-c3nnn[nH]3)oc12)c1ccc(OCCCCc2ccccc2)cc1			4.63	7	2	123	9			36	5	O=C(Nc1cccc2c(=O)cc(-c3nnn[nH]3)oc12)c1ccc(OCCCCc2ccccc2)cc1	ok
CHEMBL2137148	MOCRAVIMOD	3		Small molecule	0	0	0	0	0			0		NC(CO)(CO)CCc1ccc(Sc2cccc(OCc3ccccc3)c2)cc1Cl			4.68	5	3	75.71	10			30	3	NC(CO)(CO)CCc1ccc(Sc2cccc(OCc3ccccc3)c2)cc1Cl	ok
CHEMBL213907	THIOCOLCHICOSIDE	3		Small molecule	0	0	0	1	0			0		COc1c(O[C@@H]2O[C@H](CO)[C@@H](O)[C@H](O)[C@H]2O)cc2c(c1OC)-c1ccc(SC)c(=O)cc1[C@@H](NC(C)=O)CC2			0.75	11	5	164.01	7			39	2	COc1c(O[C@@H]2O[C@H](CO)[C@@H](O)[C@H](O)[C@H]2O)cc2c(c1OC)-c1ccc(SC)c(=O)cc1[C@@H](NC(C)=O)CC2	ok
CHEMBL2141296	IXAZOMIB	3		Small molecule	0	0	0	1	0			0		CC(C)C[C@H](NC(=O)CNC(=O)c1cc(Cl)ccc1Cl)B(O)O												CC(C)C[C@H](NC(=O)CNC(=O)c1cc(Cl)ccc1Cl)B(O)O	ok
CHEMBL2146124	CEFUROXIME SODIUM	4	1983	Small molecule	0	1	0	1	0			0		CO/N=C(\C(=O)N[C@@H]1C(=O)N2C(C(=O)[O-])=C(COC(N)=O)CS[C@H]12)c1ccco1.[Na+]			-0.54	9	3	173.76	7			29	1	CO/N=C(\C(=O)N[C@@H]1C(=O)N2C(C(=O)[O-])=C(COC(N)=O)CS[C@H]12)c1ccco1	ok
CHEMBL2146883	COBIMETINIB	4	2015	Small molecule	1	0	0	0	0			0		O=C(c1ccc(F)c(F)c1Nc1ccc(I)cc1F)N1CC(O)([C@@H]2CCCCN2)C1			3.78	4	3	64.6	4			30	2	O=C(c1ccc(F)c(F)c1Nc1ccc(I)cc1F)N1CC(O)([C@@H]2CCCCN2)C1	ok
CHEMBL2147777	TENELIGLIPTIN	4		Small molecule	1	0	0	1	0			0		Cc1cc(N2CCN([C@@H]3CN[C@H](C(=O)N4CCSC4)C3)CC2)n(-c2ccccc2)n1			1.57	7	1	56.64	4			30	2	Cc1cc(N2CCN([C@@H]3CN[C@H](C(=O)N4CCSC4)C3)CC2)n(-c2ccccc2)n1	ok
CHEMBL2151572	ENCENICLINE	3		Small molecule	0	0	0	1	0			0		O=C(N[C@H]1CN2CCC1CC2)c1cc2cccc(Cl)c2s1			3.38	3	1	32.34	2			21	2	O=C(N[C@H]1CN2CCC1CC2)c1cc2cccc(Cl)c2s1	ok
CHEMBL215303	GARENOXACIN	4	2007	Small molecule	0	0	0	0	0			0		C[C@H]1NCc2cc(-c3ccc4c(=O)c(C(=O)O)cn(C5CC5)c4c3OC(F)F)ccc21			4.47	5	2	80.56	5			31	3	C[C@H]1NCc2cc(-c3ccc4c(=O)c(C(=O)O)cn(C5CC5)c4c3OC(F)F)ccc21	ok
CHEMBL21536	XANOMELINE	4	2024	Small molecule	1	0	0	0	0			0		CCCCCCOc1nsnc1C1=CCCN(C)C1			3.22	5	0	38.25	7			19	1	CCCCCCOc1nsnc1C1=CCCN(C)C1	ok
CHEMBL2158051	XEVINAPANT	3		Small molecule	0	0	0	0	0			0		CN[C@@H](C)C(=O)N[C@H]1CN(C(=O)CC(C)C)CC[C@H]2CC[C@@H](C(=O)NC(c3ccccc3)c3ccccc3)N2C1=O			2.62	5	3	110.85	9			41	2	CN[C@@H](C)C(=O)N[C@H]1CN(C(=O)CC(C)C)CC[C@H]2CC[C@@H](C(=O)NC(c3ccccc3)c3ccccc3)N2C1=O	ok
CHEMBL2158614	FLUTAFURANOL F 18	3		Small molecule	0	0	0	0	0			0		CNc1ccc(-c2cc3cc(O)ccc3o2)c([18F])n1			3.38	4	2	58.29	2			19	3	CNc1ccc(-c2cc3cc(O)ccc3o2)c([18F])n1	ok
CHEMBL2159122	ELUXADOLINE	4	2015	Small molecule	1	0	0	1	0			0		COc1ccc(CN(C(=O)[C@@H](N)Cc2c(C)cc(C(N)=O)cc2C)[C@@H](C)c2ncc(-c3ccccc3)[nH]2)cc1C(=O)O			4.16	6	4	164.63	11			42	4	COc1ccc(CN(C(=O)[C@@H](N)Cc2c(C)cc(C(N)=O)cc2C)[C@@H](C)c2ncc(-c3ccccc3)[nH]2)cc1C(=O)O	ok
CHEMBL2163631	SABIZABULIN	3		Small molecule	0	0	0	0	0			0		COc1cc(C(=O)c2cnc(-c3c[nH]c4ccccc34)[nH]2)cc(OC)c1OC			3.81	5	2	89.23	6			28	4	COc1cc(C(=O)c2cnc(-c3c[nH]c4ccccc34)[nH]2)cc(OC)c1OC	ok
CHEMBL2165224	ANISODAMINE	3		Small molecule	0	0	0	1	0			0		CN1[C@H]2C[C@H](OC(=O)[C@H](CO)c3ccccc3)C[C@@H]1[C@@H](O)C2			0.9	5	2	70	4			22	1	CN1[C@H]2C[C@H](OC(=O)[C@H](CO)c3ccccc3)C[C@@H]1[C@@H](O)C2	ok
CHEMBL2165326	APROCITENTAN	4	2024	Small molecule	1	0	0	0	0			0		NS(=O)(=O)Nc1ncnc(OCCOc2ncc(Br)cn2)c1-c1ccc(Br)cc1			2.53	8	2	142.21	8			29	3	NS(=O)(=O)Nc1ncnc(OCCOc2ncc(Br)cn2)c1-c1ccc(Br)cc1	ok
CHEMBL2165402	INGENOL	3		Small molecule	0	0	0	1	0			0		CC1=C[C@]23C(=O)[C@@H](C=C(CO)[C@@H](O)[C@]2(O)[C@H]1O)[C@H]1[C@@H](C[C@H]3C)C1(C)C			0.82	5	4	97.99	1			25	0	CC1=C[C@]23C(=O)[C@@H](C=C(CO)[C@@H](O)[C@]2(O)[C@H]1O)[C@H]1[C@@H](C[C@H]3C)C1(C)C	ok
CHEMBL216913	MITOGUAZONE	3		Small molecule	0	0	0	1	0			0		CC(/C=N/NC(=N)N)=N\NC(=N)N			-1.69	4	6	148.52	3			13	0	CC(/C=N/NC(=N)N)=N\NC(=N)N	ok
CHEMBL217092	SARACATINIB	3		Small molecule	0	0	0	1	0			0		CN1CCN(CCOc2cc(OC3CCOCC3)c3c(Nc4c(Cl)ccc5c4OCO5)ncnc3c2)CC1			3.94	10	1	90.44	8			38	3	CN1CCN(CCOc2cc(OC3CCOCC3)c3c(Nc4c(Cl)ccc5c4OCO5)ncnc3c2)CC1	ok
CHEMBL21731	MAPROTILINE	4	1980	Small molecule	1	0	0	1	0			0		CNCCCC12CCC(c3ccccc31)c1ccccc12			4.21	1	1	12.03	4			21	2	CNCCCC12CCC(c3ccccc31)c1ccccc12	ok
CHEMBL2177390	IPATASERTIB	3		Small molecule	0	0	0	1	0			0		CC(C)NC[C@@H](C(=O)N1CCN(c2ncnc3c2[C@H](C)C[C@H]3O)CC1)c1ccc(Cl)cc1			3.1	6	2	81.59	6			32	2	CC(C)NC[C@@H](C(=O)N1CCN(c2ncnc3c2[C@H](C)C[C@H]3O)CC1)c1ccc(Cl)cc1	ok
CHEMBL2178422	RIMEGEPANT	4	2020	Small molecule	1	0	0	0	0			0		N[C@@H]1c2cccnc2[C@H](OC(=O)N2CCC(n3c(=O)[nH]c4ncccc43)CC2)CC[C@H]1c1cccc(F)c1F			4.49	7	2	119.13	3			39	4	N[C@@H]1c2cccnc2[C@H](OC(=O)N2CCC(n3c(=O)[nH]c4ncccc43)CC2)CC[C@H]1c1cccc(F)c1F	ok
CHEMBL2178578	VERCIRNON	3		Small molecule	0	0	0	0	0			0		CC(C)(C)c1ccc(S(=O)(=O)Nc2ccc(Cl)cc2C(=O)c2cc[n+]([O-])cc2)cc1			4.3	4	1	90.18	5			30	3	CC(C)(C)c1ccc(S(=O)(=O)Nc2ccc(Cl)cc2C(=O)c2cc[n+]([O-])cc2)cc1	ok
CHEMBL218166	BIFEPRUNOX	3		Small molecule	0	0	0	1	0			0		O=c1[nH]c2cccc(N3CCN(Cc4cccc(-c5ccccc5)c4)CC3)c2o1			4.11	4	1	52.48	4			29	4	O=c1[nH]c2cccc(N3CCN(Cc4cccc(-c5ccccc5)c4)CC3)c2o1	ok
CHEMBL2181927	FINERENONE	4	2021	Small molecule	1	0	0	0	0			0		CCOc1ncc(C)c2c1[C@H](c1ccc(C#N)cc1OC)C(C(N)=O)=C(C)N2			2.99	6	2	110.26	5			28	2	CCOc1ncc(C)c2c1[C@H](c1ccc(C#N)cc1OC)C(C(N)=O)=C(C)N2	ok
CHEMBL218291	FORODESINE	4	2017	Small molecule	0	0	0	1	0			0		O=c1[nH]cnc2c([C@@H]3N[C@H](CO)[C@@H](O)[C@H]3O)c[nH]c12			-2.02	6	6	134.26	2			19	2	O=c1[nH]cnc2c([C@@H]3N[C@H](CO)[C@@H](O)[C@H]3O)c[nH]c12	ok
CHEMBL218394	BOCEPREVIR	4	2011	Small molecule	1	0	0	1	0			0		CC(C)(C)NC(=O)N[C@H](C(=O)N1C[C@H]2[C@@H]([C@H]1C(=O)NC(CC1CCC1)C(=O)C(N)=O)C2(C)C)C(C)(C)C			1.71	5	4	150.7	8			37	0	CC(C)(C)NC(=O)N[C@H](C(=O)N1C[C@H]2[C@@H]([C@H]1C(=O)NC(CC1CCC1)C(=O)C(N)=O)C2(C)C)C(C)(C)C	ok
CHEMBL218490	DORZOLAMIDE	4	1994	Small molecule	0	0	1	1	0			0		CCN[C@H]1C[C@H](C)S(=O)(=O)c2sc(S(N)(=O)=O)cc21			0.61	6	2	106.33	3			19	1	CCN[C@H]1C[C@H](C)S(=O)(=O)c2sc(S(N)(=O)=O)cc21	ok
CHEMBL218650	DELAMANID	4	2014	Small molecule	0	0	0	0	1			0		C[C@]1(COc2ccc(N3CCC(Oc4ccc(OC(F)(F)F)cc4)CC3)cc2)Cn2cc([N+](=O)[O-])nc2O1			4.97	9	0	101.12	8			38	3	C[C@]1(COc2ccc(N3CCC(Oc4ccc(OC(F)(F)F)cc4)CC3)cc2)Cn2cc([N+](=O)[O-])nc2O1	ok
CHEMBL21869	DIBROMSALAN	4		Small molecule	0	0	0	0	0			0		O=C(Nc1ccc(Br)cc1)c1cc(Br)ccc1O			4.17	2	2	49.33	2			18	2	O=C(Nc1ccc(Br)cc1)c1cc(Br)ccc1O	ok
CHEMBL219410	ZOTAROLIMUS	3		Small molecule	0	0	0	1	0			0		CO[C@H]1C[C@@H]2CC[C@@H](C)[C@@](O)(O2)C(=O)C(=O)N2CCCC[C@H]2C(=O)O[C@H]([C@H](C)C[C@@H]2CC[C@H](n3cnnn3)[C@H](OC)C2)CC(=O)[C@H](C)/C=C(\C)[C@@H](O)[C@@H](OC)C(=O)[C@H](C)C[C@H](C)/C=C/C=C/C=C/1C			6.05	16	2	218.8	7			69	1	CO[C@H]1C[C@@H]2CC[C@@H](C)[C@@](O)(O2)C(=O)C(=O)N2CCCC[C@H]2C(=O)O[C@H]([C@H](C)C[C@@H]2CC[C@H](n3cnnn3)[C@H](OC)C2)CC(=O)[C@H](C)/C=C(\C)[C@@H](O)[C@@H](OC)C(=O)[C@H](C)C[C@H](C)/C=C/C=C/C=C/1C	ok
CHEMBL219568	GUANINE	3		Small molecule	0	0	0	1	0			0		Nc1nc2[nH]cnc2c(=O)[nH]1			-0.77	4	3	100.45	0			11	2	Nc1nc2[nH]cnc2c(=O)[nH]1	ok
CHEMBL219916	DOMPERIDONE	4		Small molecule	1	0	0	1	0			0		O=c1[nH]c2ccccc2n1CCCN1CCC(n2c(=O)[nH]c3cc(Cl)ccc32)CC1			3.35	5	2	78.82	5			30	4	O=c1[nH]c2ccccc2n1CCCN1CCC(n2c(=O)[nH]c3cc(Cl)ccc32)CC1	RISK
CHEMBL22	TRIMETHOPRIM	4	1973	Small molecule	1	1	1	1	0			0		COc1cc(Cc2cnc(N)nc2N)cc(OC)c1OC			1.26	7	2	105.51	5			21	2	COc1cc(Cc2cnc(N)nc2N)cc(OC)c1OC	ok
CHEMBL220360	TARANABANT	3		Small molecule	0	0	0	0	0			0		C[C@H](NC(=O)C(C)(C)Oc1ccc(C(F)(F)F)cn1)[C@@H](Cc1ccc(Cl)cc1)c1cccc(C#N)c1			6.31	4	1	75.01	8			36	3	C[C@H](NC(=O)C(C)(C)Oc1ccc(C(F)(F)F)cn1)[C@@H](Cc1ccc(Cl)cc1)c1cccc(C#N)c1	ok
CHEMBL220491	BRINZOLAMIDE	4	1998	Small molecule	0	0	1	1	0			0		CCN[C@H]1CN(CCCOC)S(=O)(=O)c2sc(S(N)(=O)=O)cc21			0.09	7	2	118.8	7			23	1	CCN[C@H]1CN(CCCOC)S(=O)(=O)c2sc(S(N)(=O)=O)cc21	ok
CHEMBL220492	TOPIRAMATE	4	1996	Small molecule	1	0	0	1	0			0		CC1(C)O[C@@H]2[C@@H](CO[C@@]3(COS(N)(=O)=O)OC(C)(C)O[C@@H]23)O1			-0.4	8	1	115.54	3			22	0	CC1(C)O[C@@H]2[C@@H](CO[C@@]3(COS(N)(=O)=O)OC(C)(C)O[C@@H]23)O1	ok
CHEMBL2205807	ABAMETAPIR	4	2020	Small molecule	0	0	1	1	0			0		Cc1ccc(-c2ccc(C)cn2)nc1			2.76	2	0	25.78	1			14	2	Cc1ccc(-c2ccc(C)cn2)nc1	ok
CHEMBL220808	SARIZOTAN	3		Small molecule	0	0	0	0	0			0		Fc1ccc(-c2cncc(CNC[C@H]3CCc4ccccc4O3)c2)cc1			4.37	3	1	34.15	5			26	3	Fc1ccc(-c2cncc(CNC[C@H]3CCc4ccccc4O3)c2)cc1	ok
CHEMBL22097	LORMETAZEPAM	4		Small molecule	0	0	0	1	0			0		CN1C(=O)C(O)N=C(c2ccccc2Cl)c2cc(Cl)ccc21			3.13	3	1	52.9	1			22	2	CN1C(=O)C(O)N=C(c2ccccc2Cl)c2cc(Cl)ccc21	ok
CHEMBL22108	DIMETHINDENE	3		Small molecule	0	0	0	1	0			0		CC(C1=C(CCN(C)C)Cc2ccccc21)c1ccccn1			4.15	2	0	16.13	5			22	2	CC(C1=C(CCN(C)C)Cc2ccccc21)c1ccccn1	ok
CHEMBL221326	DIQUAFOSOL	4	2010	Small molecule	0	0	0	1	0			0		O=c1ccn([C@@H]2O[C@H](COP(=O)(O)OP(=O)(O)OP(=O)(O)OP(=O)(O)OC[C@H]3O[C@@H](n4ccc(=O)[nH]c4=O)[C@H](O)[C@@H]3O)[C@@H](O)[C@H]2O)c(=O)[nH]1			-4.19	21	10	404.45	14			49	2	O=c1ccn([C@@H]2O[C@H](COP(=O)(O)OP(=O)(O)OP(=O)(O)OP(=O)(O)OC[C@H]3O[C@@H](n4ccc(=O)[nH]c4=O)[C@H](O)[C@@H]3O)[C@@H](O)[C@H]2O)c(=O)[nH]1	ok
CHEMBL2216870	IDELALISIB	4	2014	Small molecule	1	0	0	0	0			0		CC[C@H](Nc1ncnc2[nH]cnc12)c1nc2cccc(F)c2c(=O)n1-c1ccccc1			3.75	7	2	101.38	5			31	5	CC[C@H](Nc1ncnc2[nH]cnc12)c1nc2cccc(F)c2c(=O)n1-c1ccccc1	ok
CHEMBL221722	FAVIPIRAVIR	4	2014	Small molecule	0	0	0	0	1			0		NC(=O)c1nc(F)cnc1O			-0.58	4	2	89.1	1			11	1	NC(=O)c1nc(F)cnc1O	ok
CHEMBL221886	SISOMICIN	3		Small molecule	0	0	0	1	0			0		CN[C@@H]1[C@@H](O)[C@@H](O[C@@H]2[C@@H](O)[C@H](O[C@H]3OC(CN)=CC[C@H]3N)[C@@H](N)C[C@H]2N)OC[C@]1(C)O			-3.85	12	8	213.72	6			31	0	CN[C@@H]1[C@@H](O)[C@@H](O[C@@H]2[C@@H](O)[C@H](O[C@H]3OC(CN)=CC[C@H]3N)[C@@H](N)C[C@H]2N)OC[C@]1(C)O	ok
CHEMBL2218861	QUINAGOLIDE	4	2004	Small molecule	0	0	0	1	0			0		CCCN1CC(NS(=O)(=O)N(CC)CC)CC2Cc3c(O)cccc3CC21			2.14	4	2	72.88	7			27	1	CCCN1CC(NS(=O)(=O)N(CC)CC)CC2Cc3c(O)cccc3CC21	ok
CHEMBL2218892	EXAMETAZIME	3		Small molecule	0	0	0	0	0			0		C/C(=N\O)C(C)NCC(C)(C)CNC(C)/C(C)=N/O			1.67	6	4	89.24	8			19	0	C/C(=N\O)C(C)NCC(C)(C)CNC(C)/C(C)=N/O	ok
CHEMBL2218894	FLUVASTATIN SODIUM	4	1993	Small molecule	1	0	0	0	0			0		CC(C)n1c(/C=C/C(O)CC(O)CC(=O)[O-])c(-c2ccc(F)cc2)c2ccccc21.[Na+]			4.63	4	3	82.69	8			30	3	CC(C)n1c(/C=C/C(O)CC(O)CC(=O)[O-])c(-c2ccc(F)cc2)c2ccccc21	ok
CHEMBL2218896	NABILONE	4	1985	Small molecule	1	0	0	1	0			0		CCCCCCC(C)(C)c1cc(O)c2c(c1)OC(C)(C)C1CCC(=O)CC21			6.26	3	1	46.53	6			27	1	CCCCCCC(C)(C)c1cc(O)c2c(c1)OC(C)(C)C1CCC(=O)CC21	ok
CHEMBL2219418	NALOXEGOL	4	2014	Small molecule	1	0	0	1	0			0		C=CCN1CC[C@]23c4c5ccc(O)c4O[C@H]2[C@@H](OCCOCCOCCOCCOCCOCCOCCOC)CC[C@@]3(O)[C@H]1C5			1.86	12	2	126.77	24			46	1	C=CCN1CC[C@]23c4c5ccc(O)c4O[C@H]2[C@@H](OCCOCCOCCOCCOCCOCCOCCOC)CC[C@@]3(O)[C@H]1C5	ok
CHEMBL2219422	AFURESERTIB	3		Small molecule	0	0	0	0	0			0		Cn1ncc(Cl)c1-c1cc(C(=O)N[C@H](CN)Cc2cccc(F)c2)sc1Cl			3.89	5	2	72.94	6			27	3	Cn1ncc(Cl)c1-c1cc(C(=O)N[C@H](CN)Cc2cccc(F)c2)sc1Cl	ok
CHEMBL2219425	ARIPIPRAZOLE LAUROXIL	4	2015	Small molecule	0	1	0	1	1			0		CCCCCCCCCCCC(=O)OCN1C(=O)CCc2ccc(OCCCCN3CCN(c4cccc(Cl)c4Cl)CC3)cc21			8.68	6	0	62.32	19			45	2	CCCCCCCCCCCC(=O)OCN1C(=O)CCc2ccc(OCCCCN3CCN(c4cccc(Cl)c4Cl)CC3)cc21	ok
CHEMBL221959	TOFACITINIB	4	2012	Small molecule	1	0	0	1	0			0		C[C@@H]1CCN(C(=O)CC#N)C[C@@H]1N(C)c1ncnc2[nH]ccc12			1.54	5	1	88.91	3			23	2	C[C@@H]1CCN(C(=O)CC#N)C[C@@H]1N(C)c1ncnc2[nH]ccc12	ok
CHEMBL2220427	ERYTHROMYCIN PROPIONATE	4	1967	Small molecule	1	0	0	1	0			0		CCC(=O)O[C@H]1[C@H](O[C@@H]2[C@@H](C)[C@H](O[C@H]3C[C@@](C)(OC)[C@@H](O)[C@H](C)O3)[C@@H](C)C(=O)O[C@H](CC)[C@@](C)(O)[C@H](O)[C@@H](C)C(=O)[C@H](C)C[C@@]2(C)O)O[C@H](C)C[C@@H]1N(C)C			2.75	15	4	199.98	9			55	0	CCC(=O)O[C@H]1[C@H](O[C@@H]2[C@@H](C)[C@H](O[C@H]3C[C@@](C)(OC)[C@@H](O)[C@H](C)O3)[C@@H](C)C(=O)O[C@H](CC)[C@@](C)(O)[C@H](O)[C@@H](C)C(=O)[C@H](C)C[C@@]2(C)O)O[C@H](C)C[C@@H]1N(C)C	ok
CHEMBL2220442	FLUVASTATIN	4	1993	Small molecule	1	0	0	0	0			0		CC(C)n1c(/C=C/C(O)CC(O)CC(=O)O)c(-c2ccc(F)cc2)c2ccccc21			4.63	4	3	82.69	8			30	3	CC(C)n1c(/C=C/C(O)CC(O)CC(=O)O)c(-c2ccc(F)cc2)c2ccccc21	ok
CHEMBL22242	REMOXIPRIDE	4	1990	Small molecule	1	0	0	1	0			0		CCN1CCC[C@H]1CNC(=O)c1c(OC)ccc(Br)c1OC			2.68	4	1	50.8	6			22	1	CCN1CCC[C@H]1CNC(=O)c1c(OC)ccc(Br)c1OC	ok
CHEMBL222559	TIPRANAVIR	4	2005	Small molecule	1	0	0	0	0			0		CCC[C@@]1(CCc2ccccc2)CC(O)=C([C@H](CC)c2cccc(NS(=O)(=O)c3ccc(C(F)(F)F)cn3)c2)C(=O)O1			7.33	6	2	105.59	11			42	3	CCC[C@@]1(CCc2ccccc2)CC(O)=C([C@H](CC)c2cccc(NS(=O)(=O)c3ccc(C(F)(F)F)cn3)c2)C(=O)O1	ok
CHEMBL222645	FLOXACILLIN	3		Small molecule	0	0	0	0	0			0		Cc1onc(-c2c(F)cccc2Cl)c1C(=O)N[C@@H]1C(=O)N2[C@@H]1SC(C)(C)[C@@H]2C(=O)O			2.69	6	2	112.74	4			30	2	Cc1onc(-c2c(F)cccc2Cl)c1C(=O)N[C@@H]1C(=O)N2[C@@H]1SC(C)(C)[C@@H]2C(=O)O	ok
CHEMBL222813	ZANAMIVIR	4	1999	Small molecule	0	0	1	1	0			0		CC(=O)N[C@H]1[C@H]([C@H](O)[C@H](O)CO)OC(C(=O)O)=C[C@@H]1NC(=N)N			-3.58	7	8	198.22	6			23	0	CC(=O)N[C@H]1[C@H]([C@H](O)[C@H](O)CO)OC(C(=O)O)=C[C@@H]1NC(=N)N	ok
CHEMBL223228	EFAVIRENZ	4	1998	Small molecule	1	0	0	0	0			0		O=C1Nc2ccc(Cl)cc2[C@@](C#CC2CC2)(C(F)(F)F)O1			4.07	2	1	38.33	0			21	1	O=C1Nc2ccc(Cl)cc2[C@@](C#CC2CC2)(C(F)(F)F)O1	ok
CHEMBL223360	LINIFANIB	3		Small molecule	0	0	0	0	0			0		Cc1ccc(F)c(NC(=O)Nc2ccc(-c3cccc4[nH]nc(N)c34)cc2)c1			4.9	3	4	95.83	3			28	4	Cc1ccc(F)c(NC(=O)Nc2ccc(-c3cccc4[nH]nc(N)c34)cc2)c1	ok
CHEMBL223448	BROXYQUINOLINE	4		Small molecule	0	0	0	1	0			0		Oc1c(Br)cc(Br)c2cccnc12			3.47	2	1	33.12	0			13	2	Oc1c(Br)cc(Br)c2cccnc12	ok
CHEMBL224436	JOSAMYCIN	3		Small molecule	0	0	0	1	0			0		CO[C@@H]1[C@@H](O[C@@H]2O[C@H](C)[C@@H](O[C@H]3C[C@@](C)(O)[C@@H](OC(=O)CC(C)C)[C@H](C)O3)[C@H](N(C)C)[C@H]2O)[C@@H](CC=O)C[C@@H](C)[C@@H](O)/C=C/C=C/C[C@@H](C)OC(=O)C[C@H]1OC(C)=O			3.01	16	3	206.05	12			58	0	CO[C@@H]1[C@@H](O[C@@H]2O[C@H](C)[C@@H](O[C@H]3C[C@@](C)(O)[C@@H](OC(=O)CC(C)C)[C@H](C)O3)[C@H](N(C)C)[C@H]2O)[C@@H](CC=O)C[C@@H](C)[C@@H](O)/C=C/C=C/C[C@@H](C)OC(=O)C[C@H]1OC(C)=O	ok
CHEMBL225071	RALTITREXED	4		Small molecule	0	1	0	1	0			0		Cc1nc(=O)c2cc(CN(C)c3ccc(C(=O)N[C@@H](CCC(=O)O)C(=O)O)s3)ccc2[nH]1			1.98	7	4	152.69	9			32	3	Cc1nc(=O)c2cc(CN(C)c3ccc(C(=O)N[C@@H](CCC(=O)O)C(=O)O)s3)ccc2[nH]1	ok
CHEMBL225072	PEMETREXED	4	2004	Small molecule	0	1	0	1	0			0		Nc1nc2[nH]cc(CCc3ccc(C(=O)N[C@@H](CCC(=O)O)C(=O)O)cc3)c2c(=O)[nH]1			0.67	6	6	191.26	9			31	3	Nc1nc2[nH]cc(CCc3ccc(C(=O)N[C@@H](CCC(=O)O)C(=O)O)cc3)c2c(=O)[nH]1	ok
CHEMBL225157	RESATORVID	3		Small molecule	0	0	0	0	0			0		CCOC(=O)C1=CCCC[C@H]1S(=O)(=O)Nc1ccc(F)cc1Cl			3.26	4	1	72.47	5			23	1	CCOC(=O)C1=CCCC[C@H]1S(=O)(=O)Nc1ccc(F)cc1Cl	ok
CHEMBL226267	ARZOXIFENE	3		Small molecule	0	0	0	1	0			0		COc1ccc(-c2sc3cc(O)ccc3c2Oc2ccc(OCCN3CCCCC3)cc2)cc1			6.94	6	1	51.16	8			34	4	COc1ccc(-c2sc3cc(O)ccc3c2Oc2ccc(OCCN3CCCCC3)cc2)cc1	ok
CHEMBL226335	RUTIN	3		Small molecule	0	0	0	1	0			0		C[C@@H]1O[C@@H](OC[C@H]2O[C@@H](Oc3c(-c4ccc(O)c(O)c4)oc4cc(O)cc(O)c4c3=O)[C@H](O)[C@@H](O)[C@@H]2O)[C@H](O)[C@H](O)[C@H]1O			-1.69	16	10	269.43	6			43	3	C[C@@H]1O[C@@H](OC[C@H]2O[C@@H](Oc3c(-c4ccc(O)c(O)c4)oc4cc(O)cc(O)c4c3=O)[C@H](O)[C@@H](O)[C@@H]2O)[C@H](O)[C@H](O)[C@H]1O	ok
CHEMBL226345	ADENINE	3		Small molecule	0	0	0	1	0			0		Nc1[nH]cnc2ncnc1-2			-0.11	4	2	80.48	0			10	0	Nc1[nH]cnc2ncnc1-2	ok
CHEMBL227875	PRETOMANID	4	2019	Small molecule	1	0	0	0	0			0		O=[N+]([O-])c1cn2c(n1)OC[C@@H](OCc1ccc(OC(F)(F)F)cc1)C2			2.67	7	0	88.65	5			25	2	O=[N+]([O-])c1cn2c(n1)OC[C@@H](OCc1ccc(OC(F)(F)F)cc1)C2	ok
CHEMBL229128	MEPHENESIN	4		Small molecule	0	0	0	1	0			0		Cc1ccccc1OCC(O)CO			0.73	3	2	49.69	4			13	1	Cc1ccccc1OCC(O)CO	ok
CHEMBL23	DILTIAZEM	4	1982	Small molecule	1	1	0	1	0			0		COc1ccc([C@@H]2Sc3ccccc3N(CCN(C)C)C(=O)[C@@H]2OC(C)=O)cc1			3.37	6	0	59.08	6			29	2	COc1ccc([C@@H]2Sc3ccccc3N(CCN(C)C)C(=O)[C@@H]2OC(C)=O)cc1	ok
CHEMBL23013	PROPAMIDINE	3		Small molecule	0	0	0	1	0			0		N=C(N)c1ccc(OCCCOc2ccc(C(=N)N)cc2)cc1			2.1	4	4	118.2	8			23	2	N=C(N)c1ccc(OCCCOc2ccc(C(=N)N)cc2)cc1	ok
CHEMBL230158	SELADELPAR	4	2024	Small molecule	1	0	0	0	0			0		CCO[C@H](COc1ccc(C(F)(F)F)cc1)CSc1ccc(OCC(=O)O)c(C)c1			5.05	5	1	64.99	11			30	2	CCO[C@H](COc1ccc(C(F)(F)F)cc1)CSc1ccc(OCC(=O)O)c(C)c1	ok
CHEMBL2303614	CHONDROITIN SULFATE	3		Small molecule	0	0	0	0	0			0		CC(=O)N[C@@H]1[C@@H](COC[C@@H]2O[C@H](C(=O)O)[C@@H](CO)[C@H](O)[C@H]2O)[C@@H](CS(=O)(=O)O)[C@@H](CO)O[C@H]1CO			-4.44	12	8	249.61	11			35	0	CC(=O)N[C@@H]1[C@@H](COC[C@@H]2O[C@H](C(=O)O)[C@@H](CO)[C@H](O)[C@H]2O)[C@@H](CS(=O)(=O)O)[C@@H](CO)O[C@H]1CO	ok
CHEMBL2308885	CLOBETASONE BUTYRATE	4		Small molecule	0	0	0	0	0			0		CCCC(=O)O[C@]1(C(=O)CCl)[C@H](C)C[C@@H]2[C@@H]3CCC4=CC(=O)C=C[C@]4(C)[C@]3(F)C(=O)C[C@@]21C			4.7	5	0	77.51	5			33	0	CCCC(=O)O[C@]1(C(=O)CCl)[C@H](C)C[C@@H]2[C@@H]3CCC4=CC(=O)C=C[C@]4(C)[C@]3(F)C(=O)C[C@@]21C	ok
CHEMBL231068	FLIBANSERIN	4	2015	Small molecule	1	0	0	0	0			0		O=c1[nH]c2ccccc2n1CCN1CCN(c2cccc(C(F)(F)F)c2)CC1			3.17	4	1	44.27	4			28	3	O=c1[nH]c2ccccc2n1CCN1CCN(c2cccc(C(F)(F)F)c2)CC1	ok
CHEMBL2311071	VINYL CHLORIDE	4		Small molecule	0	0	0	0	0			0		C=CCl			1.37	0	0	0	0			3	0	C=CCl	ok
CHEMBL231616	TRIAPINE	3		Small molecule	0	0	0	1	0			0		NC(=S)N/N=C/c1ncccc1N			-0.17	4	3	89.32	2			13	1	NC(=S)N/N=C/c1ncccc1N	ok
CHEMBL2316582	OLVEREMBATINIB	3		Small molecule	0	0	0	0	0			0		Cc1ccc(C(=O)Nc2ccc(CN3CCN(C)CC3)c(C(F)(F)F)c2)cc1C#Cc1cnc2[nH]ncc2c1			4.68	5	2	77.15	4			39	4	Cc1ccc(C(=O)Nc2ccc(CN3CCN(C)CC3)c(C(F)(F)F)c2)cc1C#Cc1cnc2[nH]ncc2c1	ok
CHEMBL231779	APIXABAN	4	2011	Small molecule	1	0	0	1	0			0		COc1ccc(-n2nc(C(N)=O)c3c2C(=O)N(c2ccc(N4CCCCC4=O)cc2)CC3)cc1			2.7	6	1	110.76	5			34	3	COc1ccc(-n2nc(C(N)=O)c3c2C(=O)N(c2ccc(N4CCCCC4=O)cc2)CC3)cc1	ok
CHEMBL231813	TELAPREVIR	4	2011	Small molecule	1	0	0	1	0			0		CCC[C@H](NC(=O)[C@@H]1[C@H]2CCC[C@H]2CN1C(=O)[C@@H](NC(=O)[C@@H](NC(=O)c1cnccn1)C1CCCCC1)C(C)(C)C)C(=O)C(=O)NC1CC1			2.45	8	4	179.56	13			49	1	CCC[C@H](NC(=O)[C@@H]1[C@H]2CCC[C@H]2CN1C(=O)[C@@H](NC(=O)[C@@H](NC(=O)c1cnccn1)C1CCCCC1)C(C)(C)C)C(=O)C(=O)NC1CC1	ok
CHEMBL231884	DIOSMIN	4		Small molecule	0	0	0	1	0			0		COc1ccc(-c2cc(=O)c3c(O)cc(O[C@@H]4O[C@H](CO[C@@H]5O[C@@H](C)[C@H](O)[C@@H](O)[C@H]5O)[C@@H](O)[C@H](O)[C@H]4O)cc3o2)cc1O			-1.09	15	8	238.2	7			43	3	COc1ccc(-c2cc(=O)c3c(O)cc(O[C@@H]4O[C@H](CO[C@@H]5O[C@@H](C)[C@H](O)[C@@H](O)[C@H]5O)[C@@H](O)[C@H](O)[C@H]4O)cc3o2)cc1O	ok
CHEMBL232201	BENZIODARONE	4		Small molecule	0	0	0	0	0			0		CCc1oc2ccccc2c1C(=O)c1cc(I)c(O)c(I)c1			5.14	3	1	50.44	3			22	3	CCc1oc2ccccc2c1C(=O)c1cc(I)c(O)c(I)c1	ok
CHEMBL2322189	FOSFOMYCIN SODIUM	3		Small molecule	0	0	0	0	0			0		C[C@@H]1O[C@@H]1P(=O)([O-])O.[Na+]			-0.09	2	2	70.06	1			8	0	C[C@@H]1O[C@@H]1P(=O)([O-])O	ok
CHEMBL2325741	CAPIVASERTIB	4	2023	Small molecule	1	0	0	1	0			0		NC1(C(=O)N[C@@H](CCO)c2ccc(Cl)cc2)CCN(c2nc[nH]c3nccc2-3)CC1			2.1	6	4	120.16	6			30	1	NC1(C(=O)N[C@@H](CCO)c2ccc(Cl)cc2)CCN(c2nc[nH]c3nccc2-3)CC1	ok
CHEMBL23261	DARUSENTAN	3		Small molecule	0	0	0	1	0			0		COc1cc(OC)nc(O[C@H](C(=O)O)C(OC)(c2ccccc2)c2ccccc2)n1			2.92	7	1	100	9			30	3	COc1cc(OC)nc(O[C@H](C(=O)O)C(OC)(c2ccccc2)c2ccccc2)n1	ok
CHEMBL2336071	SIPONIMOD	4	2019	Small molecule	1	0	0	0	0			0		CCc1cc(/C(C)=N/OCc2ccc(C3CCCCC3)c(C(F)(F)F)c2)ccc1CN1CC(C(=O)O)C1			6.77	4	1	62.13	9			37	2	CCc1cc(/C(C)=N/OCc2ccc(C3CCCCC3)c(C(F)(F)F)c2)ccc1CN1CC(C(=O)O)C1	ok
CHEMBL2338329	ROXADUSTAT	4	2021	Small molecule	0	0	0	1	0			0		Cc1nc(C(=O)NCC(=O)O)c(O)c2ccc(Oc3ccccc3)cc12			2.86	5	3	108.75	5			26	3	Cc1nc(C(=O)NCC(=O)O)c(O)c2ccc(Oc3ccccc3)cc12	ok
CHEMBL2338675	FOSDENOPTERIN	4	2021	Small molecule	0	1	0	1	0			0		Nc1nc(=O)c2c([nH]1)N[C@@H]1O[C@@H]3COP(=O)(O)O[C@@H]3C(O)(O)[C@@H]1N2			-2.52	11	7	201.28	0			24	1	Nc1nc(=O)c2c([nH]1)N[C@@H]1O[C@@H]3COP(=O)(O)O[C@@H]3C(O)(O)[C@@H]1N2	ok
CHEMBL23393	SODIUM LAURYL SULFATE	3		Small molecule	0	0	0	1	0			0		CCCCCCCCCCCCOS(=O)(=O)[O-].[Na+]												CCCCCCCCCCCCOS(=O)(=O)[O-]	ok
CHEMBL2348780	VAMOROLONE	4	2023	Small molecule	1	0	0	0	0			0		C[C@@H]1C[C@H]2[C@@H]3CCC4=CC(=O)C=C[C@]4(C)C3=CC[C@]2(C)[C@@]1(O)C(=O)CO			2.75	4	2	74.6	2			26	0	C[C@@H]1C[C@H]2[C@@H]3CCC4=CC(=O)C=C[C@]4(C)C3=CC[C@]2(C)[C@@]1(O)C(=O)CO	ok
CHEMBL235191	TACEDINALINE	3		Small molecule	0	0	0	1	0			0		CC(=O)Nc1ccc(C(=O)Nc2ccccc2N)cc1			2.48	3	3	84.22	3			20	2	CC(=O)Nc1ccc(C(=O)Nc2ccccc2N)cc1	ok
CHEMBL2354444	PIRARUBICIN	3		Small molecule	0	0	0	1	0			0		COc1cccc2c1C(=O)c1c(O)c3c(c(O)c1C2=O)C[C@@](O)(C(=O)CO)C[C@@H]3O[C@H]1C[C@H](N)[C@H](O[C@@H]2CCCCO2)[C@H](C)O1			1.55	13	5	204.3	7			45	2	COc1cccc2c1C(=O)c1c(O)c3c(c(O)c1C2=O)C[C@@](O)(C(=O)CO)C[C@@H]3O[C@H]1C[C@H](N)[C@H](O[C@@H]2CCCCO2)[C@H](C)O1	ok
CHEMBL2355051	CLOMIPHENE	4	1967	Small molecule	1	0	0	1	0			0		CCN(CC)CCOc1ccc(C(=C(Cl)c2ccccc2)c2ccccc2)cc1			6.56	2	0	12.47	9			29	3	CCN(CC)CCOc1ccc(C(=C(Cl)c2ccccc2)c2ccccc2)cc1	ok
CHEMBL2355839	ISOMETHEPTENE MUCATE	4		Small molecule	0	0	0	0	0			0		CNC(C)CCC=C(C)C.CNC(C)CCC=C(C)C.O=C(O)[C@@H](O)[C@H](O)[C@H](O)[C@@H](O)C(=O)O			2.34	1	1	12.03	4			10	0	O=C(O)[C@@H](O)[C@H](O)[C@H](O)[C@@H](O)C(=O)O	ok
CHEMBL2356023	DIHYDROTACHYSTEROL	4		Small molecule	0	0	0	1	0			0		CC(C)[C@@H](C)/C=C/[C@@H](C)[C@H]1CC[C@H]2/C(=C/C=C3\C[C@@H](O)CC[C@@H]3C)CCC[C@]12C			7.72	1	1	20.23	5			29	0	CC(C)[C@@H](C)/C=C/[C@@H](C)[C@H]1CC[C@H]2/C(=C/C=C3\C[C@@H](O)CC[C@@H]3C)CCC[C@]12C	ok
CHEMBL235668	TIPIRACIL	4	2015	Small molecule	1	0	0	1	0			0		N=C1CCCN1Cc1[nH]c(=O)[nH]c(=O)c1Cl			0.29	3	3	92.81	2			16	1	N=C1CCCN1Cc1[nH]c(=O)[nH]c(=O)c1Cl	ok
CHEMBL2359248	ZEAXANTHIN	3		Small molecule	0	0	0	1	0			0		CC1=C(/C=C/C(C)=C/C=C/C(C)=C/C=C/C=C(C)/C=C/C=C(C)/C=C/C2=C(C)C[C@@H](O)CC2(C)C)C(C)(C)C[C@H](O)C1			10.55	2	2	40.46	10			42	0	CC1=C(/C=C/C(C)=C/C=C/C(C)=C/C=C/C=C(C)/C=C/C=C(C)/C=C/C2=C(C)C[C@@H](O)CC2(C)C)C(C)(C)C[C@H](O)C1	ok
CHEMBL2360464	PEMETREXED DISODIUM	4	2004	Small molecule	0	1	0	1	0			0		Nc1nc2[nH]cc(CCc3ccc(C(=O)N[C@@H](CCC(=O)[O-])C(=O)[O-])cc3)c2c(=O)[nH]1.[Na+].[Na+]			0.67	6	6	191.26	9			31	3	Nc1nc2[nH]cc(CCc3ccc(C(=O)N[C@@H](CCC(=O)[O-])C(=O)[O-])cc3)c2c(=O)[nH]1	ok
CHEMBL236297	RIFALAZIL	3		Small molecule	0	0	0	1	0			0		CO[C@H]1/C=C/O[C@@]2(C)Oc3c(C)c(O)c4c(=O)c(c5oc6cc(N7CCN(CC(C)C)CC7)cc(O)c6nc-5c4c3C2=O)NC(=O)/C(C)=C\C=C\[C@H](C)[C@H](O)[C@@H](C)[C@@H](O)[C@@H](C)[C@H](OC(C)=O)[C@@H]1C			6.43	16	5	230.66	5			68	2	CO[C@H]1/C=C/O[C@@]2(C)Oc3c(C)c(O)c4c(=O)c(c5oc6cc(N7CCN(CC(C)C)CC7)cc(O)c6nc-5c4c3C2=O)NC(=O)/C(C)=C\C=C\[C@H](C)[C@H](O)[C@@H](C)[C@@H](O)[C@@H](C)[C@H](OC(C)=O)[C@@H]1C	ok
CHEMBL2364574	DOXYCYCLINE CALCIUM	4	1974	Small molecule	1	0	0	1	0			0		C[C@H]1c2cccc([O-])c2C(=O)C2=C(O)[C@]3(O)C(=O)C(C(N)=O)=C(O)[C@@H](N(C)C)[C@@H]3[C@@H](O)[C@@H]21.C[C@H]1c2cccc([O-])c2C(=O)C2=C(O)[C@]3(O)C(=O)C(C(N)=O)=C(O)[C@@H](N(C)C)[C@@H]3[C@@H](O)[C@@H]21.[Ca+2]			-0.35	9	6	181.62	2			32	1	C[C@H]1c2cccc([O-])c2C(=O)C2=C(O)[C@]3(O)C(=O)C(C(N)=O)=C(O)[C@@H](N(C)C)[C@@H]3[C@@H](O)[C@@H]21	ok
CHEMBL2364605	CEBRANOPADOL	3		Small molecule	0	0	0	0	0			0		CN(C)[C@]1(c2ccccc2)CC[C@]2(CC1)OCCc1c3cc(F)ccc3[nH]c12			5.11	2	1	28.26	2			28	3	CN(C)[C@]1(c2ccccc2)CC[C@]2(CC1)OCCc1c3cc(F)ccc3[nH]c12	ok
CHEMBL2364608	DORAVIRINE	4	2018	Small molecule	1	0	0	0	0			0		Cn1c(Cn2ccc(C(F)(F)F)c(Oc3cc(Cl)cc(C#N)c3)c2=O)n[nH]c1=O			2.65	7	1	105.7	4			29	3	Cn1c(Cn2ccc(C(F)(F)F)c(Oc3cc(Cl)cc(C#N)c3)c2=O)n[nH]c1=O	ok
CHEMBL2364612	LATANOPROSTENE BUNOD	4	2017	Small molecule	0	0	1	1	0			0		O=C(CCC/C=C\C[C@@H]1[C@@H](CC[C@@H](O)CCc2ccccc2)[C@H](O)C[C@@H]1O)OCCCCO[N+](=O)[O-]			3.77	8	3	139.36	18			36	1	O=C(CCC/C=C\C[C@@H]1[C@@H](CC[C@@H](O)CCc2ccccc2)[C@H](O)C[C@@H]1O)OCCCCO[N+](=O)[O-]	ok
CHEMBL2364624	PRADIGASTAT	3		Small molecule	0	0	0	0	0			0		O=C(O)C[C@H]1CC[C@H](c2ccc(-c3ccc(Nc4ccc(C(F)(F)F)nc4)cn3)cc2)CC1			6.65	4	2	75.11	6			33	3	O=C(O)C[C@H]1CC[C@H](c2ccc(-c3ccc(Nc4ccc(C(F)(F)F)nc4)cn3)cc2)CC1	ok
CHEMBL2364632	SARECYCLINE	4	2018	Small molecule	1	0	0	1	0			0		CON(C)Cc1ccc(O)c2c1C[C@H]1C[C@H]3[C@H](N(C)C)C(O)=C(C(N)=O)C(=O)[C@@]3(O)C(O)=C1C2=O			0.11	10	5	173.86	5			35	1	CON(C)Cc1ccc(O)c2c1C[C@H]1C[C@H]3[C@H](N(C)C)C(O)=C(C(N)=O)C(=O)[C@@]3(O)C(O)=C1C2=O	ok
CHEMBL2364638	UBROGEPANT	4	2019	Small molecule	1	0	0	0	0			0		C[C@@H]1[C@H](c2ccccc2)C[C@H](NC(=O)c2cnc3c(c2)C[C@@]2(C3)C(=O)Nc3ncccc32)C(=O)N1CC(F)(F)F			3.53	5	2	104.29	4			40	3	C[C@@H]1[C@H](c2ccccc2)C[C@H](NC(=O)c2cnc3c(c2)C[C@@]2(C3)C(=O)Nc3ncccc32)C(=O)N1CC(F)(F)F	ok
CHEMBL2364639	VALBENAZINE	4	2017	Small molecule	1	0	0	1	1			0		COc1cc2c(cc1OC)[C@H]1C[C@@H](OC(=O)[C@@H](N)C(C)C)[C@H](CC(C)C)CN1CC2			3.56	6	1	74.02	7			30	1	COc1cc2c(cc1OC)[C@H]1C[C@@H](OC(=O)[C@@H](N)C(C)C)[C@H](CC(C)C)CN1CC2	RISK
CHEMBL236593	TELCAGEPANT	3		Small molecule	0	0	0	0	0			0		O=C(N[C@@H]1CC[C@@H](c2cccc(F)c2F)CN(CC(F)(F)F)C1=O)N1CCC(n2c(=O)[nH]c3ncccc32)CC1			3.69	5	2	103.33	4			40	3	O=C(N[C@@H]1CC[C@@H](c2cccc(F)c2F)CN(CC(F)(F)F)C1=O)N1CCC(n2c(=O)[nH]c3ncccc32)CC1	ok
CHEMBL2368925	DOLASETRON	4	1997	Small molecule	1	1	0	1	0			0		O=C(O[C@@H]1C[C@@H]2C[C@H]3C[C@H](C1)N2CC3=O)c1c[nH]c2ccccc12			2.52	4	1	62.4	2			24	2	O=C(O[C@@H]1C[C@@H]2C[C@H]3C[C@H](C1)N2CC3=O)c1c[nH]c2ccccc12	RISK
CHEMBL2374220	LEDIPASVIR	4	2014	Small molecule	1	0	0	0	0			0		COC(=O)N[C@H](C(=O)N1CC2(CC2)C[C@H]1c1nc(-c2ccc3c(c2)C(F)(F)c2cc(-c4ccc5[nH]c([C@@H]6[C@H]7CC[C@H](C7)N6C(=O)[C@@H](NC(=O)OC)C(C)C)nc5c4)ccc2-3)c[nH]1)C(C)C			8.61	8	4	174.64	10			65	5	COC(=O)N[C@H](C(=O)N1CC2(CC2)C[C@H]1c1nc(-c2ccc3c(c2)C(F)(F)c2cc(-c4ccc5[nH]c([C@@H]6[C@H]7CC[C@H](C7)N6C(=O)[C@@H](NC(=O)OC)C(C)C)nc5c4)ccc2-3)c[nH]1)C(C)C	ok
CHEMBL237500	LINAGLIPTIN	4	2011	Small molecule	1	0	0	0	0			0		CC#CCn1c(N2CCC[C@@H](N)C2)nc2c1c(=O)n(Cc1nc(C)c3ccccc3n1)c(=O)n2C			1.15	10	1	116.86	4			35	4	CC#CCn1c(N2CCC[C@@H](N)C2)nc2c1c(=O)n(Cc1nc(C)c3ccccc3n1)c(=O)n2C	ok
CHEMBL238071	VINDESINE	4		Small molecule	0	0	0	1	0			0		CC[C@]1(O)C[C@@H]2CN(CCc3c([nH]c4ccccc34)[C@@](C(=O)OC)(c3cc4c(cc3OC)N(C)[C@H]3[C@@](O)(C(N)=O)[C@H](O)[C@]5(CC)C=CCN6CC[C@]43[C@@H]65)C2)C1			2.73	10	5	164.82	6			55	3	CC[C@]1(O)C[C@@H]2CN(CCc3c([nH]c4ccccc34)[C@@](C(=O)OC)(c3cc4c(cc3OC)N(C)[C@H]3[C@@](O)(C(N)=O)[C@H](O)[C@]5(CC)C=CCN6CC[C@]43[C@@H]65)C2)C1	ok
CHEMBL2386081	SETIPIPRANT	3		Small molecule	0	0	0	0	0			0		O=C(O)Cn1c2c(c3cc(F)ccc31)CN(C(=O)c1cccc3ccccc13)CC2			4.22	3	1	62.54	3			30	4	O=C(O)Cn1c2c(c3cc(F)ccc31)CN(C(=O)c1cccc3ccccc13)CC2	ok
CHEMBL2387080	TASELISIB	3		Small molecule	0	0	0	1	0			0		Cc1nc(-c2cn3c(n2)-c2ccc(-c4cnn(C(C)(C)C(N)=O)c4)cc2OCC3)n(C(C)C)n1			3.17	9	1	118.67	5			34	4	Cc1nc(-c2cn3c(n2)-c2ccc(-c4cnn(C(C)(C)C(N)=O)c4)cc2OCC3)n(C(C)C)n1	ok
CHEMBL2387408	LINERIXIBAT	3		Small molecule	0	0	0	1	0			0		CCCC[C@]1(CC)CS(=O)(=O)c2cc(CNC(CC(=O)O)CC(=O)O)c(OC)cc2[C@@H](c2ccccc2)N1			3.91	7	4	142.03	13			38	2	CCCC[C@]1(CC)CS(=O)(=O)c2cc(CNC(CC(=O)O)CC(=O)O)c(OC)cc2[C@@H](c2ccccc2)N1	ok
CHEMBL238804	SELEXIPAG	4	2015	Small molecule	1	1	0	1	1			0		CC(C)N(CCCCOCC(=O)NS(C)(=O)=O)c1cnc(-c2ccccc2)c(-c2ccccc2)n1			3.9	7	1	101.49	12			35	3	CC(C)N(CCCCOCC(=O)NS(C)(=O)=O)c1cnc(-c2ccccc2)c(-c2ccccc2)n1	ok
CHEMBL239243	TAURINE	3		Small molecule	0	0	0	1	0			0		NCCS(=O)(=O)O			-1.17	3	2	80.39	2			7	0	NCCS(=O)(=O)O	ok
CHEMBL2393130	APABETALONE	3		Small molecule	0	0	0	1	0			0		COc1cc(OC)c2c(=O)[nH]c(-c3cc(C)c(OCCO)c(C)c3)nc2c1			2.6	6	2	93.67	6			27	3	COc1cc(OC)c2c(=O)[nH]c(-c3cc(C)c(OCCO)c(C)c3)nc2c1	ok
CHEMBL2396661	ALPELISIB	4	2019	Small molecule	1	0	0	0	0			0		Cc1nc(NC(=O)N2CCC[C@H]2C(N)=O)sc1-c1ccnc(C(C)(C)C(F)(F)F)c1			3.84	5	2	101.21	4			30	2	Cc1nc(NC(=O)N2CCC[C@H]2C(N)=O)sc1-c1ccnc(C(C)(C)C(F)(F)F)c1	ok
CHEMBL2397415	ZAVEGEPANT	4	2023	Small molecule	0	0	1	0	0			0		Cc1cc(C[C@@H](NC(=O)N2CCC(c3cc4ccccc4[nH]c3=O)CC2)C(=O)N2CCN(C3CCN(C)CC3)CC2)cc2cn[nH]c12			3.45	6	3	120.67	6			47	4	Cc1cc(C[C@@H](NC(=O)N2CCC(c3cc4ccccc4[nH]c3=O)CC2)C(=O)N2CCN(C3CCN(C)CC3)CC2)cc2cn[nH]c12	ok
CHEMBL24	ATENOLOL	4	1981	Small molecule	1	1	0	1	0			0		CC(C)NCC(O)COc1ccc(CC(N)=O)cc1			0.45	4	3	84.58	8			19	1	CC(C)NCC(O)COc1ccc(CC(N)=O)cc1	ok
CHEMBL240163	PAZUFLOXACIN	3		Small molecule	0	0	0	0	0			0		C[C@H]1COc2c(C3(N)CC3)c(F)cc3c(=O)c(C(=O)O)cn1c23			1.74	5	2	94.55	2			23	2	C[C@H]1COc2c(C3(N)CC3)c(F)cc3c(=O)c(C(=O)O)cn1c23	ok
CHEMBL2402737	IDASANUTLIN	3		Small molecule	0	0	0	0	0			0		COc1cc(C(=O)O)ccc1NC(=O)[C@@H]1N[C@@H](CC(C)(C)C)[C@](C#N)(c2ccc(Cl)cc2F)[C@H]1c1cccc(Cl)c1F			6.94	5	3	111.45	7			42	3	COc1cc(C(=O)O)ccc1NC(=O)[C@@H]1N[C@@H](CC(C)(C)C)[C@](C#N)(c2ccc(Cl)cc2F)[C@H]1c1cccc(Cl)c1F	ok
CHEMBL2403108	CERITINIB	4	2014	Small molecule	1	0	0	1	0			0		Cc1cc(Nc2ncc(Cl)c(Nc3ccccc3S(=O)(=O)C(C)C)n2)c(OC(C)C)cc1C1CCNCC1			6.36	8	3	105.24	9			38	3	Cc1cc(Nc2ncc(Cl)c(Nc3ccccc3S(=O)(=O)C(C)C)n2)c(OC(C)C)cc1C1CCNCC1	RISK
CHEMBL2403238	CABOTEGRAVIR	4	2021	Small molecule	1	1	0	0	0			0		C[C@H]1CO[C@@H]2Cn3cc(C(=O)NCc4ccc(F)cc4F)c(=O)c(O)c3C(=O)N12			0.96	6	2	100.87	3			29	2	C[C@H]1CO[C@@H]2Cn3cc(C(=O)NCc4ccc(F)cc4F)c(=O)c(O)c3C(=O)N12	ok
CHEMBL2403318	DELEOBUVIR	3		Small molecule	0	0	0	0	0			0		Cn1c(C2(NC(=O)c3ccc4c(C5CCCC5)c(-c5ncc(Br)cn5)n(C)c4c3)CCC2)nc2ccc(/C=C/C(=O)O)cc21			6.85	7	2	114.93	7			44	5	Cn1c(C2(NC(=O)c3ccc4c(C5CCCC5)c(-c5ncc(Br)cn5)n(C)c4c3)CCC2)nc2ccc(/C=C/C(=O)O)cc21	ok
CHEMBL240597	CHENODIOL	4	1983	Small molecule	1	0	0	1	0			0		C[C@H](CCC(=O)O)[C@H]1CC[C@H]2[C@@H]3[C@H](O)C[C@@H]4C[C@H](O)CC[C@]4(C)[C@H]3CC[C@]12C			4.48	3	3	77.76	4			28	0	C[C@H](CCC(=O)O)[C@H]1CC[C@H]2[C@@H]3[C@H](O)C[C@@H]4C[C@H](O)CC[C@]4(C)[C@H]3CC[C@]12C	ok
CHEMBL240624	PRELADENANT	3		Small molecule	0	0	0	1	0			0		COCCOc1ccc(N2CCN(CCn3ncc4c3nc(N)n3nc(-c5ccco5)nc43)CC2)cc1			2.16	12	1	125	9			37	5	COCCOc1ccc(N2CCN(CCn3ncc4c3nc(N)n3nc(-c5ccco5)nc43)CC2)cc1	ok
CHEMBL24072	PRENYLAMINE	4		Small molecule	0	0	0	1	0			0		CC(Cc1ccccc1)NCCC(c1ccccc1)c1ccccc1			5.43	1	1	12.03	8			25	3	CC(Cc1ccccc1)NCCC(c1ccccc1)c1ccccc1	RISK
CHEMBL241694	ETHISTERONE	3		Small molecule	0	0	0	1	0			0		C#C[C@]1(O)CC[C@H]2[C@@H]3CCC4=CC(=O)CC[C@]4(C)[C@H]3CC[C@@]21C			3.88	2	1	37.3	0			23	0	C#C[C@]1(O)CC[C@H]2[C@@H]3CCC4=CC(=O)CC[C@]4(C)[C@H]3CC[C@@]21C	ok
CHEMBL24171	BERGAPTEN	3		Small molecule	0	0	0	1	0			0		COc1c2ccoc2cc2oc(=O)ccc12			2.55	4	0	52.58	1			16	3	COc1c2ccoc2cc2oc(=O)ccc12	ok
CHEMBL242948	CARNOSINE	3		Small molecule	0	0	0	1	0			0		NCCC(=O)N[C@@H](Cc1c[nH]cn1)C(=O)O			-1.13	4	4	121.1	6			16	1	NCCC(=O)N[C@@H](Cc1c[nH]cn1)C(=O)O	ok
CHEMBL243712	AMISULPRIDE	4	1986	Small molecule	0	1	0	1	0			0		CCN1CCCC1CNC(=O)c1cc(S(=O)(=O)CC)c(N)cc1OC			1.29	6	2	101.73	7			25	1	CCN1CCCC1CNC(=O)c1cc(S(=O)(=O)CC)c(N)cc1OC	ok
CHEMBL2443262	OLICERIDINE	4	2020	Small molecule	0	1	0	0	0			0		COc1ccsc1CNCC[C@@]1(c2ccccn2)CCOC2(CCCC2)C1			4.69	5	1	43.38	7			27	2	COc1ccsc1CNCC[C@@]1(c2ccccn2)CCOC2(CCCC2)C1	RISK
CHEMBL24441	BETAHISTINE	4		Small molecule	0	0	0	1	0			0		CNCCc1ccccn1			0.84	2	1	24.92	3			10	1	CNCCc1ccccn1	ok
CHEMBL2447938	OZONE	3		Small molecule	0	0	0	1	0			0		O=[O+][O-]			-1.12	2	0	51.43	0			3	0	O=[O+][O-]	ok
CHEMBL244888	NIFUROXAZIDE	3		Small molecule	0	0	0	1	0			0		O=C(N/N=C/c1ccc([N+](=O)[O-])o1)c1ccc(O)cc1			1.66	6	2	117.97	4			20	2	O=C(N/N=C/c1ccc([N+](=O)[O-])o1)c1ccc(O)cc1	ok
CHEMBL245019	MIZORIBINE	3		Small molecule	0	0	0	1	1			0		NC(=O)c1ncn([C@@H]2O[C@H](CO)[C@@H](O)[C@H]2O)c1O			-2.7	8	5	151.06	3			18	1	NC(=O)c1ncn([C@@H]2O[C@H](CO)[C@@H](O)[C@H]2O)c1O	ok
CHEMBL245807	OXYPHENISATINE	4		Small molecule	0	0	0	1	0			0		O=C1Nc2ccccc2C1(c1ccc(O)cc1)c1ccc(O)cc1			3.38	3	3	69.56	2			24	3	O=C1Nc2ccccc2C1(c1ccc(O)cc1)c1ccc(O)cc1	ok
CHEMBL24778	SILODOSIN	4	2008	Small molecule	1	0	0	0	0			0		C[C@H](Cc1cc2c(c(C(N)=O)c1)N(CCCO)CC2)NCCOc1ccccc1OCC(F)(F)F			3.07	6	3	97.05	13			35	2	C[C@H](Cc1cc2c(c(C(N)=O)c1)N(CCCO)CC2)NCCOc1ccccc1OCC(F)(F)F	RISK
CHEMBL247951	PEMAFIBRATE	4	2017	Small molecule	1	0	0	0	0			0		CC[C@@H](Oc1cccc(CN(CCCOc2ccc(OC)cc2)c2nc3ccccc3o2)c1)C(=O)O			5.55	7	1	94.26	13			36	4	CC[C@@H](Oc1cccc(CN(CCCOc2ccc(OC)cc2)c2nc3ccccc3o2)c1)C(=O)O	ok
CHEMBL248095	SINOMENINE	3		Small molecule	0	0	0	1	0			0		COC1=C[C@@H]2[C@@H]3Cc4ccc(OC)c(O)c4[C@]2(CCN3C)CC1=O			2.02	5	1	59	2			24	1	COC1=C[C@@H]2[C@@H]3Cc4ccc(OC)c(O)c4[C@]2(CCN3C)CC1=O	ok
CHEMBL24828	VANDETANIB	4	2011	Small molecule	1	0	0	0	0			0		COc1cc2/c(=N/c3ccc(Br)cc3F)nc[nH]c2cc1OCC1CCN(C)CC1			4.43	5	1	62.74	5			30	3	COc1cc2/c(=N/c3ccc(Br)cc3F)nc[nH]c2cc1OCC1CCN(C)CC1	ok
CHEMBL248594	RAC-3-N-BUTYLPHTHALIDE	3		Small molecule	0	0	0	1	0			0		CCCCC1OC(=O)c2ccccc21			3.09	2	0	26.3	3			14	1	CCCCC1OC(=O)c2ccccc21	ok
CHEMBL248702	DEXFENFLURAMINE	4		Small molecule	0	0	0	0	0			0		CCN[C@@H](C)Cc1cccc(C(F)(F)F)c1			3.25	1	1	12.03	4			16	1	CCN[C@@H](C)Cc1cccc(C(F)(F)F)c1	ok
CHEMBL24924	FLUINDIONE	4		Small molecule	0	0	0	0	0			0		O=C1c2ccccc2C(=O)C1c1ccc(F)cc1			2.99	2	0	34.14	1			18	2	O=C1c2ccccc2C(=O)C1c1ccc(F)cc1	ok
CHEMBL249420	DEXPRAMIPEXOLE	3		Small molecule	0	0	0	1	0			0		CCCN[C@@H]1CCc2nc(N)sc2C1			1.58	4	2	50.94	3			14	1	CCCN[C@@H]1CCc2nc(N)sc2C1	ok
CHEMBL24944	TRIBROMSALAN	4		Small molecule	0	0	0	0	0			0		O=C(Nc1ccc(Br)cc1)c1cc(Br)cc(Br)c1O			4.93	2	2	49.33	2			19	2	O=C(Nc1ccc(Br)cc1)c1cc(Br)cc(Br)c1O	ok
CHEMBL249837	METHACYCLINE	4	1982	Small molecule	1	0	0	1	0			0		C=C1c2cccc(O)c2C(=O)C2=C(O)[C@]3(O)C(=O)C(C(N)=O)=C(O)[C@@H](N(C)C)[C@@H]3[C@@H](O)[C@H]12			-0.44	9	6	181.62	2			32	1	C=C1c2cccc(O)c2C(=O)C2=C(O)[C@]3(O)C(=O)C(C(N)=O)=C(O)[C@@H](N(C)C)[C@@H]3[C@@H](O)[C@H]12	ok
CHEMBL249856	ENOXIMONE	4		Small molecule	0	0	0	1	0			0		CSc1ccc(C(=O)c2[nH]c(=O)[nH]c2C)cc1			1.96	3	2	65.72	3			17	2	CSc1ccc(C(=O)c2[nH]c(=O)[nH]c2C)cc1	ok
CHEMBL25	ASPIRIN	4	1950	Small molecule	1	0	0	1	0			0		CC(=O)Oc1ccccc1C(=O)O			1.31	3	1	63.6	2			13	1	CC(=O)Oc1ccccc1C(=O)O	ok
CHEMBL250270	LERCANIDIPINE	3		Small molecule	0	0	0	1	0			0		COC(=O)C1=C(C)NC(C)=C(C(=O)OC(C)(C)CN(C)CCC(c2ccccc2)c2ccccc2)C1c1cccc([N+](=O)[O-])c1			6.48	8	1	111.01	12			45	3	COC(=O)C1=C(C)NC(C)=C(C(=O)OC(C)(C)CN(C)CCC(c2ccccc2)c2ccccc2)C1c1cccc([N+](=O)[O-])c1	ok
CHEMBL250892	(R)-MELPHALAN	3		Small molecule	0	0	0	1	0			0		N[C@H](Cc1ccc(N(CCCl)CCCl)cc1)C(=O)O			1.93	3	2	66.56	8			19	1	N[C@H](Cc1ccc(N(CCCl)CCCl)cc1)C(=O)O	ok
CHEMBL25105	HEXAMIDINE	4		Small molecule	0	0	0	1	0			0		N=C(N)c1ccc(OCCCCCCOc2ccc(C(=N)N)cc2)cc1			3.27	4	4	118.2	11			26	2	N=C(N)c1ccc(OCCCCCCOc2ccc(C(=N)N)cc2)cc1	ok
CHEMBL251634	FLUOCORTOLONE	4		Small molecule	0	0	0	0	0			0		C[C@@H]1C[C@H]2[C@@H]3C[C@H](F)C4=CC(=O)C=C[C@]4(C)[C@H]3[C@@H](O)C[C@]2(C)[C@H]1C(=O)CO			2.64	4	2	74.6	2			27	0	C[C@@H]1C[C@H]2[C@@H]3C[C@H](F)C4=CC(=O)C=C[C@]4(C)[C@H]3[C@@H](O)C[C@]2(C)[C@H]1C(=O)CO	ok
CHEMBL251940	PERICIAZINE	4		Small molecule	0	0	0	1	0			0		N#Cc1ccc2c(c1)N(CCCN1CCC(O)CC1)c1ccccc1S2			4.01	5	1	50.5	4			26	2	N#Cc1ccc2c(c1)N(CCCN1CCC(O)CC1)c1ccccc1S2	ok
CHEMBL25202	TAMIBAROTENE	4		Small molecule	1	0	0	1	0			0		CC1(C)CCC(C)(C)c2cc(NC(=O)c3ccc(C(=O)O)cc3)ccc21			4.99	2	2	66.4	3			26	2	CC1(C)CCC(C)(C)c2cc(NC(=O)c3ccc(C(=O)O)cc3)ccc21	ok
CHEMBL252556	IDEBENONE	4	2015	Small molecule	0	0	0	1	0			0		COC1=C(OC)C(=O)C(CCCCCCCCCCO)=C(C)C1=O			3.46	5	1	72.83	12			24	0	COC1=C(OC)C(=O)C(CCCCCCCCCCO)=C(C)C1=O	ok
CHEMBL25336	BISANTRENE	3		Small molecule	0	0	0	0	0			0		C(=N/NC1=NCCN1)\c1c2ccccc2c(/C=N/NC2=NCCN2)c2ccccc12			1.76	8	4	97.56	4			30	3	C(=N/NC1=NCCN1)\c1c2ccccc2c(/C=N/NC2=NCCN2)c2ccccc12	ok
CHEMBL253376	BROMHEXINE	4		Small molecule	0	0	0	1	0			0		CN(Cc1cc(Br)cc(Br)c1N)C1CCCCC1			4.56	2	1	29.26	3			18	1	CN(Cc1cc(Br)cc(Br)c1N)C1CCCCC1	ok
CHEMBL253582	SUCROSE	3		Small molecule	0	0	0	1	0			0		OC[C@H]1O[C@@](CO)(O[C@H]2O[C@H](CO)[C@@H](O)[C@H](O)[C@H]2O)[C@@H](O)[C@@H]1O			-5.4	11	8	189.53	5			23	0	OC[C@H]1O[C@@](CO)(O[C@H]2O[C@H](CO)[C@@H](O)[C@H](O)[C@H]2O)[C@@H](O)[C@@H]1O	ok
CHEMBL254219	DIGITOXIN	4	1982	Small molecule	0	1	0	1	0			0		C[C@H]1O[C@@H](O[C@H]2[C@@H](O)C[C@H](O[C@H]3[C@@H](O)C[C@H](O[C@H]4CC[C@@]5(C)[C@H](CC[C@@H]6[C@@H]5CC[C@]5(C)[C@@H](C7=CC(=O)OC7)CC[C@]65O)C4)O[C@@H]3C)O[C@@H]2C)C[C@H](O)[C@@H]1O			3.25	13	5	182.83	7			54	0	C[C@H]1O[C@@H](O[C@H]2[C@@H](O)C[C@H](O[C@H]3[C@@H](O)C[C@H](O[C@H]4CC[C@@]5(C)[C@H](CC[C@@H]6[C@@H]5CC[C@]5(C)[C@@H](C7=CC(=O)OC7)CC[C@]65O)C4)O[C@@H]3C)O[C@@H]2C)C[C@H](O)[C@@H]1O	ok
CHEMBL254316	RALTEGRAVIR	4	2007	Small molecule	1	0	0	0	0			0		Cc1nnc(C(=O)NC(C)(C)c2nc(C(=O)NCc3ccc(F)cc3)c(O)c(=O)n2C)o1			0.91	9	3	152.24	6			32	3	Cc1nnc(C(=O)NC(C)(C)c2nc(C(=O)NCc3ccc(F)cc3)c(O)c(=O)n2C)o1	ok
CHEMBL254328	ABIRATERONE	4		Small molecule	0	0	0	1	0			0		C[C@]12CC[C@H](O)CC1=CC[C@@H]1[C@@H]2CC[C@]2(C)C(c3cccnc3)=CC[C@@H]12			5.4	2	1	33.12	1			26	1	C[C@]12CC[C@H](O)CC1=CC[C@@H]1[C@@H]2CC[C@]2(C)C(c3cccnc3)=CC[C@@H]12	ok
CHEMBL254468	FLUCICLOVINE F18	4	2016	Small molecule	0	1	0	0	0			0		N[C@]1(C(=O)O)C[C@@H]([18F])C1			-0.1	2	2	63.32	1			9	0	N[C@]1(C(=O)O)C[C@@H]([18F])C1	ok
CHEMBL254857	FIPEXIDE	4		Small molecule	0	0	0	1	0			0		O=C(COc1ccc(Cl)cc1)N1CCN(Cc2ccc3c(c2)OCO3)CC1			2.79	5	0	51.24	5			27	2	O=C(COc1ccc(Cl)cc1)N1CCN(Cc2ccc3c(c2)OCO3)CC1	ok
CHEMBL255044	FLUPIRTINE	4		Small molecule	0	0	0	0	0			0		CCOC(=O)Nc1ccc(NCc2ccc(F)cc2)nc1N			2.98	5	3	89.27	5			22	2	CCOC(=O)Nc1ccc(NCc2ccc(F)cc2)nc1N	ok
CHEMBL255863	NILOTINIB	4	2007	Small molecule	1	0	0	0	0			0		Cc1cn(-c2cc(NC(=O)c3ccc(C)c(Nc4nccc(-c5cccnc5)n4)c3)cc(C(F)(F)F)c2)cn1			6.36	7	2	97.62	6			39	5	Cc1cn(-c2cc(NC(=O)c3ccc(C)c(Nc4nccc(-c5cccnc5)n4)c3)cc(C(F)(F)F)c2)cn1	RISK
CHEMBL256087	MENTHOL	4	2008	Small molecule	0	0	1	1	0			0		CC1CCC(C(C)C)C(O)C1			2.44	1	1	20.23	1			11	0	CC1CCC(C(C)C)C(O)C1	ok
CHEMBL256105	MONENSIN	4		Small molecule	0	0	0	1	0			1		CC[C@@]1([C@@H]2O[C@@H]([C@H]3O[C@@](O)(CO)[C@H](C)C[C@@H]3C)C[C@@H]2C)CC[C@H]([C@]2(C)CC[C@]3(C[C@H](O)[C@@H](C)[C@@H]([C@@H](C)[C@@H](OC)[C@H](C)C(=O)O)O3)O2)O1			4.27	10	4	153.37	10			47	0	CC[C@@]1([C@@H]2O[C@@H]([C@H]3O[C@@](O)(CO)[C@H](C)C[C@@H]3C)C[C@@H]2C)CC[C@H]([C@]2(C)CC[C@]3(C[C@H](O)[C@@H](C)[C@@H]([C@@H](C)[C@@H](OC)[C@H](C)C(=O)O)O3)O2)O1	ok
CHEMBL256147	TILARGININE	3		Small molecule	0	0	0	1	0			0		CNC(=N)NCCC[C@H](N)C(=O)O			-1.08	3	5	111.23	5			13	0	CNC(=N)NCCC[C@H](N)C(=O)O	ok
CHEMBL256907	MARAVIROC	4	2007	Small molecule	1	0	0	0	0			0		Cc1nnc(C(C)C)n1[C@H]1C[C@H]2CC[C@@H](C1)N2CC[C@H](NC(=O)C1CCC(F)(F)CC1)c1ccccc1			5.95	5	1	63.05	8			37	2	Cc1nnc(C(C)C)n1[C@H]1C[C@H]2CC[C@@H](C1)N2CC[C@H](NC(=O)C1CCC(F)(F)CC1)c1ccccc1	RISK
CHEMBL256997	ATALUREN	4	2014	Small molecule	0	0	0	0	0			0		O=C(O)c1cccc(-c2noc(-c3ccccc3F)n2)c1			3.24	4	1	76.22	3			21	3	O=C(O)c1cccc(-c2noc(-c3ccccc3F)n2)c1	ok
CHEMBL257704	EPLIVANSERIN	3		Small molecule	0	0	0	0	0			0		CN(C)CCO/N=C(/C=C/c1ccc(O)cc1)c1ccccc1F			3.53	4	1	45.06	7			24	2	CN(C)CCO/N=C(/C=C/c1ccc(O)cc1)c1ccccc1F	ok
CHEMBL258405	ICILLIN	3		Small molecule	0	0	0	0	0			0		O=C1NC(c2cccc([N+](=O)[O-])c2)=CCN1c1ccccc1O			2.87	4	2	95.71	3			23	2	O=C1NC(c2cccc([N+](=O)[O-])c2)=CCN1c1ccccc1O	ok
CHEMBL258734	DANOPREVIR	3		Small molecule	0	0	0	0	0			0		CC(C)(C)OC(=O)N[C@H]1CCCCC/C=C\[C@@H]2C[C@@]2(C(=O)NS(=O)(=O)C2CC2)NC(=O)[C@@H]2C[C@@H](OC(=O)N3Cc4cccc(F)c4C3)CN2C1=O			3.14	9	3	180.52	5			51	1	CC(C)(C)OC(=O)N[C@H]1CCCCC/C=C\[C@@H]2C[C@@]2(C(=O)NS(=O)(=O)C2CC2)NC(=O)[C@@H]2C[C@@H](OC(=O)N3Cc4cccc(F)c4C3)CN2C1=O	ok
CHEMBL258918	MESTEROLONE	4		Small molecule	0	0	0	1	0			0		C[C@H]1CC(=O)C[C@@H]2CC[C@H]3[C@@H]4CC[C@H](O)[C@@]4(C)CC[C@@H]3[C@]21C			4.21	2	1	37.3	0			22	0	C[C@H]1CC(=O)C[C@@H]2CC[C@H]3[C@@H]4CC[C@H](O)[C@@]4(C)CC[C@@H]3[C@]21C	ok
CHEMBL259209	MILNACIPRAN	4	2009	Small molecule	1	0	0	1	0			0		CCN(CC)C(=O)C1(c2ccccc2)CC1CN			1.77	2	1	46.33	5			18	1	CCN(CC)C(=O)C1(c2ccccc2)CC1CN	ok
CHEMBL259223	MENATETRENONE	3		Small molecule	0	0	0	1	0			0		CC(C)=CCC/C(C)=C/CC/C(C)=C/CC/C(C)=C/CC1=C(C)C(=O)c2ccccc2C1=O			8.92	2	0	34.14	11			33	1	CC(C)=CCC/C(C)=C/CC/C(C)=C/CC/C(C)=C/CC1=C(C)C(=O)c2ccccc2C1=O	ok
CHEMBL259571	TAPINAROF	4	2022	Small molecule	0	0	1	1	0			0		CC(C)c1c(O)cc(/C=C/c2ccccc2)cc1O			4.39	2	2	40.46	3			19	2	CC(C)c1c(O)cc(/C=C/c2ccccc2)cc1O	ok
CHEMBL259972	MOFEZOLAC	4	1994	Small molecule	1	0	0	0	0			0		COc1ccc(-c2noc(CC(=O)O)c2-c2ccc(OC)cc2)cc1			3.65	5	1	81.79	6			25	3	COc1ccc(-c2noc(CC(=O)O)c2-c2ccc(OC)cc2)cc1	ok
CHEMBL26	SULPIRIDE	4		Small molecule	1	0	0	1	0			0		CCN1CCCC1CNC(=O)c1cc(S(N)(=O)=O)ccc1OC			0.56	5	2	101.73	6			23	1	CCN1CCCC1CNC(=O)c1cc(S(N)(=O)=O)ccc1OC	ok
CHEMBL260046	EVOFOSFAMIDE	3		Small molecule	0	0	0	1	1			0		Cn1c(COP(=O)(NCCBr)NCCBr)cnc1[N+](=O)[O-]			1.92	6	2	111.32	10			21	1	Cn1c(COP(=O)(NCCBr)NCCBr)cnc1[N+](=O)[O-]	ok
CHEMBL260538	ULIPRISTAL ACETATE	4	2009	Small molecule	1	0	0	1	0			0		CC(=O)O[C@]1(C(C)=O)CC[C@H]2[C@@H]3CCC4=CC(=O)CCC4=C3[C@@H](c3ccc(N(C)C)cc3)C[C@@]21C			5.54	5	0	63.68	4			35	1	CC(=O)O[C@]1(C(C)=O)CC[C@H]2[C@@H]3CCC4=CC(=O)CCC4=C3[C@@H](c3ccc(N(C)C)cc3)C[C@@]21C	ok
CHEMBL261772	MECLOCYCLINE SULFOSALICYLATE	4	1982	Small molecule	0	0	1	0	0			0		C=C1c2c(Cl)ccc(O)c2C(=O)C2=C(O)[C@]3(O)C(=O)C(C(N)=O)=C(O)[C@@H](N(C)C)[C@@H]3[C@@H](O)[C@H]12.O=C(O)c1cc(S(=O)(=O)O)ccc1O												C=C1c2c(Cl)ccc(O)c2C(=O)C2=C(O)[C@]3(O)C(=O)C(C(N)=O)=C(O)[C@@H](N(C)C)[C@@H]3[C@@H](O)[C@H]12	ok
CHEMBL262075	INDIPLON	3		Small molecule	0	0	0	1	0			0		CC(=O)N(C)c1cccc(-c2ccnc3c(C(=O)c4cccs4)cnn23)c1			3.67	6	0	67.57	4			27	4	CC(=O)N(C)c1cccc(-c2ccnc3c(C(=O)c4cccs4)cnn23)c1	ok
CHEMBL262777	VANCOMYCIN	4	1964	Small molecule	1	1	0	1	0			0		CN[C@H](CC(C)C)C(=O)N[C@H]1C(=O)N[C@@H](CC(N)=O)C(=O)N[C@H]2C(=O)N[C@H]3C(=O)N[C@H](C(=O)N[C@H](C(=O)O)c4cc(O)cc(O)c4-c4cc3ccc4O)[C@H](O)c3ccc(c(Cl)c3)Oc3cc2cc(c3O[C@@H]2O[C@H](CO)[C@@H](O)[C@H](O)[C@H]2O[C@H]2C[C@](C)(N)[C@H](O)[C@H](C)O2)Oc2ccc(cc2Cl)[C@H]1O												CN[C@H](CC(C)C)C(=O)N[C@H]1C(=O)N[C@@H](CC(N)=O)C(=O)N[C@H]2C(=O)N[C@H]3C(=O)N[C@H](C(=O)N[C@H](C(=O)O)c4cc(O)cc(O)c4-c4cc3ccc4O)[C@H](O)c3ccc(c(Cl)c3)Oc3cc2cc(c3O[C@@H]2O[C@H](CO)[C@@H](O)[C@H](O)[C@H]2O[C@H]2C[C@](C)(N)[C@H](O)[C@H](C)O2)Oc2ccc(cc2Cl)[C@H]1O	ok
CHEMBL263198	OCTAAMINOACRIDINE	3		Small molecule	0	0	0	1	0			0		Nc1c2c(nc3c1CCCC3)CCCC2			2.42	2	1	38.91	0			15	1	Nc1c2c(nc3c1CCCC3)CCCC2	ok
CHEMBL264241	ANIDULAFUNGIN	4	2006	Small molecule	0	1	0	1	0			0		CCCCCOc1ccc(-c2ccc(-c3ccc(C(=O)N[C@H]4C[C@@H](O)[C@@H](O)NC(=O)[C@@H]5[C@@H](O)[C@@H](C)CN5C(=O)[C@H]([C@@H](C)O)NC(=O)[C@H]([C@H](O)[C@@H](O)c5ccc(O)cc5)NC(=O)[C@@H]5C[C@@H](O)CN5C(=O)[C@H]([C@@H](C)O)NC4=O)cc3)cc2)cc1												CCCCCOc1ccc(-c2ccc(-c3ccc(C(=O)N[C@H]4C[C@@H](O)[C@@H](O)NC(=O)[C@@H]5[C@@H](O)[C@@H](C)CN5C(=O)[C@H]([C@@H](C)O)NC(=O)[C@H]([C@H](O)[C@@H](O)c5ccc(O)cc5)NC(=O)[C@@H]5C[C@@H](O)CN5C(=O)[C@H]([C@@H](C)O)NC4=O)cc3)cc2)cc1	ok
CHEMBL264374	BEZAFIBRATE	3		Small molecule	0	0	0	1	0			0		CC(C)(Oc1ccc(CCNC(=O)c2ccc(Cl)cc2)cc1)C(=O)O			3.55	3	2	75.63	7			25	2	CC(C)(Oc1ccc(CCNC(=O)c2ccc(Cl)cc2)cc1)C(=O)O	ok
CHEMBL265502	SURAMIN	3		Small molecule	0	0	0	1	0			0		Cc1ccc(C(=O)Nc2ccc(S(=O)(=O)O)c3cc(S(=O)(=O)O)cc(S(=O)(=O)O)c23)cc1NC(=O)c1cccc(NC(=O)Nc2cccc(C(=O)Nc3cc(C(=O)Nc4ccc(S(=O)(=O)O)c5cc(S(=O)(=O)O)cc(S(=O)(=O)O)c45)ccc3C)c2)c1												Cc1ccc(C(=O)Nc2ccc(S(=O)(=O)O)c3cc(S(=O)(=O)O)cc(S(=O)(=O)O)c23)cc1NC(=O)c1cccc(NC(=O)Nc2cccc(C(=O)Nc3cc(C(=O)Nc4ccc(S(=O)(=O)O)c5cc(S(=O)(=O)O)cc(S(=O)(=O)O)c45)ccc3C)c2)c1	ok
CHEMBL266125	IBODUTANT	3		Small molecule	0	0	0	1	0			0		Cc1ccc2cc(C(=O)NC3(C(=O)N[C@H](Cc4ccccc4)C(=O)NCC4CCN(CC5CCOCC5)CC4)CCCC3)sc2c1			5.23	6	3	99.77	11			46	3	Cc1ccc2cc(C(=O)NC3(C(=O)N[C@H](Cc4ccccc4)C(=O)NCC4CCN(CC5CCOCC5)CC4)CCCC3)sc2c1	ok
CHEMBL266349	MELAGATRAN	4	2004	Small molecule	0	1	0	0	0			0		N=C(N)c1ccc(CNC(=O)[C@@H]2CCN2C(=O)[C@H](NCC(=O)O)C2CCCCC2)cc1			0.81	5	5	148.61	9			31	1	N=C(N)c1ccc(CNC(=O)[C@@H]2CCN2C(=O)[C@H](NCC(=O)O)C2CCCCC2)cc1	ok
CHEMBL266497	SORBINIL	3		Small molecule	0	0	0	0	0			0		O=C1NC(=O)[C@@]2(CCOc3ccc(F)cc32)N1			0.64	3	2	67.43	0			17	1	O=C1NC(=O)[C@@]2(CCOc3ccc(F)cc32)N1	ok
CHEMBL266510	FLINDOKALNER	3		Small molecule	0	0	0	0	0			0		COc1ccc(Cl)cc1[C@]1(F)C(=O)Nc2cc(C(F)(F)F)ccc21			4.53	2	1	38.33	2			24	2	COc1ccc(Cl)cc1[C@]1(F)C(=O)Nc2cc(C(F)(F)F)ccc21	ok
CHEMBL267345	AMPHOTERICIN B	4	1964	Small molecule	1	1	1	1	0			0		C[C@@H]1[C@H](O)[C@@H](C)/C=C/C=C/C=C/C=C/C=C/C=C/C=C/[C@H](O[C@@H]2O[C@H](C)[C@@H](O)[C@H](N)[C@@H]2O)C[C@@H]2O[C@](O)(C[C@@H](O)C[C@@H](O)[C@H](O)CC[C@@H](O)C[C@@H](O)CC(=O)O[C@H]1C)C[C@H](O)[C@H]2C(=O)O			0.71	17	12	319.61	3			65	0	C[C@@H]1[C@H](O)[C@@H](C)/C=C/C=C/C=C/C=C/C=C/C=C/C=C/[C@H](O[C@@H]2O[C@H](C)[C@@H](O)[C@H](N)[C@@H]2O)C[C@@H]2O[C@](O)(C[C@@H](O)C[C@@H](O)[C@H](O)CC[C@@H](O)C[C@@H](O)CC(=O)O[C@H]1C)C[C@H](O)[C@H]2C(=O)O	ok
CHEMBL267431	ASOPRISNIL	3		Small molecule	0	0	0	1	0			0		COC[C@]1(OC)CC[C@H]2[C@@H]3CCC4=CC(=O)CCC4=C3[C@@H](c3ccc(/C=N/O)cc3)C[C@@]21C			5.43	5	1	68.12	5			33	1	COC[C@]1(OC)CC[C@H]2[C@@H]3CCC4=CC(=O)CCC4=C3[C@@H](c3ccc(/C=N/O)cc3)C[C@@]21C	ok
CHEMBL267495	NALFURAFINE	4	2009	Small molecule	1	0	0	1	0			0		CN(C(=O)/C=C/c1ccoc1)[C@@H]1CC[C@@]2(O)[C@H]3Cc4ccc(O)c5c4[C@@]2(CCN3CC2CC2)[C@H]1O5			3.09	6	2	86.38	5			35	2	CN(C(=O)/C=C/c1ccoc1)[C@@H]1CC[C@@]2(O)[C@H]3Cc4ccc(O)c5c4[C@@]2(CCN3CC2CC2)[C@H]1O5	ok
CHEMBL267744	TICRYNAFEN	4	1979	Small molecule	0	0	0	1	0			0		O=C(O)COc1ccc(C(=O)c2cccs2)c(Cl)c1Cl			3.75	4	1	63.6	5			20	2	O=C(O)COc1ccc(C(=O)c2cccs2)c(Cl)c1Cl	ok
CHEMBL267894	AMOBARBITAL	4		Small molecule	0	0	0	1	0			0		CCC1(CCC(C)C)C(=O)NC(=O)NC1=O			1.18	3	2	75.27	4			16	0	CCC1(CCC(C)C)C(=O)NC(=O)NC1=O	ok
CHEMBL267936	MECAMYLAMINE	4	1956	Small molecule	1	0	0	1	0			0		CNC1(C)C2CCC(C2)C1(C)C			2.42	1	1	12.03	1			12	0	CNC1(C)C2CCC(C2)C1(C)C	ok
CHEMBL268164	CYCLOBARBITAL	4		Small molecule	0	0	0	1	0			0		CCC1(C2=CCCCC2)C(=O)NC(=O)NC1=O			1.25	3	2	75.27	2			17	0	CCC1(C2=CCCCC2)C(=O)NC(=O)NC1=O	ok
CHEMBL268869	SULFAMETHOXYPYRIDAZINE	4		Small molecule	0	0	0	1	0			0		COc1ccc(NS(=O)(=O)c2ccc(N)cc2)nn1			0.87	6	2	107.2	4			19	2	COc1ccc(NS(=O)(=O)c2ccc(N)cc2)nn1	ok
CHEMBL269644	ACETANILIDE	4		Small molecule	0	0	0	1	0			0		CC(=O)Nc1ccccc1			1.65	1	1	29.1	1			10	1	CC(=O)Nc1ccccc1	ok
CHEMBL269671	ARTEMISININ	3		Small molecule	0	0	0	1	0			0		C[C@@H]1CC[C@H]2[C@@H](C)C(=O)O[C@@H]3O[C@@]4(C)CC[C@@H]1[C@]32OO4			2.39	5	0	53.99	0			20	0	C[C@@H]1CC[C@H]2[C@@H](C)C(=O)O[C@@H]3O[C@@]4(C)CC[C@@H]1[C@]32OO4	ok
CHEMBL269732	TACROLIMUS ANHYDROUS	4	1994	Small molecule	1	1	1	1	0			0		C=CC[C@@H]1/C=C(\C)C[C@H](C)C[C@H](OC)[C@H]2O[C@@](O)(C(=O)C(=O)N3CCCC[C@H]3C(=O)O[C@H](/C(C)=C/[C@@H]3CC[C@@H](O)[C@H](OC)C3)[C@H](C)[C@@H](O)CC1=O)[C@H](C)C[C@@H]2OC			4.64	12	3	178.36	7			57	0	C=CC[C@@H]1/C=C(\C)C[C@H](C)C[C@H](OC)[C@H]2O[C@@](O)(C(=O)C(=O)N3CCCC[C@H]3C(=O)O[C@H](/C(C)=C/[C@@H]3CC[C@@H](O)[C@H](OC)C3)[C@H](C)[C@@H](O)CC1=O)[C@H](C)C[C@@H]2OC	ok
CHEMBL27	PROPRANOLOL	4	1967	Small molecule	1	1	0	1	0			0		CC(C)NCC(O)COc1cccc2ccccc12			2.58	3	2	41.49	6			19	2	CC(C)NCC(O)COc1cccc2ccccc12	RISK
CHEMBL270190	ALVIMOPAN	4	2008	Small molecule	1	0	0	1	0			0		C[C@H]1CN(C[C@H](Cc2ccccc2)C(=O)NCC(=O)O)CC[C@@]1(C)c1cccc(O)c1			3.05	4	3	89.87	8			31	2	C[C@H]1CN(C[C@H](Cc2ccccc2)C(=O)NCC(=O)O)CC[C@@]1(C)c1cccc(O)c1	ok
CHEMBL270995	BRIVANIB ALANINATE	3		Small molecule	0	0	0	0	1			0		Cc1cc2c(F)c(Oc3ncnn4cc(OC[C@@H](C)OC(=O)[C@H](C)N)c(C)c34)ccc2[nH]1			3.42	8	2	116.76	7			32	4	Cc1cc2c(F)c(Oc3ncnn4cc(OC[C@@H](C)OC(=O)[C@H](C)N)c(C)c34)ccc2[nH]1	ok
CHEMBL271227	ABIRATERONE ACETATE	4	2011	Small molecule	1	0	0	1	1			0		CC(=O)O[C@H]1CC[C@@]2(C)C(=CC[C@@H]3[C@@H]2CC[C@]2(C)C(c4cccnc4)=CC[C@@H]32)C1			5.97	3	0	39.19	2			29	1	CC(=O)O[C@H]1CC[C@@]2(C)C(=CC[C@@H]3[C@@H]2CC[C@]2(C)C(c4cccnc4)=CC[C@@H]32)C1	ok
CHEMBL27193	DILEVALOL	4	1990	Small molecule	0	0	0	1	0			0		C[C@H](CCc1ccccc1)NC[C@H](O)c1ccc(O)c(C(N)=O)c1			2.14	4	4	95.58	8			24	2	C[C@H](CCc1ccccc1)NC[C@H](O)c1ccc(O)c(C(N)=O)c1	ok
CHEMBL272427	TAURURSODIOL	4	2022	Small molecule	1	0	0	1	0			0		C[C@H](CCC(=O)NCCS(=O)(=O)O)[C@H]1CC[C@H]2[C@@H]3[C@@H](O)C[C@@H]4C[C@H](O)CC[C@]4(C)[C@H]3CC[C@]12C			3.4	5	4	123.93	7			34	0	C[C@H](CCC(=O)NCCS(=O)(=O)O)[C@H]1CC[C@H]2[C@@H]3[C@@H](O)C[C@@H]4C[C@H](O)CC[C@]4(C)[C@H]3CC[C@]12C	ok
CHEMBL273264	NAFAMOSTAT	3		Small molecule	0	0	0	1	0			0		N=C(N)Nc1ccc(C(=O)Oc2ccc3cc(C(=N)N)ccc3c2)cc1			2.65	4	5	138.07	4			26	3	N=C(N)Nc1ccc(C(=O)Oc2ccc3cc(C(=N)N)ccc3c2)cc1	ok
CHEMBL273575	NOMIFENSINE	4	1984	Small molecule	1	0	0	1	0			0		CN1Cc2c(N)cccc2C(c2ccccc2)C1			2.85	2	1	29.26	1			18	2	CN1Cc2c(N)cccc2C(c2ccccc2)C1	ok
CHEMBL273862	HYDROXYCAMPTOTHECIN	3		Small molecule	0	0	0	1	0			0		CC[C@@]1(O)C(=O)OCc2c1cc1n(c2=O)Cc2cc3cc(O)ccc3nc2-1			1.79	7	2	101.65	1			27	3	CC[C@@]1(O)C(=O)OCc2c1cc1n(c2=O)Cc2cc3cc(O)ccc3nc2-1	ok
CHEMBL274323	ASPARTIC ACID	3		Small molecule	0	0	0	1	0			0		N[C@@H](CC(=O)O)C(=O)O			-1.13	3	3	100.62	3			9	0	N[C@@H](CC(=O)O)C(=O)O	ok
CHEMBL274654	ORANTINIB	3		Small molecule	0	0	0	1	0			0		Cc1[nH]c(/C=C2\C(=O)Nc3ccccc32)c(C)c1CCC(=O)O			3.14	2	3	82.19	4			23	2	Cc1[nH]c(/C=C2\C(=O)Nc3ccccc32)c(C)c1CCC(=O)O	ok
CHEMBL276520	INDALPINE	4		Small molecule	0	0	0	1	0			0		c1ccc2c(CCC3CCNCC3)c[nH]c2c1			3.1	1	2	27.82	3			17	2	c1ccc2c(CCC3CCNCC3)c[nH]c2c1	ok
CHEMBL276568	CEFPROZIL ANHYDROUS, (E)-	4	1991	Small molecule	1	0	0	1	0			0		C/C=C/C1=C(C(=O)O)N2C(=O)[C@@H](NC(=O)[C@H](N)c3ccc(O)cc3)[C@H]2SC1			0.71	6	4	132.96	5			27	1	C/C=C/C1=C(C(=O)O)N2C(=O)[C@@H](NC(=O)[C@H](N)c3ccc(O)cc3)[C@H]2SC1	ok
CHEMBL276711	SEMAXANIB	3		Small molecule	0	0	0	1	0			0		Cc1cc(C)c(/C=C2\C(=O)Nc3ccccc32)[nH]1			3.12	1	2	44.89	1			18	2	Cc1cc(C)c(/C=C2\C(=O)Nc3ccccc32)[nH]1	ok
CHEMBL276832	HYDRALAZINE	4	1953	Small molecule	1	1	0	1	0			0		NNc1nncc2ccccc12			0.92	4	2	63.83	1			12	2	NNc1nncc2ccccc12	ok
CHEMBL277062	BROMAZEPAM	4		Small molecule	0	0	0	1	0			0		O=C1CN=C(c2ccccn2)c2cc(Br)ccc2N1			2.63	3	1	54.35	1			19	2	O=C1CN=C(c2ccccn2)c2cc(Br)ccc2N1	ok
CHEMBL277100	TEMAFLOXACIN	4	1992	Small molecule	0	0	0	0	0			0		CC1CN(c2cc3c(cc2F)c(=O)c(C(=O)O)cn3-c2ccc(F)cc2F)CCN1			2.9	5	2	74.57	3			30	3	CC1CN(c2cc3c(cc2F)c(=O)c(C(=O)O)cn3-c2ccc(F)cc2F)CCN1	ok
CHEMBL277474	ANTIPYRINE	3		Small molecule	0	0	0	1	0			0		Cc1cc(=O)n(-c2ccccc2)n1C			1.48	3	0	26.93	1			14	2	Cc1cc(=O)n(-c2ccccc2)n1C	ok
CHEMBL277535	BIFONAZOLE	4		Small molecule	0	0	0	1	0			0		c1ccc(-c2ccc(C(c3ccccc3)n3ccnc3)cc2)cc1			5.19	2	0	17.82	4			24	4	c1ccc(-c2ccc(C(c3ccccc3)n3ccnc3)cc2)cc1	ok
CHEMBL27759	ENTINOSTAT	3		Small molecule	0	0	0	1	0			0		Nc1ccccc1NC(=O)c1ccc(CNC(=O)OCc2cccnc2)cc1			3.34	5	3	106.34	6			28	3	Nc1ccccc1NC(=O)c1ccc(CNC(=O)OCc2cccnc2)cc1	ok
CHEMBL278020	NEOSTIGMINE	4	2013	Small molecule	0	1	0	1	0			0		CN(C)C(=O)Oc1cccc([N+](C)(C)C)c1			1.94	2	0	29.54	2			16	1	CN(C)C(=O)Oc1cccc([N+](C)(C)C)c1	ok
CHEMBL27810	CELIPROLOL	4		Small molecule	0	0	0	1	0			0		CCN(CC)C(=O)Nc1ccc(OCC(O)CNC(C)(C)C)c(C(C)=O)c1			2.89	5	3	90.9	9			27	1	CCN(CC)C(=O)Nc1ccc(OCC(O)CNC(C)(C)C)c(C(C)=O)c1	ok
CHEMBL278172	BENZOCAINE	3		Small molecule	0	0	0	1	0			0		CCOC(=O)c1ccc(N)cc1			1.45	3	1	52.32	2			12	1	CCOC(=O)c1ccc(N)cc1	ok
CHEMBL278623	MACIMORELIN	4	2017	Small molecule	1	0	0	1	0			0		CC(C)(N)C(=O)N[C@H](Cc1c[nH]c2ccccc12)C(=O)N[C@H](Cc1c[nH]c2ccccc12)NC=O			1.84	4	6	144.9	10			35	4	CC(C)(N)C(=O)N[C@H](Cc1c[nH]c2ccccc12)C(=O)N[C@H](Cc1c[nH]c2ccccc12)NC=O	ok
CHEMBL278819	MINAPRINE	4		Small molecule	0	0	0	1	0			0		Cc1cc(-c2ccccc2)nnc1NCCN1CCOCC1			2.2	5	1	50.28	5			22	2	Cc1cc(-c2ccccc2)nnc1NCCN1CCOCC1	ok
CHEMBL279229	URAPIDIL	3		Small molecule	0	0	0	1	0			0		COc1ccccc1N1CCN(CCCNc2cc(=O)n(C)c(=O)n2C)CC1			0.72	8	1	71.74	7			28	2	COc1ccccc1N1CCN(CCCNc2cc(=O)n(C)c(=O)n2C)CC1	ok
CHEMBL279516	INDORAMIN	4		Small molecule	0	0	0	1	0			0		O=C(NC1CCN(CCc2c[nH]c3ccccc23)CC1)c1ccccc1			3.6	2	2	48.13	5			26	3	O=C(NC1CCN(CCc2c[nH]c3ccccc23)CC1)c1ccccc1	ok
CHEMBL279597	ALANINE	3		Small molecule	0	0	0	1	0			0		C[C@H](N)C(=O)O			-0.58	2	2	63.32	1			6	0	C[C@H](N)C(=O)O	ok
CHEMBL279785	MARIMASTAT	3		Small molecule	0	0	0	1	0			0		CNC(=O)[C@@H](NC(=O)[C@H](CC(C)C)[C@H](O)C(=O)NO)C(C)(C)C			-0.21	5	5	127.76	7			23	0	CNC(=O)[C@@H](NC(=O)[C@H](CC(C)C)[C@H](O)C(=O)NO)C(C)(C)C	ok
CHEMBL281594	VANOXERINE	3		Small molecule	0	0	0	0	0			0		Fc1ccc(C(OCCN2CCN(CCCc3ccccc3)CC2)c2ccc(F)cc2)cc1			5.32	3	0	15.71	10			33	3	Fc1ccc(C(OCCN2CCN(CCCc3ccccc3)CC2)c2ccc(F)cc2)cc1	RISK
CHEMBL282052	METHAQUALONE	4		Small molecule	0	0	0	1	0			0		Cc1ccccc1-n1c(C)nc2ccccc2c1=O			3	3	0	34.89	1			19	3	Cc1ccccc1-n1c(C)nc2ccccc2c1=O	ok
CHEMBL282121	MEBEVERINE	4		Small molecule	0	0	0	1	0			0		CCN(CCCCOC(=O)c1ccc(OC)c(OC)c1)C(C)Cc1ccc(OC)cc1			4.6	6	0	57.23	13			31	2	CCN(CCCCOC(=O)c1ccc(OC)c(OC)c1)C(C)Cc1ccc(OC)cc1	ok
CHEMBL28218	BROMPERIDOL	4		Small molecule	0	0	0	0	0			0		O=C(CCCN1CCC(O)(c2ccc(Br)cc2)CC1)c1ccc(F)cc1			4.53	3	1	40.54	6			26	2	O=C(CCCN1CCC(O)(c2ccc(Br)cc2)CC1)c1ccc(F)cc1	ok
CHEMBL282686	TESAGLITAZAR	3		Small molecule	0	0	0	1	0			0		CCO[C@@H](Cc1ccc(OCCc2ccc(OS(C)(=O)=O)cc2)cc1)C(=O)O			2.68	6	1	99.13	11			28	2	CCO[C@@H](Cc1ccc(OCCc2ccc(OS(C)(=O)=O)cc2)cc1)C(=O)O	ok
CHEMBL282724	SITAXENTAN	4	2006	Small molecule	1	0	0	1	0			0		Cc1cc2c(cc1CC(=O)c1sccc1S(=O)(=O)Nc1onc(C)c1Cl)OCO2			3.96	8	1	107.73	6			29	3	Cc1cc2c(cc1CC(=O)c1sccc1S(=O)(=O)Nc1onc(C)c1Cl)OCO2	ok
CHEMBL28318	PROPYPHENAZONE	4		Small molecule	0	0	0	1	0			0		Cc1c(C(C)C)c(=O)n(-c2ccccc2)n1C			2.61	3	0	26.93	2			17	2	Cc1c(C(C)C)c(=O)n(-c2ccccc2)n1C	ok
CHEMBL28333	MEDAZEPAM	4		Small molecule	0	0	0	0	0			0		CN1CCN=C(c2ccccc2)c2cc(Cl)ccc21			3.63	2	0	15.6	1			19	2	CN1CCN=C(c2ccccc2)c2cc(Cl)ccc21	ok
CHEMBL283800	CREATINE	3		Small molecule	0	0	0	1	0			0		CN(CC(=O)O)C(=N)N			-1.1	2	3	90.41	2			9	0	CN(CC(=O)O)C(=N)N	ok
CHEMBL284092	GEPIRONE	4	2023	Small molecule	1	0	0	1	0			0		CC1(C)CC(=O)N(CCCCN2CCN(c3ncccn3)CC2)C(=O)C1			1.55	6	0	69.64	6			26	1	CC1(C)CC(=O)N(CCCCN2CCN(c3ncccn3)CC2)C(=O)C1	ok
CHEMBL284348	DALFAMPRIDINE	4	2010	Small molecule	1	0	0	1	0			0		Nc1ccncc1			0.66	2	1	38.91	0			7	1	Nc1ccncc1	ok
CHEMBL284906	NICORANDIL	4		Small molecule	0	0	0	1	0			0		O=C(NCCO[N+](=O)[O-])c1cccnc1			0.02	5	1	94.36	5			15	1	O=C(NCCO[N+](=O)[O-])c1cccnc1	ok
CHEMBL285123	(D)-SERINE	3		Small molecule	0	0	0	1	0			0		N[C@H](CO)C(=O)O			-1.61	3	3	83.55	2			7	0	N[C@H](CO)C(=O)O	ok
CHEMBL285674	ESTAZOLAM	4	1990	Small molecule	1	0	0	1	0			0		Clc1ccc2c(c1)C(c1ccccc1)=NCc1nncn1-2			3.27	4	0	43.07	1			21	3	Clc1ccc2c(c1)C(c1ccccc1)=NCc1nncn1-2	ok
CHEMBL286398	PROPYLENE GLYCOL	3		Small molecule	0	0	0	1	0			0		CC(O)CO			-0.64	2	2	40.46	1			5	0	CC(O)CO	ok
CHEMBL286494	HYPERICIN	3		Small molecule	0	0	0	1	0			0		Cc1cc(O)c2c(=O)c3c(O)cc(O)c4c5c(O)cc(O)c6c(=O)c7c(O)cc(C)c8c1c2c(c34)c(c78)c65			5.08	8	6	155.52	0			38	8	Cc1cc(O)c2c(=O)c3c(O)cc(O)c4c5c(O)cc(O)c6c(=O)c7c(O)cc(C)c8c1c2c(c34)c(c78)c65	ok
CHEMBL288441	BOSUTINIB	4	2012	Small molecule	1	0	0	0	0			0		COc1cc(Nc2c(C#N)cnc3cc(OCCCN4CCN(C)CC4)c(OC)cc23)c(Cl)cc1Cl			5.19	8	1	82.88	9			36	3	COc1cc(Nc2c(C#N)cnc3cc(OCCCN4CCN(C)CC4)c(OC)cc23)c(Cl)cc1Cl	RISK
CHEMBL288470	AMINOPYRINE	4		Small molecule	0	0	0	1	0			0		Cc1c(N(C)C)c(=O)n(-c2ccccc2)n1C			1.55	4	0	30.17	2			17	2	Cc1c(N(C)C)c(=O)n(-c2ccccc2)n1C	ok
CHEMBL289228	TIPIFARNIB	3		Small molecule	0	0	0	1	0			0		Cn1cncc1[C@@](N)(c1ccc(Cl)cc1)c1ccc2c(c1)c(-c1cccc(Cl)c1)cc(=O)n2C			5.5	5	1	65.84	4			34	5	Cn1cncc1[C@@](N)(c1ccc(Cl)cc1)c1ccc2c(c1)c(-c1cccc(Cl)c1)cc(=O)n2C	ok
CHEMBL289469	GRANISETRON	4	1993	Small molecule	1	1	1	1	0			0		CN1C2CCCC1CC(NC(=O)c1nn(C)c3ccccc13)C2			2.32	4	1	50.16	2			23	2	CN1C2CCCC1CC(NC(=O)c1nn(C)c3ccccc13)C2	RISK
CHEMBL289480	RILMENIDINE	4	1987	Small molecule	1	0	0	1	0			0		C1COC(NC(C2CC2)C2CC2)=N1			1.15	3	1	33.62	3			13	0	C1COC(NC(C2CC2)C2CC2)=N1	ok
CHEMBL29	PENICILLIN G	4	1947	Small molecule	1	1	0	1	0			0		CC1(C)S[C@@H]2[C@H](NC(=O)Cc3ccccc3)C(=O)N2[C@H]1C(=O)O			0.86	4	2	86.71	4			23	1	CC1(C)S[C@@H]2[C@H](NC(=O)Cc3ccccc3)C(=O)N2[C@H]1C(=O)O	ok
CHEMBL290106	BITHIONOL	4		Small molecule	0	0	0	1	0			0		Oc1c(Cl)cc(Cl)cc1Sc1cc(Cl)cc(Cl)c1O			5.86	3	2	40.46	2			19	2	Oc1c(Cl)cc(Cl)cc1Sc1cc(Cl)cc(Cl)c1O	ok
CHEMBL290194	ALIZAPRIDE	3		Small molecule	0	0	0	1	0			0		C=CCN1CCCC1CNC(=O)c1cc2nn[nH]c2cc1OC			1.35	5	2	83.14	6			23	2	C=CCN1CCCC1CNC(=O)c1cc2nn[nH]c2cc1OC	ok
CHEMBL290352	CEP-1347	3		Small molecule	0	0	0	0	0			0		CCSCc1ccc2c(c1)c1c3c(c4c5cc(CSCC)ccc5n5c4c1n2[C@H]1C[C@](O)(C(=O)OC)[C@]5(C)O1)CNC3=O			6.16	9	2	94.72	7			43	5	CCSCc1ccc2c(c1)c1c3c(c4c5cc(CSCC)ccc5n5c4c1n2[C@H]1C[C@](O)(C(=O)OC)[C@]5(C)O1)CNC3=O	ok
CHEMBL290916	EDARAVONE	4	2017	Small molecule	1	1	0	1	0			0		CC1=NN(c2ccccc2)C(=O)C1			1.8	2	0	32.67	1			13	1	CC1=NN(c2ccccc2)C(=O)C1	ok
CHEMBL290960	NIFURTIMOX	4	2020	Small molecule	1	0	0	1	0			0		CC1CS(=O)(=O)CCN1/N=C/c1ccc([N+](=O)[O-])o1			0.64	7	0	106.02	3			19	1	CC1CS(=O)(=O)CCN1/N=C/c1ccc([N+](=O)[O-])o1	ok
CHEMBL291338	3,3',4',5-TETRACHLOROSALICYLANILIDE	4		Small molecule	0	0	0	0	0			0		O=C(Nc1ccc(Cl)c(Cl)c1)c1cc(Cl)cc(Cl)c1O			5.26	2	2	49.33	2			20	2	O=C(Nc1ccc(Cl)c(Cl)c1)c1cc(Cl)cc(Cl)c1O	ok
CHEMBL291657	CRINECERFONT	4	2024	Small molecule	1	0	0	0	0			0		C#CCN(c1nc(-c2cc(C)c(OC)cc2Cl)c(C)s1)[C@@H](CC1CC1)c1ccc(C)c(F)c1			7.52	4	0	25.36	8			33	3	C#CCN(c1nc(-c2cc(C)c(OC)cc2Cl)c(C)s1)[C@@H](CC1CC1)c1ccc(C)c(F)c1	ok
CHEMBL291962	LEUCINE	3		Small molecule	0	0	0	1	0			0		CC(C)C[C@H](N)C(=O)O			0.44	2	2	63.32	3			9	0	CC(C)C[C@H](N)C(=O)O	ok
CHEMBL294199	CAPSAICIN	4	2009	Small molecule	0	0	1	1	0			0		COc1cc(CNC(=O)CCCC/C=C/C(C)C)ccc1O			3.79	3	2	58.56	9			22	1	COc1cc(CNC(=O)CCCC/C=C/C(C)C)ccc1O	ok
CHEMBL295124	BERBERINE	4		Small molecule	0	0	0	1	0			0		COc1ccc2cc3[n+](cc2c1OC)CCc1cc2c(cc1-3)OCO2			3.1	4	0	40.8	2			25	3	COc1ccc2cc3[n+](cc2c1OC)CCc1cc2c(cc1-3)OCO2	ok
CHEMBL295698	LEVOKETOCONAZOLE	4	2021	Small molecule	1	0	0	1	0			0		CC(=O)N1CCN(c2ccc(OC[C@@H]3CO[C@@](Cn4ccnc4)(c4ccc(Cl)cc4Cl)O3)cc2)CC1			4.21	7	0	69.06	7			36	3	CC(=O)N1CCN(c2ccc(OC[C@@H]3CO[C@@](Cn4ccnc4)(c4ccc(Cl)cc4Cl)O3)cc2)CC1	ok
CHEMBL296306	LACTULOSE	4	1976	Small molecule	1	0	1	1	0			0		OC[C@H]1O[C@@H](O[C@@H]2[C@@H](CO)O[C@](O)(CO)[C@H]2O)[C@H](O)[C@@H](O)[C@H]1O			-5.4	11	8	189.53	5			23	0	OC[C@H]1O[C@@H](O[C@@H]2[C@@H](CO)O[C@](O)(CO)[C@H]2O)[C@H](O)[C@@H](O)[C@H]1O	ok
CHEMBL296419	ASTEMIZOLE	4	1988	Small molecule	1	0	0	0	0			0		COc1ccc(CCN2CCC(Nc3nc4ccccc4n3Cc3ccc(F)cc3)CC2)cc1			5.35	5	1	42.32	8			34	4	COc1ccc(CCN2CCC(Nc3nc4ccccc4n3Cc3ccc(F)cc3)CC2)cc1	RISK
CHEMBL296522	RENZAPRIDE	3		Small molecule	0	0	0	0	0			0		COc1cc(N)c(Cl)cc1C(=O)NC1CCN2CCCC1C2			2.14	4	2	67.59	3			22	1	COc1cc(N)c(Cl)cc1C(=O)NC1CCN2CCCC1C2	ok
CHEMBL296913	PARECOXIB SODIUM	4	2002	Small molecule	0	0	0	0	1			0		CCC(=O)[N-]S(=O)(=O)c1ccc(-c2c(-c3ccccc3)noc2C)cc1.[Na+]			3.53	5	1	89.27	5			26	3	CCC(=O)[N-]S(=O)(=O)c1ccc(-c2c(-c3ccccc3)noc2C)cc1	ok
CHEMBL297302	BENPERIDOL	4		Small molecule	1	0	0	0	0			0		O=C(CCCN1CCC(n2c(=O)[nH]c3ccccc32)CC1)c1ccc(F)cc1			3.77	4	1	58.1	6			28	3	O=C(CCCN1CCC(n2c(=O)[nH]c3ccccc32)CC1)c1ccc(F)cc1	ok
CHEMBL297453	EPIGALOCATECHIN GALLATE	3		Small molecule	0	0	0	1	0			0		O=C(O[C@@H]1Cc2c(O)cc(O)cc2O[C@@H]1c1cc(O)c(O)c(O)c1)c1cc(O)c(O)c(O)c1			2.23	11	8	197.37	3			33	3	O=C(O[C@@H]1Cc2c(O)cc(O)cc2O[C@@H]1c1cc(O)c(O)c(O)c1)c1cc(O)c(O)c(O)c1	ok
CHEMBL298359	MITOMYCIN A	3		Small molecule	0	0	0	1	0			0		COC1=C(C)C(=O)C2=C(C1=O)[C@@H](COC(N)=O)[C@@]1(OC)[C@H]3N[C@H]3CN21			-0.96	8	2	130.1	4			25	0	COC1=C(C)C(=O)C2=C(C1=O)[C@@H](COC(N)=O)[C@@]1(OC)[C@H]3N[C@H]3CN21	ok
CHEMBL298406	ECOPIPAM	3		Small molecule	0	0	0	1	0			0		CN1CCc2cc(Cl)c(O)cc2[C@H]2c3ccccc3CC[C@@H]21			3.98	2	1	23.47	0			22	2	CN1CCc2cc(Cl)c(O)cc2[C@H]2c3ccccc3CC[C@@H]21	ok
CHEMBL298470	TAFENOQUINE	4	2018	Small molecule	1	0	0	0	0			0		COc1cc(C)c2c(Oc3cccc(C(F)(F)F)c3)c(OC)cc(NC(C)CCCN)c2n1			5.91	6	2	78.63	9			33	3	COc1cc(C)c2c(Oc3cccc(C(F)(F)F)c3)c(OC)cc(NC(C)CCCN)c2n1	ok
CHEMBL298734	LONAFARNIB	4	2020	Small molecule	1	0	0	1	0			0		NC(=O)N1CCC(CC(=O)N2CCC([C@H]3c4ncc(Br)cc4CCc4cc(Cl)cc(Br)c43)CC2)CC1			5.91	3	1	79.53	3			36	2	NC(=O)N1CCC(CC(=O)N2CCC([C@H]3c4ncc(Br)cc4CCc4cc(Cl)cc(Br)c43)CC2)CC1	ok
CHEMBL3	NICOTINE	4	1984	Small molecule	1	0	1	1	0			0		CN1CCC[C@H]1c1cccnc1			1.85	2	0	16.13	1			12	1	CN1CCC[C@H]1c1cccnc1	ok
CHEMBL30	CIMETIDINE	4	1977	Small molecule	1	1	0	1	0			0		CN/C(=N\CCSCc1nc[nH]c1C)NC#N			0.6	4	3	88.89	5			17	1	CN/C(=N\CCSCc1nc[nH]c1C)NC#N	ok
CHEMBL300138	ENZASTAURIN	3		Small molecule	0	0	0	1	0			0		Cn1cc(C2=C(c3cn(C4CCN(Cc5ccccn5)CC4)c4ccccc34)C(=O)NC2=O)c2ccccc21			4.93	6	1	72.16	5			39	5	Cn1cc(C2=C(c3cn(C4CCN(Cc5ccccn5)CC4)c4ccccc34)C(=O)NC2=O)c2ccccc21	ok
CHEMBL301265	PRAMIPEXOLE	4	1997	Small molecule	1	0	0	1	0			0		CCCN[C@H]1CCc2nc(N)sc2C1			1.58	4	2	50.94	3			14	1	CCCN[C@H]1CCc2nc(N)sc2C1	ok
CHEMBL301523	PHENYLALANINE	3		Small molecule	0	0	0	1	0			0		N[C@@H](Cc1ccccc1)C(=O)O			0.64	2	2	63.32	3			12	1	N[C@@H](Cc1ccccc1)C(=O)O	ok
CHEMBL301742	ARBACLOFEN	3		Small molecule	0	0	0	1	0			0		NC[C@H](CC(=O)O)c1ccc(Cl)cc1			1.86	2	2	63.32	4			14	1	NC[C@H](CC(=O)O)c1ccc(Cl)cc1	ok
CHEMBL30219	METHOHEXITAL SODIUM	4	1960	Small molecule	0	1	0	0	0			0		C=CCC1(C(C)C#CCC)C(=O)N=C([O-])N(C)C1=O.[Na+]			1.31	3	1	66.48	3			19	0	C=CCC1(C(C)C#CCC)C(=O)N=C([O-])N(C)C1=O	ok
CHEMBL3039113	THEANINE	3		Small molecule	0	0	0	1	0			0		CCNC(=O)CC[C@H](N)C(=O)O			-0.69	3	3	92.42	5			12	0	CCNC(=O)CC[C@H](N)C(=O)O	ok
CHEMBL303933	PIPERAQUINE	3		Small molecule	0	0	0	1	0			0		Clc1ccc2c(N3CCN(CCCN4CCN(c5ccnc6cc(Cl)ccc56)CC4)CC3)ccnc2c1			5.42	6	0	38.74	6			37	4	Clc1ccc2c(N3CCN(CCCN4CCN(c5ccnc6cc(Cl)ccc56)CC4)CC3)ccnc2c1	ok
CHEMBL3039502	DUVELISIB	4	2018	Small molecule	1	0	0	1	0			0		C[C@H](Nc1ncnc2nc[nH]c12)c1cc2cccc(Cl)c2c(=O)n1-c1ccccc1			4.48	6	2	88.49	4			30	5	C[C@H](Nc1ncnc2nc[nH]c12)c1cc2cccc(Cl)c2c(=O)n1-c1ccccc1	ok
CHEMBL3039505	VERCIRNON SODIUM	3		Small molecule	0	0	0	0	0			0		CC(C)(C)c1ccc(S(=O)(=O)[N-]c2ccc(Cl)cc2C(=O)c2cc[n+]([O-])cc2)cc1.[Na+]			4.3	4	1	90.18	5			30	3	CC(C)(C)c1ccc(S(=O)(=O)[N-]c2ccc(Cl)cc2C(=O)c2cc[n+]([O-])cc2)cc1	ok
CHEMBL3039507	SOTAGLIFLOZIN	4	2019	Small molecule	1	0	0	1	0			0		CCOc1ccc(Cc2cc([C@@H]3O[C@H](SC)[C@@H](O)[C@H](O)[C@H]3O)ccc2Cl)cc1			3.17	6	3	79.15	6			28	2	CCOc1ccc(Cc2cc([C@@H]3O[C@H](SC)[C@@H](O)[C@H](O)[C@H]3O)ccc2Cl)cc1	ok
CHEMBL3039511	BEVENOPRAN	3		Small molecule	0	0	0	1	0			0		COc1cc(CNCCC2CCOCC2)ccc1Oc1cnc(C(N)=O)cn1			2.28	7	2	108.59	9			28	2	COc1cc(CNCCC2CCOCC2)ccc1Oc1cnc(C(N)=O)cn1	ok
CHEMBL3039514	ELBASVIR	4	2016	Small molecule	1	0	0	1	0			0		COC(=O)N[C@H](C(=O)N1CCC[C@H]1c1nc(-c2ccc3c(c2)O[C@@H](c2ccccc2)n2c-3cc3cc(-c4c[nH]c([C@@H]5CCCN5C(=O)[C@@H](NC(=O)OC)C(C)C)n4)ccc32)c[nH]1)C(C)C			8.12	10	4	188.8	11			65	6	COC(=O)N[C@H](C(=O)N1CCC[C@H]1c1nc(-c2ccc3c(c2)O[C@@H](c2ccccc2)n2c-3cc3cc(-c4c[nH]c([C@@H]5CCCN5C(=O)[C@@H](NC(=O)OC)C(C)C)n4)ccc32)c[nH]1)C(C)C	ok
CHEMBL3039515	ELOBIXIBAT	3		Small molecule	0	0	0	1	0			0		CCCCC1(CCCC)CN(c2ccccc2)c2cc(SC)c(OCC(=O)N[C@@H](C(=O)NCC(=O)O)c3ccccc3)cc2S(=O)(=O)C1			6.14	8	3	142.11	16			48	3	CCCCC1(CCCC)CN(c2ccccc2)c2cc(SC)c(OCC(=O)N[C@@H](C(=O)NCC(=O)O)c3ccccc3)cc2S(=O)(=O)C1	ok
CHEMBL3039520	LASMIDITAN	4	2020	Small molecule	1	0	0	0	0			0		CN1CCC(C(=O)c2cccc(NC(=O)c3c(F)cc(F)cc3F)n2)CC1			3.28	4	1	62.3	4			27	2	CN1CCC(C(=O)c2cccc(NC(=O)c3c(F)cc(F)cc3F)n2)CC1	ok
CHEMBL3039528	ZICRONAPINE	3		Small molecule	0	0	0	1	0			0		CN1CCN([C@@H]2C[C@@H](c3ccccc3)c3ccc(Cl)cc32)CC1(C)C			4.94	2	0	6.48	2			25	2	CN1CCN([C@@H]2C[C@@H](c3ccccc3)c3ccc(Cl)cc32)CC1(C)C	ok
CHEMBL3039529	TIRASEMTIV	3		Small molecule	0	0	0	1	0			0		C#Cc1cnc2nc(O)n(C(CC)CC)c2n1			1.87	5	1	63.83	3			17	2	C#Cc1cnc2nc(O)n(C(CC)CC)c2n1	ok
CHEMBL3039596	FOSINOPRIL SODIUM	4	1991	Small molecule	1	0	0	1	1			0		CCC(=O)O[C@@H](O[P@](=O)(CCCCc1ccccc1)CC(=O)N1C[C@H](C2CCCCC2)C[C@H]1C(=O)[O-])C(C)C.[Na+]			6.12	6	1	110.21	14			39	1	CCC(=O)O[C@@H](O[P@](=O)(CCCCc1ccccc1)CC(=O)N1C[C@H](C2CCCCC2)C[C@H]1C(=O)[O-])C(C)C	ok
CHEMBL3039598	FOSINOPRIL	4	1991	Small molecule	1	0	0	1	1			0		CCC(=O)O[C@@H](O[P@](=O)(CCCCc1ccccc1)CC(=O)N1C[C@H](C2CCCCC2)C[C@H]1C(=O)O)C(C)C			6.12	6	1	110.21	14			39	1	CCC(=O)O[C@@H](O[P@](=O)(CCCCc1ccccc1)CC(=O)N1C[C@H](C2CCCCC2)C[C@H]1C(=O)O)C(C)C	ok
CHEMBL305660	EBASTINE	4	1990	Small molecule	1	0	0	1	0			0		CC(C)(C)c1ccc(C(=O)CCCN2CCC(OC(c3ccccc3)c3ccccc3)CC2)cc1			7.22	3	0	29.54	9			35	3	CC(C)(C)c1ccc(C(=O)CCCN2CCC(OC(c3ccccc3)c3ccccc3)CC2)cc1	RISK
CHEMBL305906	CETYLPYRIDINIUM	3		Small molecule	0	0	0	1	0			0		CCCCCCCCCCCCCCCC[n+]1ccccc1			6.46	0	0	3.88	15			22	1	CCCCCCCCCCCCCCCC[n+]1ccccc1	ok
CHEMBL306700	VILOXAZINE	4	2021	Small molecule	1	0	0	1	0			0		CCOc1ccccc1OCC1CNCCO1			1.45	4	1	39.72	5			17	1	CCOc1ccccc1OCC1CNCCO1	ok
CHEMBL306823	SODIUM DICHLOROACETATE	3		Small molecule	0	0	0	0	0			0		O=C([O-])C(Cl)Cl.[Na+]												O=C([O-])C(Cl)Cl	ok
CHEMBL307261	ARTENIMOL	4		Small molecule	1	0	0	1	0			0		C[C@H]1[C@@H](O)O[C@@H]2O[C@@]3(C)CC[C@H]4[C@H](C)CC[C@@H]1[C@@]24OO3			2.19	5	1	57.15	0			20	0	C[C@H]1[C@@H](O)O[C@@H]2O[C@@]3(C)CC[C@H]4[C@H](C)CC[C@@H]1[C@@]24OO3	ok
CHEMBL308148	SAREDUTANT	3		Small molecule	0	0	0	1	0			0		CC(=O)NC1(c2ccccc2)CCN(CC[C@H](CN(C)C(=O)c2ccccc2)c2ccc(Cl)c(Cl)c2)CC1			6.37	3	1	52.65	9			38	3	CC(=O)NC1(c2ccccc2)CCN(CC[C@H](CN(C)C(=O)c2ccccc2)c2ccc(Cl)c(Cl)c2)CC1	ok
CHEMBL308954	ETRAVIRINE	4	2008	Small molecule	1	0	0	1	0			0		Cc1cc(C#N)cc(C)c1Oc1nc(Nc2ccc(C#N)cc2)nc(N)c1Br			4.72	7	2	120.64	4			28	3	Cc1cc(C#N)cc(C)c1Oc1nc(Nc2ccc(C#N)cc2)nc(N)c1Br	ok
CHEMBL3099695	OSILODROSTAT	4	2020	Small molecule	1	0	0	0	0			0		N#Cc1ccc([C@H]2CCc3cncn32)c(F)c1			2.43	3	0	41.61	1			17	2	N#Cc1ccc([C@H]2CCc3cncn32)c(F)c1	ok
CHEMBL31	GATIFLOXACIN	4	1999	Small molecule	1	1	1	0	0			0		COc1c(N2CCNC(C)C2)c(F)cc2c(=O)c(C(=O)O)cn(C3CC3)c12			1.98	6	2	83.8	4			27	2	COc1c(N2CCNC(C)C2)c(F)cc2c(=O)c(C(=O)O)cn(C3CC3)c12	ok
CHEMBL310671	SACCHARIN	3		Small molecule	0	0	0	1	0			0		O=C1NS(=O)(=O)c2ccccc21			0.12	3	1	63.24	0			12	1	O=C1NS(=O)(=O)c2ccccc21	ok
CHEMBL3112741	RELEBACTAM ANHYDROUS	4	2019	Small molecule	0	1	0	1	0			0		O=C(NC1CCNCC1)[C@@H]1CC[C@@H]2CN1C(=O)N2OS(=O)(=O)O			-1.14	6	3	128.28	4			23	0	O=C(NC1CCNCC1)[C@@H]1CC[C@@H]2CN1C(=O)N2OS(=O)(=O)O	ok
CHEMBL3114577	ZALUNFIBAN	3		Small molecule	0	0	0	0	0			0		NCC(=O)Nc1cncc(-c2nn3c(=O)cc(N4CCNCC4)nc3s2)c1			-0.48	10	3	130.54	4			27	3	NCC(=O)Nc1cncc(-c2nn3c(=O)cc(N4CCNCC4)nc3s2)c1	ok
CHEMBL311498	CIANIDANOL	4	1977	Small molecule	0	0	0	1	0			0		Oc1cc(O)c2c(c1)O[C@H](c1ccc(O)c(O)c1)[C@@H](O)C2			1.55	6	5	110.38	1			21	2	Oc1cc(O)c2c(c1)O[C@H](c1ccc(O)c(O)c1)[C@@H](O)C2	ok
CHEMBL312443	GABOXADOL	3		Small molecule	0	0	0	1	0			0		Oc1noc2c1CCNC2			0.03	4	2	58.29	0			10	1	Oc1noc2c1CCNC2	ok
CHEMBL312448	XYLOMETAZOLINE	4		Small molecule	0	0	0	1	0			0		Cc1cc(C(C)(C)C)cc(C)c1CC1=NCCN1			3.15	2	1	24.39	2			18	1	Cc1cc(C(C)(C)C)cc(C)c1CC1=NCCN1	ok
CHEMBL3125702	NAVTEMADLIN	3		Small molecule	0	0	0	0	0			0		CC(C)[C@@H](CS(=O)(=O)C(C)C)N1C(=O)[C@@](C)(CC(=O)O)C[C@H](c2cccc(Cl)c2)[C@H]1c1ccc(Cl)cc1			6.38	4	1	91.75	9			37	2	CC(C)[C@@H](CS(=O)(=O)C(C)C)N1C(=O)[C@@](C)(CC(=O)O)C[C@H](c2cccc(Cl)c2)[C@H]1c1ccc(Cl)cc1	ok
CHEMBL3126004	FOSGEMCITABINE PALABENAMIDE	3		Small molecule	0	0	0	0	0			0		C[C@H](NP(=O)(OC[C@H]1O[C@@H](n2ccc(N)nc2=O)C(F)(F)[C@@H]1O)Oc1ccccc1)C(=O)OCc1ccccc1			2.64	11	3	164.23	11			40	3	C[C@H](NP(=O)(OC[C@H]1O[C@@H](n2ccc(N)nc2=O)C(F)(F)[C@@H]1O)Oc1ccccc1)C(=O)OCc1ccccc1	ok
CHEMBL3127326	OMBITASVIR	4	2014	Small molecule	1	0	0	1	0			0		COC(=O)N[C@H](C(=O)N1CCC[C@H]1C(=O)Nc1ccc([C@@H]2CC[C@@H](c3ccc(NC(=O)[C@@H]4CCCN4C(=O)[C@@H](NC(=O)OC)C(C)C)cc3)N2c2ccc(C(C)(C)C)cc2)cc1)C(C)C			7.69	9	4	178.72	13			65	3	COC(=O)N[C@H](C(=O)N1CCC[C@H]1C(=O)Nc1ccc([C@@H]2CC[C@@H](c3ccc(NC(=O)[C@@H]4CCCN4C(=O)[C@@H](NC(=O)OC)C(C)C)cc3)N2c2ccc(C(C)(C)C)cc2)cc1)C(C)C	ok
CHEMBL313006	DALCETRAPIB	3		Small molecule	0	0	0	1	0			0		CCC(CC)CC1(C(=O)Nc2ccccc2SC(=O)C(C)C)CCCCC1			6.68	3	1	46.17	8			27	1	CCC(CC)CC1(C(=O)Nc2ccccc2SC(=O)C(C)C)CCCCC1	ok
CHEMBL3137301	SACUBITRIL	4	2015	Small molecule	1	0	0	1	1			0		CCOC(=O)[C@H](C)C[C@@H](Cc1ccc(-c2ccccc2)cc1)NC(=O)CCC(=O)O			3.84	4	2	92.7	11			30	2	CCOC(=O)[C@H](C)C[C@@H](Cc1ccc(-c2ccccc2)cc1)NC(=O)CCC(=O)O	ok
CHEMBL3137308	PEFICITINIB	4	2019	Small molecule	1	0	0	1	0			0		NC(=O)c1cnc2[nH]ccc2c1N[C@@H]1[C@@H]2CC3C[C@H]1C[C@@](O)(C3)C2			2.01	4	4	104.03	3			24	2	NC(=O)c1cnc2[nH]ccc2c1N[C@@H]1[C@@H]2CC3C[C@H]1C[C@@](O)(C3)C2	ok
CHEMBL3137309	VENETOCLAX	4	2016	Small molecule	1	0	0	1	0			0		CC1(C)CCC(CN2CCN(c3ccc(C(=O)NS(=O)(=O)c4ccc(NCC5CCOCC5)c([N+](=O)[O-])c4)c(Oc4cnc5[nH]ccc5c4)c3)CC2)=C(c2ccc(Cl)cc2)C1			8.66	11	3	172.03	13			61	5	CC1(C)CCC(CN2CCN(c3ccc(C(=O)NS(=O)(=O)c4ccc(NCC5CCOCC5)c([N+](=O)[O-])c4)c(Oc4cnc5[nH]ccc5c4)c3)CC2)=C(c2ccc(Cl)cc2)C1	ok
CHEMBL3137312	DASABUVIR	4	2014	Small molecule	1	0	0	1	0			0		COc1c(-c2ccc3cc(NS(C)(=O)=O)ccc3c2)cc(-n2ccc(=O)[nH]c2=O)cc1C(C)(C)C			4.02	6	2	110.26	5			35	4	COc1c(-c2ccc3cc(NS(C)(=O)=O)ccc3c2)cc(-n2ccc(=O)[nH]c2=O)cc1C(C)(C)C	ok
CHEMBL3137314	ESUBERAPROST	3		Small molecule	0	0	0	0	0			0		CC#CC[C@H](C)[C@H](O)/C=C/[C@@H]1[C@H]2c3cccc(CCCC(=O)O)c3O[C@H]2C[C@H]1O			3.29	4	3	86.99	8			29	1	CC#CC[C@H](C)[C@H](O)/C=C/[C@@H]1[C@H]2c3cccc(CCCC(=O)O)c3O[C@H]2C[C@H]1O	ok
CHEMBL3137320	TALAZOPARIB	4	2018	Small molecule	1	0	0	0	0			0		Cn1ncnc1[C@H]1c2n[nH]c(=O)c3cc(F)cc(c23)N[C@@H]1c1ccc(F)cc1			2.63	6	2	88.49	2			28	4	Cn1ncnc1[C@H]1c2n[nH]c(=O)c3cc(F)cc(c23)N[C@@H]1c1ccc(F)cc1	ok
CHEMBL3137321	BENZHYDROCODONE	4	2018	Small molecule	1	0	0	1	0			0		COc1ccc2c3c1O[C@H]1C(OC(=O)c4ccccc4)=CC[C@@H]4[C@@H](C2)N(C)CC[C@@]341			3.72	5	0	48	3			30	2	COc1ccc2c3c1O[C@H]1C(OC(=O)c4ccccc4)=CC[C@@H]4[C@@H](C2)N(C)CC[C@@]341	ok
CHEMBL3137322	DIANHYDROGALACTITOL	3		Small molecule	0	0	0	1	0			0		O[C@H]([C@H](O)[C@@H]1CO1)[C@H]1CO1			-1.49	4	2	65.52	3			10	0	O[C@H]([C@H](O)[C@@H]1CO1)[C@H]1CO1	ok
CHEMBL3137326	DEUTETRABENAZINE	4	2017	Small molecule	1	0	0	1	0			0		[2H]C([2H])([2H])Oc1cc2c(cc1OC([2H])([2H])[2H])C1CC(=O)C(CC(C)C)CN1CC2			3.24	4	0	38.77	4			23	1	[2H]C([2H])([2H])Oc1cc2c(cc1OC([2H])([2H])[2H])C1CC(=O)C(CC(C)C)CN1CC2	ok
CHEMBL3137330	CABOTEGRAVIR SODIUM	4	2021	Small molecule	1	0	0	0	0			0		C[C@H]1CO[C@@H]2Cn3cc(C(=O)NCc4ccc(F)cc4F)c(=O)c([O-])c3C(=O)N12.[Na+]			0.96	6	2	100.87	3			29	2	C[C@H]1CO[C@@H]2Cn3cc(C(=O)NCc4ccc(F)cc4F)c(=O)c([O-])c3C(=O)N12	ok
CHEMBL3137331	DEFACTINIB	3		Small molecule	0	0	0	0	0			0		CNC(=O)c1ccc(Nc2ncc(C(F)(F)F)c(NCc3nccnc3N(C)S(C)(=O)=O)n2)cc1			2.4	9	3	142.1	8			35	3	CNC(=O)c1ccc(Nc2ncc(C(F)(F)F)c(NCc3nccnc3N(C)S(C)(=O)=O)n2)cc1	ok
CHEMBL3137332	FEVIPIPRANT	3		Small molecule	0	0	0	0	0			0		Cc1c(CC(=O)O)c2cccnc2n1Cc1ccc(S(C)(=O)=O)cc1C(F)(F)F			3.44	5	1	89.26	5			29	3	Cc1c(CC(=O)O)c2cccnc2n1Cc1ccc(S(C)(=O)=O)cc1C(F)(F)F	ok
CHEMBL3137335	TRANSCROCETINATE SODIUM	3		Small molecule	0	0	0	0	0			0		CC(/C=C/C=C(\C)C(=O)[O-])=C\C=C\C=C(C)\C=C\C=C(/C)C(=O)[O-].[Na+].[Na+]			4.61	2	2	74.6	8			24	0	CC(/C=C/C=C(\C)C(=O)[O-])=C\C=C\C=C(C)\C=C\C=C(/C)C(=O)[O-]	ok
CHEMBL3137358	SIMEPREVIR SODIUM	4	2013	Small molecule	1	0	0	1	0			0		COc1ccc2c(O[C@@H]3C[C@H]4C(=O)N[C@]5(C(=O)[N-]S(=O)(=O)C6CC6)C[C@H]5/C=C\CCCCN(C)C(=O)[C@@H]4C3)cc(-c3nc(C(C)C)cs3)nc2c1C.[Na+]			5.25	10	2	156.89	8			52	3	COc1ccc2c(O[C@@H]3C[C@H]4C(=O)N[C@]5(C(=O)[N-]S(=O)(=O)C6CC6)C[C@H]5/C=C\CCCCN(C)C(=O)[C@@H]4C3)cc(-c3nc(C(C)C)cs3)nc2c1C	ok
CHEMBL313971	ZUCAPSAICIN	3		Small molecule	0	0	0	1	0			0		COc1cc(CNC(=O)CCCC/C=C\C(C)C)ccc1O			3.79	3	2	58.56	9			22	1	COc1cc(CNC(=O)CCCC/C=C\C(C)C)ccc1O	ok
CHEMBL313972	MASOPROCOL	4	1992	Small molecule	0	0	1	1	0			0		C[C@H](Cc1ccc(O)c(O)c1)[C@@H](C)Cc1ccc(O)c(O)c1			3.57	4	4	80.92	5			22	2	C[C@H](Cc1ccc(O)c(O)c1)[C@@H](C)Cc1ccc(O)c(O)c1	ok
CHEMBL31422	MALTOL	3		Small molecule	0	0	0	1	0			0		Cc1occc(=O)c1O			0.65	3	1	50.44	0			9	1	Cc1occc(=O)c1O	ok
CHEMBL3142541	BUTAMBEN PICRATE	4		Small molecule	0	0	0	0	0			0		CCCCOC(=O)c1ccc(N)cc1.CCCCOC(=O)c1ccc(N)cc1.O=[N+]([O-])c1cc([N+](=O)[O-])c(O)c([N+](=O)[O-])c1			2.23	3	1	52.32	4			14	1	O=[N+]([O-])c1cc([N+](=O)[O-])c(O)c([N+](=O)[O-])c1	ok
CHEMBL314437	MEPTAZINOL	4		Small molecule	0	0	0	1	0			0		CCC1(c2cccc(O)c2)CCCCN(C)C1			3.16	2	1	23.47	2			17	1	CCC1(c2cccc(O)c2)CCCCN(C)C1	ok
CHEMBL314854	FINGOLIMOD	4	2010	Small molecule	1	0	0	1	1			0		CCCCCCCCc1ccc(CCC(N)(CO)CO)cc1			3.2	3	3	66.48	12			22	1	CCCCCCCCc1ccc(CCC(N)(CO)CO)cc1	ok
CHEMBL315795	CLOMETHIAZOLE	4		Small molecule	0	0	0	1	0			0		Cc1ncsc1CCCl			2.23	2	0	12.89	2			9	1	Cc1ncsc1CCCl	ok
CHEMBL315838	ENCAINIDE	4	1986	Small molecule	0	0	0	1	0			0		COc1ccc(C(=O)Nc2ccccc2CCC2CCCCN2C)cc1			4.36	3	1	41.57	6			26	2	COc1ccc(C(=O)Nc2ccccc2CCC2CCCCN2C)cc1	ok
CHEMBL315985	ESLICARBAZEPINE	4		Small molecule	0	0	0	0	0			0		NC(=O)N1c2ccccc2C[C@H](O)c2ccccc21			2.49	2	2	66.56	0			19	2	NC(=O)N1c2ccccc2C[C@H](O)c2ccccc21	ok
CHEMBL316157	CEPHALORIDINE	4		Small molecule	0	0	0	1	0			0		O=C(Cc1cccs1)N[C@@H]1C(=O)N2C(C(=O)[O-])=C(C[n+]3ccccc3)CS[C@H]12			-0.32	6	1	93.42	6			28	2	O=C(Cc1cccs1)N[C@@H]1C(=O)N2C(C(=O)[O-])=C(C[n+]3ccccc3)CS[C@H]12	ok
CHEMBL316561	PROGLUMIDE	4		Small molecule	0	0	0	1	0			0		CCCN(CCC)C(=O)C(CCC(=O)O)NC(=O)c1ccccc1			2.3	3	2	86.71	10			24	1	CCCN(CCC)C(=O)C(CCC(=O)O)NC(=O)c1ccccc1	ok
CHEMBL317052	REGADENOSON ANHYDROUS	4	2008	Small molecule	0	1	0	1	0			0		CNC(=O)c1cnn(-c2nc(N)c3ncn([C@@H]4O[C@H](CO)[C@@H](O)[C@H]4O)c3n2)c1			-2.43	12	5	186.46	4			28	3	CNC(=O)c1cnn(-c2nc(N)c3ncn([C@@H]4O[C@H](CO)[C@@H](O)[C@H]4O)c3n2)c1	ok
CHEMBL317094	IMIDAPRIL	4	1993	Small molecule	1	0	0	1	1			0		CCOC(=O)[C@H](CCc1ccccc1)N[C@@H](C)C(=O)N1C(=O)N(C)C[C@H]1C(=O)O			0.88	6	2	116.25	9			29	1	CCOC(=O)[C@H](CCc1ccccc1)N[C@@H](C)C(=O)N1C(=O)N(C)C[C@H]1C(=O)O	ok
CHEMBL3181832	METHICILLIN SODIUM	4	1982	Small molecule	0	1	0	1	0			0		COc1cccc(OC)c1C(=O)N[C@@H]1C(=O)N2[C@@H]1SC(C)(C)[C@@H]2C(=O)[O-].O.[Na+]			0.95	6	2	105.17	5			26	1	COc1cccc(OC)c1C(=O)N[C@@H]1C(=O)N2[C@@H]1SC(C)(C)[C@@H]2C(=O)[O-]	ok
CHEMBL3181947	BROMFENAC SODIUM	4	1997	Small molecule	0	0	1	0	0			0		Nc1c(CC(=O)[O-])cccc1C(=O)c1ccc(Br)cc1.Nc1c(CC(=O)[O-])cccc1C(=O)c1ccc(Br)cc1.O.O.O.[Na+].[Na+]			2.89	3	2	80.39	4			20	2	Nc1c(CC(=O)[O-])cccc1C(=O)c1ccc(Br)cc1	ok
CHEMBL3182314	SIVELESTAT SODIUM	3		Small molecule	0	0	0	0	0			0		CC(C)(C)C(=O)Oc1ccc(S(=O)(=O)Nc2ccccc2C(=O)NCC(=O)[O-])cc1.O.O.O.O.[Na+]			2.25	6	3	138.87	7			30	2	CC(C)(C)C(=O)Oc1ccc(S(=O)(=O)Nc2ccccc2C(=O)NCC(=O)[O-])cc1	ok
CHEMBL3182320	TROXERUTIN	4		Small molecule	0	0	0	1	0			0		C[C@@H]1O[C@@H](OC[C@H]2O[C@@H](Oc3c(-c4ccc(OCCO)c(OCCO)c4)oc4cc(OCCO)cc(O)c4c3=O)[C@H](O)[C@@H](O)[C@@H]2O)[C@H](O)[C@H](O)[C@H]1O			-2.69	19	10	297.12	15			52	3	C[C@@H]1O[C@@H](OC[C@H]2O[C@@H](Oc3c(-c4ccc(OCCO)c(OCCO)c4)oc4cc(OCCO)cc(O)c4c3=O)[C@H](O)[C@@H](O)[C@@H]2O)[C@H](O)[C@H](O)[C@H]1O	ok
CHEMBL3182343	PIVAMPICILLIN	4		Small molecule	0	0	0	1	1			0		CC(C)(C)C(=O)OCOC(=O)[C@@H]1N2C(=O)[C@@H](NC(=O)[C@H](N)c3ccccc3)[C@H]2SC1(C)C			1.32	8	2	128.03	6			32	1	CC(C)(C)C(=O)OCOC(=O)[C@@H]1N2C(=O)[C@@H](NC(=O)[C@H](N)c3ccccc3)[C@H]2SC1(C)C	ok
CHEMBL3183075	NIZATIDINE	4	1988	Small molecule	1	0	0	1	0			0		CNC(=C[N+](=O)[O-])NCCSCc1csc(CN(C)C)n1			1.32	8	2	83.33	10			21	1	CNC(=C[N+](=O)[O-])NCCSCc1csc(CN(C)C)n1	ok
CHEMBL3183184	OCTINOXATE	4	1992	Small molecule	0	0	1	1	0			0		CCCCC(CC)COC(=O)C=Cc1ccc(OC)cc1			4.47	3	0	35.53	9			21	1	CCCCC(CC)COC(=O)C=Cc1ccc(OC)cc1	ok
CHEMBL3183409	APALUTAMIDE	4	2018	Small molecule	1	0	0	0	0			0		CNC(=O)c1ccc(N2C(=S)N(c3cnc(C#N)c(C(F)(F)F)c3)C(=O)C23CCC3)cc1F			3.53	5	1	89.33	3			33	2	CNC(=O)c1ccc(N2C(=S)N(c3cnc(C#N)c(C(F)(F)F)c3)C(=O)C23CCC3)cc1F	ok
CHEMBL3183453	NOVOBIOCIN SODIUM	4	1964	Small molecule	1	0	0	1	0			0		CO[C@@H]1[C@@H](OC(N)=O)[C@@H](O)[C@H](Oc2ccc3c([O-])c(NC(=O)c4ccc(O)c(CC=C(C)C)c4)c(=O)oc3c2C)OC1(C)C.[Na+]			3.63	11	5	200.01	8			44	3	CO[C@@H]1[C@@H](OC(N)=O)[C@@H](O)[C@H](Oc2ccc3c([O-])c(NC(=O)c4ccc(O)c(CC=C(C)C)c4)c(=O)oc3c2C)OC1(C)C	ok
CHEMBL3184512	CLINDAMYCIN PHOSPHATE	4	1972	Small molecule	0	1	1	1	1			0		CCC[C@@H]1C[C@@H](C(=O)N[C@@H]([C@H]2O[C@H](SC)[C@H](OP(=O)(O)O)[C@@H](O)[C@H]2O)[C@H](C)Cl)N(C)C1			0.51	8	5	148.79	9			31	0	CCC[C@@H]1C[C@@H](C(=O)N[C@@H]([C@H]2O[C@H](SC)[C@H](OP(=O)(O)O)[C@@H](O)[C@H]2O)[C@H](C)Cl)N(C)C1	ok
CHEMBL3185084	SUCRALOSE	3		Small molecule	0	0	0	1	0			0		OC[C@H]1O[C@H](O[C@]2(CCl)O[C@H](CCl)[C@@H](O)[C@@H]2O)[C@H](O)[C@@H](O)[C@H]1Cl			-1.66	8	5	128.84	5			23	0	OC[C@H]1O[C@H](O[C@]2(CCl)O[C@H](CCl)[C@@H](O)[C@@H]2O)[C@H](O)[C@@H](O)[C@H]1Cl	ok
CHEMBL3186011	EPRENETAPOPT	3		Small molecule	0	0	0	1	1			0		COCC1(CO)C(=O)C2CCN1CC2			-0.34	4	1	49.77	3			14	0	COCC1(CO)C(=O)C2CCN1CC2	ok
CHEMBL3186534	RIVOCERANIB	3		Small molecule	0	0	0	0	0			0		N#CC1(c2ccc(NC(=O)c3cccnc3NCc3ccncc3)cc2)CCCC1			4.68	5	2	90.7	6			30	3	N#CC1(c2ccc(NC(=O)c3cccnc3NCc3ccncc3)cc2)CCCC1	ok
CHEMBL3186849	CPI 613	3		Small molecule	0	0	0	1	0			0		O=C(O)CCCCC(CCSCc1ccccc1)SCc1ccccc1			6.26	3	1	37.3	13			26	2	O=C(O)CCCCC(CCSCc1ccccc1)SCc1ccccc1	ok
CHEMBL3187365	ASENAPINE	4	2009	Small molecule	0	0	1	0	0			0		CN1CC2c3ccccc3Oc3ccc(Cl)cc3C2C1			4.26	2	0	12.47	0			20	2	CN1CC2c3ccccc3Oc3ccc(Cl)cc3C2C1	ok
CHEMBL3187723	BINIMETINIB	4	2018	Small molecule	1	0	0	0	0			0		Cn1cnc2c(F)c(Nc3ccc(Br)cc3F)c(C(=O)NOCCO)cc21			3.01	6	3	88.41	6			27	3	Cn1cnc2c(F)c(Nc3ccc(Br)cc3F)c(C(=O)NOCCO)cc21	ok
CHEMBL3188267	CAPMATINIB	4	2020	Small molecule	1	0	0	0	0			0		CNC(=O)c1ccc(-c2cnc3ncc(Cc4ccc5ncccc5c4)n3n2)cc1F			3.43	6	1	85.07	4			31	5	CNC(=O)c1ccc(-c2cnc3ncc(Cc4ccc5ncccc5c4)n3n2)cc1F	ok
CHEMBL319144	MINODRONIC ACID	4		Small molecule	1	0	0	1	0			0		O=P(O)(O)C(O)(Cc1cnc2ccccn12)P(=O)(O)O			-0.12	5	5	152.59	4			20	2	O=P(O)(O)C(O)(Cc1cnc2ccccn12)P(=O)(O)O	ok
CHEMBL31965	CANERTINIB	3		Small molecule	0	0	0	0	0			0		C=CC(=O)Nc1cc2c(Nc3ccc(F)c(Cl)c3)ncnc2cc1OCCCN1CCOCC1			4.39	7	2	88.61	9			34	3	C=CC(=O)Nc1cc2c(Nc3ccc(F)c(Cl)c3)ncnc2cc1OCCCN1CCOCC1	ok
CHEMBL319669	PAFURAMIDINE	3		Small molecule	0	0	0	1	1			0		CONC(=N)c1ccc(-c2ccc(-c3ccc(C(=N)NOC)cc3)o2)cc1			3.57	5	4	103.36	6			27	3	CONC(=N)c1ccc(-c2ccc(-c3ccc(C(=N)NOC)cc3)o2)cc1	ok
CHEMBL32	MOXIFLOXACIN	4	1999	Small molecule	1	1	1	0	0			0		COc1c(N2C[C@@H]3CCCN[C@@H]3C2)c(F)cc2c(=O)c(C(=O)O)cn(C3CC3)c12			2.37	6	2	83.8	4			29	2	COc1c(N2C[C@@H]3CCCN[C@@H]3C2)c(F)cc2c(=O)c(C(=O)O)cn(C3CC3)c12	ok
CHEMBL320775	NOLATREXED	3		Small molecule	0	0	0	1	0			0		Cc1ccc2nc(N)[nH]c(=O)c2c1Sc1ccncc1			2.36	5	2	84.66	2			20	3	Cc1ccc2nc(N)[nH]c(=O)c2c1Sc1ccncc1	ok
CHEMBL3218576	COPANLISIB	4	2017	Small molecule	0	1	0	1	0			0		COc1c(OCCCN2CCOCC2)ccc2c1N=C(NC(=O)c1cnc(N)nc1)N1CCN=C21			0.66	11	2	139.79	7			35	2	COc1c(OCCCN2CCOCC2)ccc2c1N=C(NC(=O)c1cnc(N)nc1)N1CCN=C21	ok
CHEMBL3237547	CEDAZURIDINE	4	2020	Small molecule	1	0	0	0	0			0		O=C1N[C@H](O)CCN1[C@@H]1O[C@H](CO)[C@@H](O)C1(F)F			-1.57	5	4	102.26	2			18	0	O=C1N[C@H](O)CCN1[C@@H]1O[C@H](CO)[C@@H](O)C1(F)F	ok
CHEMBL3244648	METHOTREXATE SODIUM	4	1953	Small molecule	1	1	0	1	0			0		CN(Cc1cnc2nc(N)nc(N)c2n1)c1ccc(C(=O)N[C@@H](CCC(=O)[O-])C(=O)[O-])cc1.[Na+].[Na+]			0.27	10	5	210.54	9			33	3	CN(Cc1cnc2nc(N)nc(N)c2n1)c1ccc(C(=O)N[C@@H](CCC(=O)[O-])C(=O)[O-])cc1	ok
CHEMBL32479	BROTIZOLAM	4	1984	Small molecule	0	0	0	1	0			0		Cc1nnc2n1-c1sc(Br)cc1C(c1ccccc1Cl)=NC2			4.4	5	0	43.07	1			22	3	Cc1nnc2n1-c1sc(Br)cc1C(c1ccccc1Cl)=NC2	ok
CHEMBL325041	BORTEZOMIB	4		Small molecule	0	0	0	1	0			0		CC(C)C[C@H](NC(=O)[C@H](Cc1ccccc1)NC(=O)c1cnccn1)B(O)O												CC(C)C[C@H](NC(=O)[C@H](Cc1ccccc1)NC(=O)c1cnccn1)B(O)O	ok
CHEMBL3261331	RESMETIROM	4	2024	Small molecule	1	0	0	1	0			0		CC(C)c1cc(Oc2c(Cl)cc(-n3nc(C#N)c(=O)[nH]c3=O)cc2Cl)n[nH]c1=O			2.1	8	2	146.52	4			29	3	CC(C)c1cc(Oc2c(Cl)cc(-n3nc(C#N)c(=O)[nH]c3=O)cc2Cl)n[nH]c1=O	ok
CHEMBL3264002	AVUTOMETINIB	3		Small molecule	0	0	0	0	0			0		CNS(=O)(=O)Nc1nccc(Cc2c(C)c3ccc(Oc4ncccn4)cc3oc2=O)c1F			2.68	8	2	136.31	7			33	4	CNS(=O)(=O)Nc1nccc(Cc2c(C)c3ccc(Oc4ncccn4)cc3oc2=O)c1F	ok
CHEMBL3265032	ENTOSPLETINIB	3		Small molecule	0	0	0	1	0			0		c1cn2cc(-c3ccc4cn[nH]c4c3)nc(Nc3ccc(N4CCOCC4)cc3)c2n1			3.85	7	2	83.37	4			31	5	c1cn2cc(-c3ccc4cn[nH]c4c3)nc(Nc3ccc(N4CCOCC4)cc3)c2n1	ok
CHEMBL32800	FENOTEROL	4		Small molecule	1	0	0	1	0			0		CC(Cc1ccc(O)cc1)NCC(O)c1cc(O)cc(O)c1			2.06	5	5	92.95	6			22	2	CC(Cc1ccc(O)cc1)NCC(O)c1cc(O)cc(O)c1	ok
CHEMBL328190	LASOFOXIFENE	4	2009	Small molecule	1	0	0	1	0			0		Oc1ccc2c(c1)CC[C@H](c1ccccc1)[C@@H]2c1ccc(OCCN2CCCC2)cc1			5.73	3	1	32.7	6			31	3	Oc1ccc2c(c1)CC[C@H](c1ccccc1)[C@@H]2c1ccc(OCCN2CCCC2)cc1	ok
CHEMBL328560	SULTHIAME	4		Small molecule	0	0	0	1	0			0		NS(=O)(=O)c1ccc(N2CCCCS2(=O)=O)cc1			0.26	4	1	97.54	2			18	1	NS(=O)(=O)c1ccc(N2CCCCS2(=O)=O)cc1	ok
CHEMBL3286580	IDALOPIRDINE	3		Small molecule	0	0	0	0	0			0		Fc1ccc2c(CCNCc3cccc(OCC(F)(F)C(F)F)c3)c[nH]c2c1			4.92	2	2	37.05	9			28	3	Fc1ccc2c(CCNCc3cccc(OCC(F)(F)C(F)F)c3)c[nH]c2c1	ok
CHEMBL3286830	LORLATINIB	4	2018	Small molecule	1	0	0	0	0			0		C[C@H]1Oc2cc(cnc2N)-c2c(nn(C)c2C#N)CN(C)C(=O)c2ccc(F)cc21			2.8	7	1	110.06	0			30	3	C[C@H]1Oc2cc(cnc2N)-c2c(nn(C)c2C#N)CN(C)C(=O)c2ccc(F)cc21	ok
CHEMBL3287379	CONTEZOLID	3		Small molecule	0	0	0	0	0			0		O=C1C=CN(c2c(F)cc(N3C[C@H](CNc4ccon4)OC3=O)c(F)c2F)CC1			2.82	7	1	87.91	5			29	2	O=C1C=CN(c2c(F)cc(N3C[C@H](CNc4ccon4)OC3=O)c(F)c2F)CC1	ok
CHEMBL329091	BESIFOVIR	3		Small molecule	0	0	0	0	0			0		Nc1ncc2ncn(CC3(OCP(=O)(O)O)CC3)c2n1			0.09	7	3	136.38	5			20	2	Nc1ncc2ncn(CC3(OCP(=O)(O)O)CC3)c2n1	ok
CHEMBL3291398	LEFAMULIN	4	2019	Small molecule	1	1	0	1	0			0		C=C[C@]1(C)C[C@@H](OC(=O)CS[C@@H]2CC[C@@H](N)C[C@H]2O)[C@]2(C)[C@H](C)CC[C@]3(CCC(=O)[C@H]32)[C@@H](C)[C@@H]1O			3.87	7	3	109.85	5			35	0	C=C[C@]1(C)C[C@@H](OC(=O)CS[C@@H]2CC[C@@H](N)C[C@H]2O)[C@]2(C)[C@H](C)CC[C@]3(CCC(=O)[C@H]32)[C@@H](C)[C@@H]1O	ok
CHEMBL329522	EXIFONE	4		Small molecule	0	0	0	1	0			0		O=C(c1cc(O)c(O)c(O)c1)c1ccc(O)c(O)c1O			1.15	7	6	138.45	2			20	2	O=C(c1cc(O)c(O)c(O)c1)c1ccc(O)c(O)c1O	ok
CHEMBL33	LEVOFLOXACIN ANHYDROUS	4	1996	Small molecule	1	1	1	0	0			0		C[C@H]1COc2c(N3CCN(C)CC3)c(F)cc3c(=O)c(C(=O)O)cn1c23			1.54	6	1	75.01	2			26	2	C[C@H]1COc2c(N3CCN(C)CC3)c(F)cc3c(=O)c(C(=O)O)cn1c23	ok
CHEMBL3301594	FOSTEMSAVIR	4	2020	Small molecule	1	0	0	1	1			0		COc1cnc(-n2cnc(C)n2)c2c1c(C(=O)C(=O)N1CCN(C(=O)c3ccccc3)CC1)cn2COP(=O)(O)O			1.17	11	2	182.21	8			41	4	COc1cnc(-n2cnc(C)n2)c2c1c(C(=O)C(=O)N1CCN(C(=O)c3ccccc3)CC1)cn2COP(=O)(O)O	ok
CHEMBL3301595	DASOTRALINE	3		Small molecule	0	0	0	1	0			0		N[C@@H]1CC[C@@H](c2ccc(Cl)c(Cl)c2)c2ccccc21			4.92	1	1	26.02	1			19	2	N[C@@H]1CC[C@@H](c2ccc(Cl)c(Cl)c2)c2ccccc21	ok
CHEMBL3301601	VERUBECESTAT	3		Small molecule	0	0	0	0	0			0		CN1C(N)=N[C@](C)(c2cc(NC(=O)c3ccc(F)cn3)ccc2F)CS1(=O)=O			1.42	6	2	117.75	3			28	2	CN1C(N)=N[C@](C)(c2cc(NC(=O)c3ccc(F)cn3)ccc2F)CS1(=O)=O	RISK
CHEMBL3301604	RALINEPAG	3		Small molecule	0	0	0	1	0			0		O=C(O)COC[C@H]1CC[C@H](COC(=O)N(c2ccccc2)c2ccc(Cl)cc2)CC1			5.52	4	1	76.07	8			30	2	O=C(O)COC[C@H]1CC[C@H](COC(=O)N(c2ccccc2)c2ccc(Cl)cc2)CC1	ok
CHEMBL3301607	FILGOTINIB	4	2020	Small molecule	0	0	0	0	0			0		O=C(Nc1nc2cccc(-c3ccc(CN4CCS(=O)(=O)CC4)cc3)n2n1)C1CC1			1.98	7	1	96.67	5			30	3	O=C(Nc1nc2cccc(-c3ccc(CN4CCS(=O)(=O)CC4)cc3)n2n1)C1CC1	ok
CHEMBL3301610	ABEMACICLIB	4	2017	Small molecule	1	0	0	0	0			0		CCN1CCN(Cc2ccc(Nc3ncc(F)c(-c4cc(F)c5nc(C)n(C(C)C)c5c4)n3)nc2)CC1			4.94	8	1	75	7			37	4	CCN1CCN(Cc2ccc(Nc3ncc(F)c(-c4cc(F)c5nc(C)n(C(C)C)c5c4)n3)nc2)CC1	ok
CHEMBL3301612	ENCORAFENIB	4	2018	Small molecule	1	0	0	0	0			0		COC(=O)N[C@@H](C)CNc1nccc(-c2cn(C(C)C)nc2-c2cc(Cl)cc(NS(C)(=O)=O)c2F)n1			3.91	9	3	140.13	9			36	3	COC(=O)N[C@@H](C)CNc1nccc(-c2cn(C(C)C)nc2-c2cc(Cl)cc(NS(C)(=O)=O)c2F)n1	ok
CHEMBL3301621	CENTANAFADINE	3		Small molecule	0	0	0	0	0			0		c1ccc2cc([C@]34CNC[C@H]3C4)ccc2c1			2.7	1	1	12.03	1			16	2	c1ccc2cc([C@]34CNC[C@H]3C4)ccc2c1	ok
CHEMBL3301622	GILTERITINIB	4	2018	Small molecule	1	0	0	1	0			0		CCc1nc(C(N)=O)c(Nc2ccc(N3CCC(N4CCN(C)CC4)CC3)c(OC)c2)nc1NC1CCOCC1			2.7	10	3	121.11	9			40	2	CCc1nc(C(N)=O)c(Nc2ccc(N3CCC(N4CCN(C)CC4)CC3)c(OC)c2)nc1NC1CCOCC1	ok
CHEMBL3301672	ERITORAN TETRASODIUM	3		Small molecule	0	0	0	1	0			0		CCCCCC/C=C\CCCCCCCCCC(=O)N[C@H]1[C@H](OC[C@H]2O[C@H](OP(=O)([O-])[O-])[C@H](NC(=O)CC(=O)CCCCCCCCCCC)[C@@H](OCCCCCCCCCC)[C@@H]2O)O[C@H](COC)[C@@H](OP(=O)([O-])[O-])[C@@H]1OCC[C@@H](CCCCCCC)OC.[Na+].[Na+].[Na+].[Na+]												CCCCCC/C=C\CCCCCCCCCC(=O)N[C@H]1[C@H](OC[C@H]2O[C@H](OP(=O)([O-])[O-])[C@H](NC(=O)CC(=O)CCCCCCCCCCC)[C@@H](OCCCCCCCCCC)[C@@H]2O)O[C@H](COC)[C@@H](OP(=O)([O-])[O-])[C@@H]1OCC[C@@H](CCCCCCC)OC	ok
CHEMBL3304485	TENAPANOR	4	2019	Small molecule	1	0	0	1	0			0		CN1Cc2c(Cl)cc(Cl)cc2[C@H](c2cccc(S(=O)(=O)NCCOCCOCCNC(=O)NCCCCNC(=O)NCCOCCOCCNS(=O)(=O)c3cccc([C@@H]4CN(C)Cc5c(Cl)cc(Cl)cc54)c3)c2)C1												CN1Cc2c(Cl)cc(Cl)cc2[C@H](c2cccc(S(=O)(=O)NCCOCCOCCNC(=O)NCCCCNC(=O)NCCOCCOCCNS(=O)(=O)c3cccc([C@@H]4CN(C)Cc5c(Cl)cc(Cl)cc54)c3)c2)C1	ok
CHEMBL3304486	DIFEMERINE	4		Small molecule	0	0	0	0	0			0		CN(C)CC(C)(C)OC(=O)C(O)(c1ccccc1)c1ccccc1			2.81	4	1	49.77	6			24	2	CN(C)CC(C)(C)OC(=O)C(O)(c1ccccc1)c1ccccc1	ok
CHEMBL3306803	LUMATEPERONE	4	2019	Small molecule	1	0	0	0	0			0		CN1CCN2c3c(cccc31)[C@@H]1CN(CCCC(=O)c3ccc(F)cc3)CC[C@@H]12			3.92	4	0	26.79	5			29	2	CN1CCN2c3c(cccc31)[C@@H]1CN(CCCC(=O)c3ccc(F)cc3)CC[C@@H]12	ok
CHEMBL3311228	OTESECONAZOLE	4	2022	Small molecule	1	0	0	0	0			0		O[C@@](Cn1cnnn1)(c1ccc(F)cc1F)C(F)(F)c1ccc(-c2ccc(OCC(F)(F)F)cc2)cn1			4.63	7	1	85.95	8			37	4	O[C@@](Cn1cnnn1)(c1ccc(F)cc1F)C(F)(F)c1ccc(-c2ccc(OCC(F)(F)F)cc2)cn1	ok
CHEMBL3317856	GEPOTIDACIN	3		Small molecule	0	0	0	1	0			0		O=c1ccc2ncc(=O)n3c2n1C[C@H]3CN1CCC(NCc2cc3c(cn2)OCCC3)CC1			1.09	9	1	94.28	5			33	3	O=c1ccc2ncc(=O)n3c2n1C[C@H]3CN1CCC(NCc2cc3c(cn2)OCCC3)CC1	RISK
CHEMBL3317857	VABORBACTAM	4	2017	Small molecule	0	1	0	1	0			0		O=C(O)C[C@@H]1CC[C@H](NC(=O)Cc2cccs2)B(O)O1												O=C(O)C[C@@H]1CC[C@H](NC(=O)Cc2cccs2)B(O)O1	ok
CHEMBL3318007	PIMODIVIR	3		Small molecule	0	0	0	0	0			0		O=C(O)[C@H]1C2CCC(CC2)[C@@H]1Nc1nc(-c2c[nH]c3ncc(F)cc23)ncc1F			3.6	5	3	103.79	4			29	3	O=C(O)[C@H]1C2CCC(CC2)[C@@H]1Nc1nc(-c2c[nH]c3ncc(F)cc23)ncc1F	ok
CHEMBL332750	TETOMILAST	3		Small molecule	0	0	0	1	0			0		CCOc1ccc(-c2nc(-c3cccc(C(=O)O)n3)cs2)cc1OCC			4.37	6	1	81.54	7			26	3	CCOc1ccc(-c2nc(-c3cccc(C(=O)O)n3)cs2)cc1OCC	ok
CHEMBL3334567	SAVOLITINIB	3		Small molecule	0	0	0	1	0			0		C[C@@H](c1ccc2nccn2c1)n1nnc2ncc(-c3cnn(C)c3)nc21			1.88	9	0	91.61	3			26	5	C[C@@H](c1ccc2nccn2c1)n1nnc2ncc(-c3cnn(C)c3)nc21	ok
CHEMBL333826	DEQUALINIUM	4		Small molecule	0	0	0	1	0			0		Cc1cc(N)c2ccccc2[n+]1CCCCCCCCCC[n+]1c(C)cc(N)c2ccccc21			6.17	2	2	59.8	11			34	4	Cc1cc(N)c2ccccc2[n+]1CCCCCCCCCC[n+]1c(C)cc(N)c2ccccc21	ok
CHEMBL3338326	EMOXYPINE	3		Small molecule	0	0	0	1	0			0		CCc1nc(C)ccc1O			1.66	2	1	33.12	1			10	1	CCc1nc(C)ccc1O	ok
CHEMBL333950	MAXACALCITOL	3		Small molecule	0	0	0	1	0			0		C=C1/C(=C\C=C2/CCC[C@]3(C)[C@@H]([C@H](C)OCCC(C)(C)O)CC[C@@H]23)C[C@@H](O)C[C@@H]1O			4.69	4	3	69.92	6			30	0	C=C1/C(=C\C=C2/CCC[C@]3(C)[C@@H]([C@H](C)OCCC(C)(C)O)CC[C@@H]23)C[C@@H](O)C[C@@H]1O	ok
CHEMBL334533	DEXANABINOL	3		Small molecule	0	0	0	1	0			0		CCCCCCC(C)(C)c1cc(O)c2c(c1)OC(C)(C)[C@H]1CC=C(CO)C[C@H]21			6.22	3	2	49.69	7			28	1	CCCCCCC(C)(C)c1cc(O)c2c(c1)OC(C)(C)[C@H]1CC=C(CO)C[C@H]21	ok
CHEMBL334830	RANIRESTAT	3		Small molecule	0	0	0	0	0			0		O=C1C[C@@]2(C(=O)N1)C(=O)N(Cc1ccc(Br)cc1F)C(=O)c1cccn12			1.31	5	1	88.48	2			26	2	O=C1C[C@@]2(C(=O)N1)C(=O)N(Cc1ccc(Br)cc1F)C(=O)c1cccn12	ok
CHEMBL3348923	TOVORAFENIB	4	2024	Small molecule	1	0	0	0	0			0		C[C@@H](NC(=O)c1ncnc(N)c1Cl)c1ncc(C(=O)Nc2cc(C(F)(F)F)c(Cl)cn2)s1			3.98	8	3	135.78	5			32	3	C[C@@H](NC(=O)c1ncnc(N)c1Cl)c1ncc(C(=O)Nc2cc(C(F)(F)F)c(Cl)cn2)s1	ok
CHEMBL334966	CANGRELOR	4	2015	Small molecule	0	1	0	0	0			0		CSCCNc1nc(SCCC(F)(F)F)nc2c1ncn2[C@@H]1O[C@H](COP(=O)(O)OP(=O)(O)C(Cl)(Cl)P(=O)(O)O)[C@@H](O)[C@H]1O			2.85	15	7	255.91	15			44	2	CSCCNc1nc(SCCC(F)(F)F)nc2c1ncn2[C@@H]1O[C@H](COP(=O)(O)OP(=O)(O)C(Cl)(Cl)P(=O)(O)O)[C@@H](O)[C@H]1O	ok
CHEMBL3353410	OSIMERTINIB	4	2015	Small molecule	1	0	0	1	0			0		C=CC(=O)Nc1cc(Nc2nccc(-c3cn(C)c4ccccc34)n2)c(OC)cc1N(C)CCN(C)C			4.51	8	2	87.55	10			37	4	C=CC(=O)Nc1cc(Nc2nccc(-c3cn(C)c4ccccc34)n2)c(OC)cc1N(C)CCN(C)C	RISK
CHEMBL3358920	ETRASIMOD	4	2023	Small molecule	1	0	0	0	0			0		O=C(O)C[C@H]1CCc2c1[nH]c1ccc(OCc3ccc(C4CCCC4)c(C(F)(F)F)c3)cc21			6.93	2	2	62.32	6			33	3	O=C(O)C[C@H]1CCc2c1[nH]c1ccc(OCc3ccc(C4CCCC4)c(C(F)(F)F)c3)cc21	ok
CHEMBL336296	URIDINE TRIPHOSPHATE	3		Small molecule	0	0	0	1	0			0		O=c1ccn([C@@H]2O[C@H](COP(=O)(O)OP(=O)(O)OP(=O)(O)O)[C@@H](O)[C@H]2O)c(=O)[nH]1			-2.5	12	7	264.37	8			29	1	O=c1ccn([C@@H]2O[C@H](COP(=O)(O)OP(=O)(O)OP(=O)(O)O)[C@@H](O)[C@H]2O)c(=O)[nH]1	ok
CHEMBL33864	LIPOIC ACID, ALPHA	3		Small molecule	0	0	0	1	0			0		O=C(O)CCCCC1CCSS1			2.79	3	1	37.3	5			12	0	O=C(O)CCCCC1CCSS1	ok
CHEMBL338802	SULFAGUANIDINE	4		Small molecule	0	0	0	1	0			0		N=C(N)NS(=O)(=O)c1ccc(N)cc1			-0.56	4	4	122.06	2			14	1	N=C(N)NS(=O)(=O)c1ccc(N)cc1	ok
CHEMBL3391662	PARITAPREVIR	4	2014	Small molecule	1	0	0	1	0			0		Cc1cnc(C(=O)N[C@H]2CCCCC/C=C\[C@@H]3C[C@@]3(C(=O)NS(=O)(=O)C3CC3)NC(=O)[C@@H]3C[C@@H](Oc4nc5ccccc5c5ccccc45)CN3C2=O)cn1			3.64	10	3	189.65	7			55	4	Cc1cnc(C(=O)N[C@H]2CCCCC/C=C\[C@@H]3C[C@@]3(C(=O)NS(=O)(=O)C3CC3)NC(=O)[C@@H]3C[C@@H](Oc4nc5ccccc5c5ccccc45)CN3C2=O)cn1	ok
CHEMBL339427	TUBOCURARINE	4	1945	Small molecule	0	1	0	1	0			0		COc1cc2c3cc1Oc1cc(ccc1O)C[C@@H]1c4c(cc(OC)c(O)c4Oc4ccc(cc4)C[C@@H]3N(C)CC2)CC[N+]1(C)C			6.7	7	2	80.62	2			45	4	COc1cc2c3cc1Oc1cc(ccc1O)C[C@@H]1c4c(cc(OC)c(O)c4Oc4ccc(cc4)C[C@@H]3N(C)CC2)CC[N+]1(C)C	ok
CHEMBL33986	BUTORPHANOL	4	1978	Small molecule	0	1	1	1	0			0		Oc1ccc2c(c1)[C@@]13CCCC[C@@]1(O)[C@@H](C2)N(CC1CCC1)CC3			3.37	3	2	43.7	2			24	1	Oc1ccc2c(c1)[C@@]13CCCC[C@@]1(O)[C@@H](C2)N(CC1CCC1)CC3	ok
CHEMBL3400972	FLUORODOPA F 18	4	2019	Small molecule	0	1	0	0	0			0		N[C@@H](Cc1cc(O)c(O)cc1[18F])C(=O)O			0.19	4	4	103.78	3			15	1	N[C@@H](Cc1cc(O)c(O)cc1[18F])C(=O)O	ok
CHEMBL3402762	TEPOTINIB	4	2021	Small molecule	1	0	0	0	0			0		CN1CCC(COc2cnc(-c3cccc(Cn4nc(-c5cccc(C#N)c5)ccc4=O)c3)nc2)CC1			4.01	8	0	96.93	7			37	4	CN1CCC(COc2cnc(-c3cccc(Cn4nc(-c5cccc(C#N)c5)ccc4=O)c3)nc2)CC1	ok
CHEMBL340978	BENOXAPROFEN	4	1982	Small molecule	0	0	0	1	0			0		CC(C(=O)O)c1ccc2oc(-c3ccc(Cl)cc3)nc2c1			4.34	3	1	63.33	3			21	3	CC(C(=O)O)c1ccc2oc(-c3ccc(Cl)cc3)nc2c1	ok
CHEMBL3414621	TAZEMETOSTAT	4	2020	Small molecule	1	0	0	1	0			0		CCN(c1cc(-c2ccc(CN3CCOCC3)cc2)cc(C(=O)NCc2c(C)cc(C)[nH]c2=O)c1C)C1CCOCC1			4.73	6	2	86.9	9			42	3	CCN(c1cc(-c2ccc(CN3CCOCC3)cc2)cc(C(=O)NCc2c(C)cc(C)[nH]c2=O)c1C)C1CCOCC1	ok
CHEMBL341812	IBUFENAC	4		Small molecule	0	0	0	0	0			0		CC(C)Cc1ccc(CC(=O)O)cc1			2.51	1	1	37.3	4			14	1	CC(C)Cc1ccc(CC(=O)O)cc1	ok
CHEMBL34259	METHOTREXATE	4	1953	Small molecule	1	1	0	1	0			0		CN(Cc1cnc2nc(N)nc(N)c2n1)c1ccc(C(=O)N[C@@H](CCC(=O)O)C(=O)O)cc1			0.27	10	5	210.54	9			33	3	CN(Cc1cnc2nc(N)nc(N)c2n1)c1ccc(C(=O)N[C@@H](CCC(=O)O)C(=O)O)cc1	ok
CHEMBL3426621	RIPASUDIL	3		Small molecule	0	0	0	0	0			0		C[C@H]1CNCCCN1S(=O)(=O)c1cccc2cncc(F)c12			1.75	4	1	62.3	2			22	2	C[C@H]1CNCCCN1S(=O)(=O)c1cccc2cncc(F)c12	ok
CHEMBL3427435	CTT-1057	3		Small molecule	0	0	0	0	0			0		O=C(O)CC[C@H](NP(=O)(O)OCCC[C@H](NC(=O)CC[C@H](NC(=O)CCCCCNC(=O)c1ccc(F)cc1)C(=O)O)C(=O)O)C(=O)O			0.84	9	9	295.06	25			48	1	O=C(O)CC[C@H](NP(=O)(O)OCCC[C@H](NC(=O)CC[C@H](NC(=O)CCCCCNC(=O)c1ccc(F)cc1)C(=O)O)C(=O)O)C(=O)O	ok
CHEMBL344159	TOLVAPTAN	4	2009	Small molecule	1	0	0	1	0			0		Cc1ccccc1C(=O)Nc1ccc(C(=O)N2CCCC(O)c3cc(Cl)ccc32)c(C)c1			5.68	3	2	69.64	3			32	3	Cc1ccccc1C(=O)Nc1ccc(C(=O)N2CCCC(O)c3cc(Cl)ccc32)c(C)c1	ok
CHEMBL345524	ANTRAFENINE	4		Small molecule	0	0	0	0	0			0		O=C(OCCN1CCN(c2cccc(C(F)(F)F)c2)CC1)c1ccccc1Nc1ccnc2cc(C(F)(F)F)ccc12			7	6	1	57.7	7			42	4	O=C(OCCN1CCN(c2cccc(C(F)(F)F)c2)CC1)c1ccccc1Nc1ccnc2cc(C(F)(F)F)ccc12	ok
CHEMBL345714	ACIPIMOX	4		Small molecule	0	0	0	1	0			0		Cc1cnc(C(=O)O)c[n+]1[O-]			-0.28	3	1	77.13	1			11	1	Cc1cnc(C(=O)O)c[n+]1[O-]	ok
CHEMBL348000	CINCHOPHEN	4		Small molecule	0	0	0	1	0			0		O=C(O)c1cc(-c2ccccc2)nc2ccccc12			3.6	2	1	50.19	2			19	3	O=C(O)c1cc(-c2ccccc2)nc2ccccc12	ok
CHEMBL348475	TARIQUIDAR	3		Small molecule	0	0	0	1	0			0		COc1cc2c(cc1OC)CN(CCc1ccc(NC(=O)c3cc(OC)c(OC)cc3NC(=O)c3cnc4ccccc4c3)cc1)CC2			6.37	8	2	111.25	11			48	5	COc1cc2c(cc1OC)CN(CCc1ccc(NC(=O)c3cc(OC)c(OC)cc3NC(=O)c3cnc4ccccc4c3)cc1)CC2	ok
CHEMBL349803	PIRETANIDE	4		Small molecule	0	0	0	1	0			0		NS(=O)(=O)c1cc(C(=O)O)cc(N2CCCC2)c1Oc1ccccc1			2.42	5	2	109.93	5			25	2	NS(=O)(=O)c1cc(C(=O)O)cc(N2CCCC2)c1Oc1ccccc1	ok
CHEMBL35	FUROSEMIDE	4	1966	Small molecule	1	1	0	1	0			0		NS(=O)(=O)c1cc(C(=O)O)c(NCc2ccco2)cc1Cl			1.89	5	3	122.63	5			21	2	NS(=O)(=O)c1cc(C(=O)O)c(NCc2ccco2)cc1Cl	ok
CHEMBL350221	OXITRIPTAN	3		Small molecule	0	0	0	1	0			0		N[C@@H](Cc1c[nH]c2ccc(O)cc12)C(=O)O			0.83	3	4	99.34	3			16	2	N[C@@H](Cc1c[nH]c2ccc(O)cc12)C(=O)O	ok
CHEMBL350719	ESMETHADONE	3		Small molecule	0	0	0	1	0			0		CCC(=O)C(C[C@H](C)N(C)C)(c1ccccc1)c1ccccc1			4.29	2	0	20.31	7			23	2	CCC(=O)C(C[C@H](C)N(C)C)(c1ccccc1)c1ccccc1	ok
CHEMBL35228	PYRONARIDINE	3		Small molecule	0	0	0	1	0			0		COc1ccc2nc3cc(Cl)ccc3c(Nc3cc(CN4CCCC4)c(O)c(CN4CCCC4)c3)c2n1			6.09	7	2	73.75	7			37	4	COc1ccc2nc3cc(Cl)ccc3c(Nc3cc(CN4CCCC4)c(O)c(CN4CCCC4)c3)c2n1	ok
CHEMBL3526802	NIBROZETONE	3		Small molecule	0	0	0	1	0			0		O=C(CBr)N1CC([N+](=O)[O-])([N+](=O)[O-])C1			-0.53	5	0	106.59	3			14	0	O=C(CBr)N1CC([N+](=O)[O-])([N+](=O)[O-])C1	ok
CHEMBL354077	AMIFAMPRIDINE	4	2009	Small molecule	1	0	0	1	0			0		Nc1ccncc1N			0.25	3	2	64.93	0			8	1	Nc1ccncc1N	ok
CHEMBL3544785	N-DESETHYLOXYBUTYNIN	3		Small molecule	0	0	0	0	0			0		CCNCC#CCOC(=O)C(O)(c1ccccc1)C1CCCCC1			2.61	4	2	58.56	6			24	1	CCNCC#CCOC(=O)C(O)(c1ccccc1)C1CCCCC1	ok
CHEMBL3544913	VIXOTRIGINE	3		Small molecule	0	0	0	0	0			0		NC(=O)[C@@H]1CC[C@H](c2ccc(OCc3ccccc3F)cc2)N1			2.68	3	2	64.35	5			23	2	NC(=O)[C@@H]1CC[C@H](c2ccc(OCc3ccccc3F)cc2)N1	ok
CHEMBL3544914	TEZACAFTOR	4	2018	Small molecule	1	0	0	0	0			0		CC(C)(CO)c1cc2cc(NC(=O)C3(c4ccc5c(c4)OC(F)(F)O5)CC3)c(F)cc2n1C[C@@H](O)CO			3.4	7	4	113.18	8			37	3	CC(C)(CO)c1cc2cc(NC(=O)C3(c4ccc5c(c4)OC(F)(F)O5)CC3)c(F)cc2n1C[C@@H](O)CO	ok
CHEMBL3544916	GUADECITABINE	3		Small molecule	0	0	0	1	1			0		Nc1ncn([C@H]2C[C@H](OP(=O)(O)OC[C@H]3O[C@@H](n4cnc5c(=O)[nH]c(N)nc54)C[C@@H]3O)[C@@H](CO)O2)c(=O)n1			-2.63	17	6	278.07	8			38	3	Nc1ncn([C@H]2C[C@H](OP(=O)(O)OC[C@H]3O[C@@H](n4cnc5c(=O)[nH]c(N)nc54)C[C@@H]3O)[C@@H](CO)O2)c(=O)n1	ok
CHEMBL3544978	ZOLIFLODACIN	3		Small molecule	0	0	0	0	0			0		C[C@@H]1CN2c3c(cc4c(N5C(=O)OC[C@@H]5C)noc4c3F)CC3(C(=O)NC(=O)NC3=O)[C@H]2[C@H](C)O1			1.2	9	2	143.31	1			35	2	C[C@@H]1CN2c3c(cc4c(N5C(=O)OC[C@@H]5C)noc4c3F)CC3(C(=O)NC(=O)NC3=O)[C@H]2[C@H](C)O1	ok
CHEMBL3544983	TESEVATINIB	3		Small molecule	0	0	0	0	0			0		COc1cc2c(Nc3ccc(Cl)c(Cl)c3F)ncnc2cc1OC[C@@H]1C[C@@H]2CN(C)C[C@@H]2C1			5.79	6	1	59.51	6			33	3	COc1cc2c(Nc3ccc(Cl)c(Cl)c3F)ncnc2cc1OC[C@@H]1C[C@@H]2CN(C)C[C@@H]2C1	ok
CHEMBL3544984	TRADIPITANT	3		Small molecule	0	0	0	0	0			0		O=C(c1ccccc1Cl)c1cccnc1-c1nnn(Cc2cc(C(F)(F)F)cc(C(F)(F)F)c2)c1-c1ccncc1			7.37	6	0	73.56	6			41	5	O=C(c1ccccc1Cl)c1cccnc1-c1nnn(Cc2cc(C(F)(F)F)cc(C(F)(F)F)c2)c1-c1ccncc1	ok
CHEMBL3544985	DASABUVIR SODIUM MONOHYDRATE	4	2014	Small molecule	1	0	0	0	0			0		COc1c(-c2ccc3cc(NS(C)(=O)=O)ccc3c2)cc(-n2ccc(=O)[n-]c2=O)cc1C(C)(C)C.O.[Na+]			4.02	6	2	110.26	5			35	4	COc1c(-c2ccc3cc(NS(C)(=O)=O)ccc3c2)cc(-n2ccc(=O)[n-]c2=O)cc1C(C)(C)C	ok
CHEMBL3544988	DAPRODUSTAT	4	2023	Small molecule	1	0	0	1	0			0		O=C(O)CNC(=O)C1C(=O)N(C2CCCCC2)C(=O)N(C2CCCCC2)C1=O			1.26	5	2	124.09	5			28	0	O=C(O)CNC(=O)C1C(=O)N(C2CCCCC2)C(=O)N(C2CCCCC2)C1=O	ok
CHEMBL3545043	ASAPIPRANT	3		Small molecule	0	0	0	0	0			0		CC(C)Oc1ccc(S(=O)(=O)N2CCN(c3ccc(-c4ncco4)c(OCC(=O)O)c3)CC2)cc1			3.1	8	1	122.41	9			35	3	CC(C)Oc1ccc(S(=O)(=O)N2CCN(c3ccc(-c4ncco4)c(OCC(=O)O)c3)CC2)cc1	ok
CHEMBL3545057	ACETYLDIGITOXIN	4	1982	Small molecule	1	0	0	1	0			0		CC(=O)O[C@H]1C[C@H](O[C@H]2[C@@H](O)C[C@H](O[C@H]3[C@@H](O)C[C@H](O[C@H]4CC[C@@]5(C)[C@H](CC[C@@H]6[C@@H]5CC[C@]5(C)[C@@H](C7=CC(=O)OC7)CC[C@]65O)C4)O[C@@H]3C)O[C@@H]2C)O[C@H](C)[C@H]1O			3.82	14	4	188.9	8			57	0	CC(=O)O[C@H]1C[C@H](O[C@H]2[C@@H](O)C[C@H](O[C@H]3[C@@H](O)C[C@H](O[C@H]4CC[C@@]5(C)[C@H](CC[C@@H]6[C@@H]5CC[C@]5(C)[C@@H](C7=CC(=O)OC7)CC[C@]65O)C4)O[C@@H]3C)O[C@@H]2C)O[C@H](C)[C@H]1O	ok
CHEMBL3545058	DEXTROTHYROXINE SODIUM	4	1967	Small molecule	1	0	0	1	0			0		N[C@H](Cc1cc(I)c(Oc2cc(I)c(O)c(I)c2)c(I)c1)C(=O)[O-].O.[Na+]			4.56	4	3	92.78	5			24	2	N[C@H](Cc1cc(I)c(Oc2cc(I)c(O)c(I)c2)c(I)c1)C(=O)[O-]	ok
CHEMBL3545062	VELPATASVIR	4	2016	Small molecule	1	0	0	1	0			0		COC[C@H]1C[C@@H](c2nc(-c3ccc4c(c3)COc3cc5c(ccc6nc([C@@H]7CC[C@H](C)N7C(=O)[C@@H](NC(=O)OC)C(C)C)[nH]c65)cc3-4)c[nH]2)N(C(=O)[C@H](NC(=O)OC)c2ccccc2)C1			7.73	10	4	193.1	11			65	6	COC[C@H]1C[C@@H](c2nc(-c3ccc4c(c3)COc3cc5c(ccc6nc([C@@H]7CC[C@H](C)N7C(=O)[C@@H](NC(=O)OC)C(C)C)[nH]c65)cc3-4)c[nH]2)N(C(=O)[C@H](NC(=O)OC)c2ccccc2)C1	ok
CHEMBL3545110	RIBOCICLIB	4	2017	Small molecule	1	0	0	1	0			0		CN(C)C(=O)c1cc2cnc(Nc3ccc(N4CCNCC4)cn3)nc2n1C1CCCC1			2.8	8	2	91.21	5			32	3	CN(C)C(=O)c1cc2cnc(Nc3ccc(N4CCNCC4)cn3)nc2n1C1CCCC1	ok
CHEMBL3545123	PIBRENTASVIR	4	2017	Small molecule	1	0	0	0	0			0		COC(=O)N[C@H](C(=O)N1CCC[C@H]1c1nc2cc([C@H]3CC[C@H](c4cc5nc([C@@H]6CCCN6C(=O)[C@@H](NC(=O)OC)[C@@H](C)OC)[nH]c5cc4F)N3c3cc(F)c(N4CCC(c5ccc(F)cc5)CC4)c(F)c3)c(F)cc2[nH]1)[C@@H](C)OC												COC(=O)N[C@H](C(=O)N1CCC[C@H]1c1nc2cc([C@H]3CC[C@H](c4cc5nc([C@@H]6CCCN6C(=O)[C@@H](NC(=O)OC)[C@@H](C)OC)[nH]c5cc4F)N3c3cc(F)c(N4CCC(c5ccc(F)cc5)CC4)c(F)c3)c(F)cc2[nH]1)[C@@H](C)OC	ok
CHEMBL3545125	MIROGABALIN	3		Small molecule	0	0	0	1	0			0		CCC1=C[C@@H]2[C@H](C1)C[C@]2(CN)CC(=O)O			1.78	2	2	63.32	4			15	0	CCC1=C[C@@H]2[C@H](C1)C[C@]2(CN)CC(=O)O	ok
CHEMBL3545154	POZIOTINIB	3		Small molecule	0	0	0	0	0			0		C=CC(=O)N1CCC(Oc2cc3c(Nc4ccc(Cl)c(Cl)c4F)ncnc3cc2OC)CC1			5.38	6	1	76.58	6			33	3	C=CC(=O)N1CCC(Oc2cc3c(Nc4ccc(Cl)c(Cl)c4F)ncnc3cc2OC)CC1	RISK
CHEMBL3545166	DRINABANT	3		Small molecule	0	0	0	0	0			0		CS(=O)(=O)N(c1cc(F)cc(F)c1)C1CN(C(c2ccc(Cl)cc2)c2ccc(Cl)cc2)C1			5.51	3	0	40.62	6			32	3	CS(=O)(=O)N(c1cc(F)cc(F)c1)C1CN(C(c2ccc(Cl)cc2)c2ccc(Cl)cc2)C1	ok
CHEMBL3545185	SELINEXOR	4	2019	Small molecule	1	0	0	0	0			0		O=C(/C=C\n1cnc(-c2cc(C(F)(F)F)cc(C(F)(F)F)c2)n1)NNc1cnccn1			3.39	7	2	97.62	5			31	3	O=C(/C=C\n1cnc(-c2cc(C(F)(F)F)cc(C(F)(F)F)c2)n1)NNc1cnccn1	ok
CHEMBL3545186	FONADELPAR	3		Small molecule	0	0	0	0	0			0		Cc1cc2c(CCc3sc(-c4ccc(C(F)(F)F)cc4)nc3C(C)C)noc2cc1OCC(=O)O			6.65	6	1	85.45	8			35	4	Cc1cc2c(CCc3sc(-c4ccc(C(F)(F)F)cc4)nc3C(C)C)noc2cc1OCC(=O)O	ok
CHEMBL3545235	SIMOTINIB	3		Small molecule	0	0	0	0	0			0		COc1cc2ncnc(Nc3ccc(F)c(Cl)c3)c2cc1OCCN1CC2(CC2)C2(C1)OCCO2			4.39	8	1	77.97	7			35	3	COc1cc2ncnc(Nc3ccc(F)c(Cl)c3)c2cc1OCCN1CC2(CC2)C2(C1)OCCO2	ok
CHEMBL3545253	FLORTAUCIPIR F 18	4	2020	Small molecule	0	1	0	0	0			0		[18F]c1ccc(-c2ccc3c(c2)[nH]c2ccncc23)cn1			3.92	2	1	41.57	1			20	4	[18F]c1ccc(-c2ccc3c(c2)[nH]c2ccncc23)cn1	ok
CHEMBL3545254	OLESOXIME	3		Small molecule	0	0	0	1	0			0		CC(C)CCC[C@@H](C)[C@H]1CC[C@H]2[C@@H]3CCC4=CC(=NO)CC[C@]4(C)[C@H]3CC[C@]12C			7.86	2	1	32.59	5			29	0	CC(C)CCC[C@@H](C)[C@H]1CC[C@H]2[C@@H]3CCC4=CC(=NO)CC[C@]4(C)[C@H]3CC[C@]12C	ok
CHEMBL3545308	ROCILETINIB	3		Small molecule	0	0	0	0	0			0		C=CC(=O)Nc1cccc(Nc2nc(Nc3ccc(N4CCN(C(C)=O)CC4)cc3OC)ncc2C(F)(F)F)c1			4.78	8	3	111.72	8			40	3	C=CC(=O)Nc1cccc(Nc2nc(Nc3ccc(N4CCN(C(C)=O)CC4)cc3OC)ncc2C(F)(F)F)c1	ok
CHEMBL3545311	BRIGATINIB	4	2017	Small molecule	1	0	0	1	0			0		COc1cc(N2CCC(N3CCN(C)CC3)CC2)ccc1Nc1ncc(Cl)c(Nc2ccccc2P(C)(C)=O)n1			5.09	9	2	85.86	8			40	3	COc1cc(N2CCC(N3CCN(C)CC3)CC2)ccc1Nc1ncc(Cl)c(Nc2ccccc2P(C)(C)=O)n1	ok
CHEMBL3545313	BEMPEDOIC ACID	4	2020	Small molecule	1	0	0	1	0			0		CC(C)(CCCCCC(O)CCCCCC(C)(C)C(=O)O)C(=O)O			4.47	3	3	94.83	14			24	0	CC(C)(CCCCCC(O)CCCCCC(C)(C)C(=O)O)C(=O)O	ok
CHEMBL3545351	AV-101	3		Small molecule	0	0	0	1	1			0		Nc1cc(Cl)ccc1C(=O)CC(N)C(=O)O			0.91	4	3	106.41	4			16	1	Nc1cc(Cl)ccc1C(=O)CC(N)C(=O)O	ok
CHEMBL3545363	GLECAPREVIR	4	2017	Small molecule	1	0	0	0	0			0		CC(C)(C)[C@@H]1NC(=O)O[C@@H]2CCC[C@H]2OC/C=C/C(F)(F)c2nc3ccccc3nc2O[C@@H]2C[C@@H](C(=O)N[C@]3(C(=O)NS(=O)(=O)C4(C)CC4)C[C@H]3C(F)F)N(C2)C1=O			3.86	11	3	195.22	6			58	2	CC(C)(C)[C@@H]1NC(=O)O[C@@H]2CCC[C@H]2OC/C=C/C(F)(F)c2nc3ccccc3nc2O[C@@H]2C[C@@H](C(=O)N[C@]3(C(=O)NS(=O)(=O)C4(C)CC4)C[C@H]3C(F)F)N(C2)C1=O	ok
CHEMBL3545367	LEMBOREXANT	4	2020	Small molecule	1	0	0	0	0			0		Cc1ncc(OC[C@@]2(c3cccc(F)c3)C[C@H]2C(=O)Nc2ccc(F)cn2)c(C)n1			3.74	5	1	77	6			30	3	Cc1ncc(OC[C@@]2(c3cccc(F)c3)C[C@H]2C(=O)Nc2ccc(F)cn2)c(C)n1	RISK
CHEMBL3545369	EPACADOSTAT	3		Small molecule	0	0	0	0	0			0		NS(=O)(=O)NCCNc1nonc1/C(=N/O)Nc1ccc(F)c(Br)c1			0.42	8	5	167.76	7			25	2	NS(=O)(=O)NCCNc1nonc1/C(=N/O)Nc1ccc(F)c(Br)c1	ok
CHEMBL3545376	ERDAFITINIB	4	2019	Small molecule	1	0	0	1	0			0		COc1cc(OC)cc(N(CCNC(C)C)c2ccc3ncc(-c4cnn(C)c4)nc3c2)c1			4.18	8	1	77.33	9			33	4	COc1cc(OC)cc(N(CCNC(C)C)c2ccc3ncc(-c4cnn(C)c4)nc3c2)c1	ok
CHEMBL3545407	TRABODENOSON	3		Small molecule	0	0	0	1	0			0		O=[N+]([O-])OC[C@H]1O[C@@H](n2cnc3c(NC4CCCC4)ncnc32)[C@H](O)[C@@H]1O			0.01	11	3	157.69	6			27	2	O=[N+]([O-])OC[C@H]1O[C@@H](n2cnc3c(NC4CCCC4)ncnc32)[C@H](O)[C@@H]1O	ok
CHEMBL354541	LOMITAPIDE	4	2012	Small molecule	1	0	0	0	0			0		O=C(NC1CCN(CCCCC2(C(=O)NCC(F)(F)F)c3ccccc3-c3ccccc32)CC1)c1ccccc1-c1ccc(C(F)(F)F)cc1			8.38	3	2	61.44	10			50	4	O=C(NC1CCN(CCCCC2(C(=O)NCC(F)(F)F)c3ccccc3-c3ccccc32)CC1)c1ccccc1-c1ccc(C(F)(F)F)cc1	ok
CHEMBL3545413	FLUMATINIB	3		Small molecule	0	0	0	0	0			0		Cc1ncc(NC(=O)c2ccc(CN3CCN(C)CC3)c(C(F)(F)F)c2)cc1Nc1nccc(-c2cccnc2)n1			5	8	2	99.17	7			41	4	Cc1ncc(NC(=O)c2ccc(CN3CCN(C)CC3)c(C(F)(F)F)c2)cc1Nc1nccc(-c2cccnc2)n1	ok
CHEMBL3545432	IXAZOMIB CITRATE	4	2015	Small molecule	1	0	0	0	1			0		CC(C)C[C@H](NC(=O)CNC(=O)c1cc(Cl)ccc1Cl)B1OC(=O)C(CC(=O)O)(CC(=O)O)O1												CC(C)C[C@H](NC(=O)CNC(=O)c1cc(Cl)ccc1Cl)B1OC(=O)C(CC(=O)O)(CC(=O)O)O1	ok
CHEMBL3545985	BENZPHETAMINE	4	1960	Small molecule	1	0	0	1	0			0		C[C@@H](Cc1ccccc1)N(C)Cc1ccccc1			3.75	1	0	3.24	5			18	2	C[C@@H](Cc1ccccc1)N(C)Cc1ccccc1	ok
CHEMBL3546271	FLORTAUCIPIR	4	2020	Small molecule	0	1	0	0	0			0		Fc1ccc(-c2ccc3c(c2)[nH]c2ccncc23)cn1			3.92	2	1	41.57	1			20	4	Fc1ccc(-c2ccc3c(c2)[nH]c2ccncc23)cn1	ok
CHEMBL3547132	FLUORODOPA	4	2019	Small molecule	0	1	0	0	0			0		N[C@@H](Cc1cc(O)c(O)cc1F)C(=O)O			0.19	4	4	103.78	3			15	1	N[C@@H](Cc1cc(O)c(O)cc1F)C(=O)O	ok
CHEMBL35505	DIHYDRALAZINE	3		Small molecule	0	0	0	1	0			0		N/N=c1\[nH][nH]/c(=N\N)c2ccccc12			-0.96	4	4	108.34	0			14	2	N/N=c1\[nH][nH]/c(=N\N)c2ccccc12	ok
CHEMBL355200	ENILURACIL	3		Small molecule	0	0	0	1	0			0		C#Cc1c[nH]c(=O)[nH]c1=O			-0.96	2	2	65.72	0			10	1	C#Cc1c[nH]c(=O)[nH]c1=O	ok
CHEMBL3578202	GOZETOTIDE	4	2020	Small molecule	0	1	0	0	0			0		O=C(O)CCc1ccc(O)c(CN(CCN(CC(=O)O)Cc2cc(CCC(=O)NCCCCCC(=O)NCCCC[C@H](NC(=O)N[C@@H](CCC(=O)O)C(=O)O)C(=O)O)ccc2O)CC(=O)O)c1			1.55	13	12	370.07	35			67	2	O=C(O)CCc1ccc(O)c(CN(CCN(CC(=O)O)Cc2cc(CCC(=O)NCCCCCC(=O)NCCCC[C@H](NC(=O)N[C@@H](CCC(=O)O)C(=O)O)C(=O)O)ccc2O)CC(=O)O)c1	ok
CHEMBL3585580	LOBEGLITAZONE	3		Small molecule	0	0	0	1	0			0		COc1ccc(Oc2cc(N(C)CCOc3ccc(CC4SC(=O)NC4=O)cc3)ncn2)cc1			3.69	9	1	102.88	10			34	3	COc1ccc(Oc2cc(N(C)CCOc3ccc(CC4SC(=O)NC4=O)cc3)ncn2)cc1	ok
CHEMBL358850	D-LACTIC ACID	3		Small molecule	0	0	0	1	0			0		C[C@@H](O)C(=O)O			-0.55	2	2	57.53	1			6	0	C[C@@H](O)C(=O)O	ok
CHEMBL3590187	CLASCOTERONE	4	2020	Small molecule	0	0	1	1	0			0		CCC(=O)O[C@]1(C(=O)CO)CC[C@H]2[C@@H]3CCC4=CC(=O)CC[C@]4(C)[C@H]3CC[C@@]21C			3.77	5	1	80.67	4			29	0	CCC(=O)O[C@]1(C(=O)CO)CC[C@H]2[C@@H]3CCC4=CC(=O)CC[C@]4(C)[C@H]3CC[C@@]21C	ok
CHEMBL3597971	SELTOREXANT	3		Small molecule	0	0	0	0	0			0		Cc1cc(C)nc(N2CC3CN(C(=O)c4c(F)cccc4-n4nccn4)CC3C2)n1			2.02	7	0	80.04	3			30	3	Cc1cc(C)nc(N2CC3CN(C(=O)c4c(F)cccc4-n4nccn4)CC3C2)n1	ok
CHEMBL36	PYRIMETHAMINE	4	1953	Small molecule	1	0	0	1	0			0		CCc1nc(N)nc(N)c1-c1ccc(Cl)cc1			2.52	4	2	77.82	2			17	2	CCc1nc(N)nc(N)c1-c1ccc(Cl)cc1	ok
CHEMBL360055	GALLAMINE	4	1982	Small molecule	0	1	0	1	0			0		CC[N+](CC)(CC)CCOc1cccc(OCC[N+](CC)(CC)CC)c1OCC[N+](CC)(CC)CC			5.45	3	0	27.69	21			36	1	CC[N+](CC)(CC)CCOc1cccc(OCC[N+](CC)(CC)CC)c1OCC[N+](CC)(CC)CC	ok
CHEMBL360216	CYCLO(PROLYLGLYCYL)	3		Small molecule	0	0	0	1	0			0		O=C1NCC(=O)N2CCC[C@@H]12			-0.89	2	1	49.41	0			11	0	O=C1NCC(=O)N2CCC[C@@H]12	ok
CHEMBL360328	LORCASERIN	4	2012	Small molecule	1	0	0	1	0			0		C[C@H]1CNCCc2ccc(Cl)cc21			2.59	1	1	12.03	0			13	1	C[C@H]1CNCCc2ccc(Cl)cc21	ok
CHEMBL360861	NIFEKALANT	3		Small molecule	0	0	0	1	0			0		Cn1c(NCCN(CCO)CCCc2ccc([N+](=O)[O-])cc2)cc(=O)n(C)c1=O			0.33	9	2	122.64	11			29	2	Cn1c(NCCN(CCO)CCCc2ccc([N+](=O)[O-])cc2)cc(=O)n(C)c1=O	ok
CHEMBL3608680	FEZOLINETANT	4	2023	Small molecule	1	0	0	0	0			0		Cc1nsc(-c2nnc3n2CCN(C(=O)c2ccc(F)cc2)[C@@H]3C)n1			2.46	7	0	76.8	2			25	3	Cc1nsc(-c2nnc3n2CCN(C(=O)c2ccc(F)cc2)[C@@H]3C)n1	ok
CHEMBL361497	ARTESUNATE	4	2020	Small molecule	0	1	0	1	1			0		C[C@H]1[C@H](OC(=O)CCC(=O)O)O[C@@H]2O[C@@]3(C)CC[C@H]4[C@H](C)CC[C@@H]1[C@@]24OO3			2.6	7	1	100.52	4			27	0	C[C@H]1[C@H](OC(=O)CCC(=O)O)O[C@@H]2O[C@@]3(C)CC[C@H]4[C@H](C)CC[C@@H]1[C@@]24OO3	ok
CHEMBL361812	RAMATROBAN	4	2000	Small molecule	1	0	0	0	0			0		O=C(O)CCn1c2c(c3ccccc31)C[C@H](NS(=O)(=O)c1ccc(F)cc1)CC2			3.09	4	2	88.4	6			29	3	O=C(O)CCn1c2c(c3ccccc31)C[C@H](NS(=O)(=O)c1ccc(F)cc1)CC2	ok
CHEMBL3621988	TUCIDINOSTAT	3		Small molecule	0	0	0	0	0			0		Nc1cc(F)ccc1NC(=O)c1ccc(CNC(=O)/C=C/c2cccnc2)cc1			3.38	4	3	97.11	6			29	3	Nc1cc(F)ccc1NC(=O)c1ccc(CNC(=O)/C=C/c2cccnc2)cc1	ok
CHEMBL3622820	ITACITINIB	3		Small molecule	0	0	0	0	0			0		N#CCC1(n2cc(-c3ncnc4[nH]ccc34)cn2)CN(C2CCN(C(=O)c3ccnc(C(F)(F)F)c3F)CC2)C1			3.6	8	1	119.62	5			40	4	N#CCC1(n2cc(-c3ncnc4[nH]ccc34)cn2)CN(C2CCN(C(=O)c3ccnc(C(F)(F)F)c3F)CC2)C1	ok
CHEMBL3622821	UPADACITINIB	4	2019	Small molecule	1	0	0	0	0			0		CC[C@@H]1CN(C(=O)NCC(F)(F)F)C[C@@H]1c1cnc2cnc3[nH]ccc3n12			2.91	4	2	78.32	3			27	3	CC[C@@H]1CN(C(=O)NCC(F)(F)F)C[C@@H]1c1cnc2cnc3[nH]ccc3n12	ok
CHEMBL363295	TERODILINE	4	1986	Small molecule	0	0	0	0	0			0		CC(CC(c1ccccc1)c1ccccc1)NC(C)(C)C			4.99	1	1	12.03	5			21	2	CC(CC(c1ccccc1)c1ccccc1)NC(C)(C)C	RISK
CHEMBL363392	MARALIXIBAT	4	2021	Small molecule	1	0	0	0	0			0		CCCCC1(CCCC)CS(=O)(=O)c2ccc(N(C)C)cc2[C@@H](c2ccc(OCc3ccc(C[N+]45CCN(CC4)CC5)cc3)cc2)[C@H]1O			6.62	6	1	70.08	13			48	3	CCCCC1(CCCC)CS(=O)(=O)c2ccc(N(C)C)cc2[C@@H](c2ccc(OCc3ccc(C[N+]45CCN(CC4)CC5)cc3)cc2)[C@H]1O	ok
CHEMBL363449	NADIFLOXACIN	3		Small molecule	0	0	0	0	0			0		CC1CCc2c(N3CCC(O)CC3)c(F)cc3c(=O)c(C(=O)O)cn1c23			2.31	5	2	82.77	2			26	2	CC1CCc2c(N3CCC(O)CC3)c(F)cc3c(=O)c(C(=O)O)cn1c23	ok
CHEMBL3643413	LENIOLISIB	4	2023	Small molecule	1	0	0	0	0			0		CCC(=O)N1CC[C@H](Nc2ncnc3c2CN(c2cnc(OC)c(C(F)(F)F)c2)CC3)C1			2.88	7	1	83.48	5			32	2	CCC(=O)N1CC[C@H](Nc2ncnc3c2CN(c2cnc(OC)c(C(F)(F)F)c2)CC3)C1	ok
CHEMBL3646221	VADADUSTAT	4	2023	Small molecule	1	0	0	1	0			0		O=C(O)CNC(=O)c1ncc(-c2cccc(Cl)c2)cc1O			1.92	4	3	99.52	4			21	2	O=C(O)CNC(=O)c1ncc(-c2cccc(Cl)c2)cc1O	ok
CHEMBL364713	NOSCAPINE	4		Small molecule	0	0	0	1	0			0		COc1ccc2c(c1OC)C(=O)O[C@@H]2[C@H]1c2c(cc3c(c2OC)OCO3)CCN1C			2.88	8	0	75.69	4			30	2	COc1ccc2c(c1OC)C(=O)O[C@@H]2[C@H]1c2c(cc3c(c2OC)OCO3)CCN1C	ok
CHEMBL3647420	PYROTINIB	3		Small molecule	0	0	0	0	0			0		CCOc1cc2ncc(C#N)c(Nc3ccc(OCc4ccccn4)c(Cl)c3)c2cc1NC(=O)/C=C/[C@H]1CCCN1C			6.47	8	2	112.4	10			42	4	CCOc1cc2ncc(C#N)c(Nc3ccc(OCc4ccccn4)c(Cl)c3)c2cc1NC(=O)/C=C/[C@H]1CCCN1C	ok
CHEMBL364804	GW-406381	3		Small molecule	0	0	0	1	0			0		CCOc1ccc(-c2nn3ncccc3c2-c2ccc(S(C)(=O)=O)cc2)cc1			3.87	6	0	73.56	5			28	4	CCOc1ccc(-c2nn3ncccc3c2-c2ccc(S(C)(=O)=O)cc2)cc1	ok
CHEMBL36506	NOVOBIOCIN	4	1964	Small molecule	1	0	0	1	0			0		CO[C@@H]1[C@@H](OC(N)=O)[C@@H](O)[C@H](Oc2ccc3c(O)c(NC(=O)c4ccc(O)c(CC=C(C)C)c4)c(=O)oc3c2C)OC1(C)C			3.63	11	5	200.01	8			44	3	CO[C@@H]1[C@@H](OC(N)=O)[C@@H](O)[C@H](Oc2ccc3c(O)c(NC(=O)c4ccc(O)c(CC=C(C)C)c4)c(=O)oc3c2C)OC1(C)C	ok
CHEMBL3652780	TIGULIXOSTAT	3		Small molecule	0	0	0	0	0			0		CC(C)n1cc(C#N)c2cc(-n3cc(C(=O)O)cn3)ccc21			2.98	5	1	83.84	3			22	3	CC(C)n1cc(C#N)c2cc(-n3cc(C(=O)O)cn3)ccc21	ok
CHEMBL3655081	ABROCITINIB	4	2021	Small molecule	1	0	0	0	0			0		CCCS(=O)(=O)N[C@H]1C[C@@H](N(C)c2ncnc3[nH]ccc23)C1			1.25	5	2	90.98	6			22	2	CCCS(=O)(=O)N[C@H]1C[C@@H](N(C)c2ncnc3[nH]ccc23)C1	ok
CHEMBL365795	TIAPROFENIC ACID	4		Small molecule	0	0	0	1	0			0		CC(C(=O)O)c1ccc(C(=O)c2ccccc2)s1			3.17	3	1	54.37	4			18	2	CC(C(=O)O)c1ccc(C(=O)c2ccccc2)s1	ok
CHEMBL36633	OXIRACETAM	3		Small molecule	0	0	0	0	0			0		NC(=O)CN1CC(O)CC1=O			-1.94	3	2	83.63	2			11	0	NC(=O)CN1CC(O)CC1=O	ok
CHEMBL3663929	NAQUOTINIB	3		Small molecule	0	0	0	1	0			0		C=CC(=O)N1CC[C@@H](Oc2nc(Nc3ccc(N4CCC(N5CCN(C)CC5)CC4)cc3)c(C(N)=O)nc2CC)C1			2.26	9	2	120.16	9			41	2	C=CC(=O)N1CC[C@@H](Oc2nc(Nc3ccc(N4CCC(N5CCN(C)CC5)CC4)cc3)c(C(N)=O)nc2CC)C1	ok
CHEMBL366460	ISOFLAVONE	3		Small molecule	0	0	0	1	0			0		O=c1c(-c2ccccc2)coc2ccccc12			3.46	2	0	30.21	1			17	3	O=c1c(-c2ccccc2)coc2ccccc12	ok
CHEMBL3668014	LINZAGOLIX	4	2022	Small molecule	0	0	0	0	0			0		COc1cc(F)c(-n2c(=O)[nH]c3csc(C(=O)O)c3c2=O)cc1OCc1c(OC)ccc(F)c1F			3.45	8	2	119.85	7			35	4	COc1cc(F)c(-n2c(=O)[nH]c3csc(C(=O)O)c3c2=O)cc1OCc1c(OC)ccc(F)c1F	ok
CHEMBL367149	DOCONEXENT	3		Small molecule	0	0	0	1	0			0		CC/C=C\C/C=C\C/C=C\C/C=C\C/C=C\C/C=C\CCC(=O)O			6.55	1	1	37.3	14			24	0	CC/C=C\C/C=C\C/C=C\C/C=C\C/C=C\C/C=C\CCC(=O)O	ok
CHEMBL36715	PIRACETAM	4		Small molecule	0	0	0	1	0			0		NC(=O)CN1CCCC1=O			-0.91	2	1	63.4	2			10	0	NC(=O)CN1CCCC1=O	ok
CHEMBL3678958	RUSERONTINIB	3		Small molecule	0	0	0	0	0			0		CC(C)n1c(Nc2cccnc2)nc2cnc(Nc3ccc(N4CCN(C)CC4)cc3)nc21			4.04	9	2	87.03	6			33	4	CC(C)n1c(Nc2cccnc2)nc2cnc(Nc3ccc(N4CCN(C)CC4)cc3)nc21	ok
CHEMBL3697617	TAVAPADON	3		Small molecule	0	0	0	0	0			0		Cc1cc(Oc2ncccc2C(F)(F)F)ccc1-c1c(C)c(=O)[nH]c(=O)n1C			3.56	5	1	76.98	3			28	3	Cc1cc(Oc2ncccc2C(F)(F)F)ccc1-c1c(C)c(=O)[nH]c(=O)n1C	ok
CHEMBL3701238	FUTIBATINIB	4	2022	Small molecule	1	0	0	0	0			0		C=CC(=O)N1CC[C@H](n2nc(C#Cc3cc(OC)cc(OC)c3)c3c(N)ncnc32)C1			1.78	8	1	108.39	4			31	3	C=CC(=O)N1CC[C@H](n2nc(C#Cc3cc(OC)cc(OC)c3)c3c(N)ncnc32)C1	ok
CHEMBL370143	PAROMOMYCIN	4	1969	Small molecule	1	0	0	1	0			0		NC[C@@H]1O[C@H](O[C@H]2[C@@H](O)[C@H](O[C@@H]3[C@@H](O)[C@H](N)C[C@H](N)[C@H]3O[C@H]3O[C@H](CO)[C@@H](O)[C@H](O)[C@H]3N)O[C@@H]2CO)[C@H](N)[C@@H](O)[C@@H]1O			-8.86	19	13	347.32	9			42	0	NC[C@@H]1O[C@H](O[C@H]2[C@@H](O)[C@H](O[C@@H]3[C@@H](O)[C@H](N)C[C@H](N)[C@H]3O[C@H]3O[C@H](CO)[C@@H](O)[C@H](O)[C@H]3N)O[C@@H]2CO)[C@H](N)[C@@H](O)[C@@H]1O	ok
CHEMBL3702854	RILZABRUTINIB	3		Small molecule	0	0	0	0	0			0		CC(C)(/C=C(\C#N)C(=O)N1CCC[C@@H](n2nc(-c3ccc(Oc4ccccc4)cc3F)c3c(N)ncnc32)C1)N1CCN(C2COC2)CC1			4.42	11	1	138.66	8			49	4	CC(C)(/C=C(\C#N)C(=O)N1CCC[C@@H](n2nc(-c3ccc(Oc4ccccc4)cc3F)c3c(N)ncnc32)C1)N1CCN(C2COC2)CC1	ok
CHEMBL3703921	ENAVOGLIFLOZIN	3		Small molecule	0	0	0	0	0			0		OC[C@H]1O[C@@H](c2cc(Cc3ccc(C4CC4)cc3)c(Cl)c3c2CCO3)[C@H](O)[C@@H](O)[C@@H]1O			2.26	6	4	99.38	5			31	2	OC[C@H]1O[C@@H](c2cc(Cc3ccc(C4CC4)cc3)c(Cl)c3c2CCO3)[C@H](O)[C@@H](O)[C@@H]1O	ok
CHEMBL3707224	SOFPIRONIUM	4	2024	Small molecule	0	0	1	0	0			0		CCOC(=O)C[N+]1(C)CC[C@@H](OC(=O)[C@](O)(c2ccccc2)C2CCCC2)C1			2.39	5	1	72.83	7			28	1	CCOC(=O)C[N+]1(C)CC[C@@H](OC(=O)[C@](O)(c2ccccc2)C2CCCC2)C1	ok
CHEMBL3707235	GEMIGLIPTIN	3		Small molecule	0	0	0	0	0			0		N[C@@H](CC(=O)N1CCc2c(nc(C(F)(F)F)nc2C(F)(F)F)C1)CN1CC(F)(F)CCC1=O			2.37	5	1	92.42	4			33	1	N[C@@H](CC(=O)N1CCc2c(nc(C(F)(F)F)nc2C(F)(F)F)C1)CN1CC(F)(F)CCC1=O	ok
CHEMBL3707247	OZANIMOD	4	2020	Small molecule	1	0	0	1	0			0		CC(C)Oc1ccc(-c2nc(-c3cccc4c3CC[C@@H]4NCCO)no2)cc1C#N			3.63	7	2	104.2	7			30	3	CC(C)Oc1ccc(-c2nc(-c3cccc4c3CC[C@@H]4NCCO)no2)cc1C#N	ok
CHEMBL3707260	LEUCOVORIN SODIUM	3		Small molecule	0	0	0	1	0			0		Nc1nc(O)c2c(n1)NCC(CNc1ccc(C(=O)N[C@@H](CCC(=O)[O-])C(=O)[O-])cc1)N2C=O.[Na+].[Na+]			-0.73	9	7	219.84	10			34	2	Nc1nc(O)c2c(n1)NCC(CNc1ccc(C(=O)N[C@@H](CCC(=O)[O-])C(=O)[O-])cc1)N2C=O	ok
CHEMBL3707290	SOMAPACITAN	4	2020	Small molecule	0	1	0	0	0			0		C=C(CCCCCCCCCCCCCCCc1nnn[nH]1)NS(=O)(=O)CCCC(=O)NCCOCCOCC(=O)N[C@@H](CCC(=O)N[C@@H](CCC(=O)NCCOCCOCC(=O)N[C@@H](CCCCNC(=O)CSC[C@H](N)C(=O)O)C(N)=O)C(=O)O)C(=O)O												C=C(CCCCCCCCCCCCCCCc1nnn[nH]1)NS(=O)(=O)CCCC(=O)NCCOCCOCC(=O)N[C@@H](CCC(=O)N[C@@H](CCC(=O)NCCOCCOCC(=O)N[C@@H](CCCCNC(=O)CSC[C@H](N)C(=O)O)C(N)=O)C(=O)O)C(=O)O	ok
CHEMBL3707306	STRONTIUM RANELATE	4	2004	Small molecule	0	0	0	1	0			0		N#Cc1c(N(CC(=O)[O-])CC(=O)[O-])sc(C(=O)[O-])c1CC(=O)[O-].[Sr+2].[Sr+2]			-0.08	7	4	176.23	8			23	1	N#Cc1c(N(CC(=O)[O-])CC(=O)[O-])sc(C(=O)[O-])c1CC(=O)[O-]	ok
CHEMBL3707307	FABOMOTIZOLE	3		Small molecule	0	0	0	0	0			0		CCOc1ccc2nc(SCCN3CCOCC3)[nH]c2c1			2.39	5	1	50.38	6			21	2	CCOc1ccc2nc(SCCN3CCOCC3)[nH]c2c1	ok
CHEMBL3707310	LOTILANER	4	2017	Small molecule	0	0	1	0	0			1		Cc1cc(C2=NO[C@@](c3cc(Cl)c(Cl)c(Cl)c3)(C(F)(F)F)C2)sc1C(=O)NCC(=O)NCC(F)(F)F			6.01	5	2	79.79	6			36	2	Cc1cc(C2=NO[C@@](c3cc(Cl)c(Cl)c(Cl)c3)(C(F)(F)F)C2)sc1C(=O)NCC(=O)NCC(F)(F)F	ok
CHEMBL3707312	ETRIPAMIL	3		Small molecule	0	0	0	1	0			0		COC(=O)c1cccc(CCN(C)CCC[C@@](C#N)(c2ccc(OC)c(OC)c2)C(C)C)c1			4.86	6	0	71.79	12			33	2	COC(=O)c1cccc(CCN(C)CCC[C@@](C#N)(c2ccc(OC)c(OC)c2)C(C)C)c1	ok
CHEMBL3707313	TRIFAROTENE	4	2019	Small molecule	0	0	1	1	0			0		CC(C)(C)c1cc(-c2cc(-c3ccc(C(=O)O)cc3)ccc2OCCO)ccc1N1CCCC1			5.99	4	2	70	7			34	3	CC(C)(C)c1cc(-c2cc(-c3ccc(C(=O)O)cc3)ccc2OCCO)ccc1N1CCCC1	ok
CHEMBL3707331	ROLAPITANT	4	2015	Small molecule	1	1	0	0	0			0		C[C@@H](OC[C@@]1(c2ccccc2)CC[C@]2(CCC(=O)N2)CN1)c1cc(C(F)(F)F)cc(C(F)(F)F)c1			5.73	3	2	50.36	5			35	2	C[C@@H](OC[C@@]1(c2ccccc2)CC[C@]2(CCC(=O)N2)CN1)c1cc(C(F)(F)F)cc(C(F)(F)F)c1	ok
CHEMBL3707345	FLUOROMETHYLCHOLINE (18F)	3		Small molecule	0	0	0	0	0			0		C[N+](C)(C)CCOC[18F]			0.64	1	0	9.23	4			9	0	C[N+](C)(C)CCOC[18F]	ok
CHEMBL3707346	FLUOROMETHYLCHOLINE	3		Small molecule	0	0	0	0	0			0		C[N+](C)(C)CCOCF			0.64	1	0	9.23	4			9	0	C[N+](C)(C)CCOCF	ok
CHEMBL3707348	ACALABRUTINIB	4	2017	Small molecule	1	0	0	1	0			0		CC#CC(=O)N1CCC[C@H]1c1nc(-c2ccc(C(=O)Nc3ccccn3)cc2)c2c(N)nccn12			3.31	7	2	118.51	4			35	4	CC#CC(=O)N1CCC[C@H]1c1nc(-c2ccc(C(=O)Nc3ccccn3)cc2)c2c(N)nccn12	ok
CHEMBL3707366	ALANYL GLUTAMINE	3		Small molecule	0	0	0	1	0			0		C[C@H](N)C(=O)N[C@@H](CCC(N)=O)C(=O)O			-1.83	4	4	135.51	6			15	0	C[C@H](N)C(=O)N[C@@H](CCC(N)=O)C(=O)O	ok
CHEMBL3707372	VOXILAPREVIR	4	2017	Small molecule	1	0	0	0	0			0		CC[C@@H]1[C@@H]2CN(C(=O)[C@H](C(C)(C)C)NC(=O)O[C@@H]3C[C@H]3CCCCC(F)(F)c3nc4ccc(OC)cc4nc3O2)[C@@H]1C(=O)N[C@]1(C(=O)NS(=O)(=O)C2(C)CC2)C[C@H]1C(C)C			5.35	11	3	195.22	8			60	2	CC[C@@H]1[C@@H]2CN(C(=O)[C@H](C(C)(C)C)NC(=O)O[C@@H]3C[C@H]3CCCCC(F)(F)c3nc4ccc(OC)cc4nc3O2)[C@@H]1C(=O)N[C@]1(C(=O)NS(=O)(=O)C2(C)CC2)C[C@H]1C(C)C	ok
CHEMBL3707376	CADAZOLID	3		Small molecule	0	0	0	0	0			0		O=C(O)c1cn(C2CC2)c2cc(N3CCC(O)(COc4ccc(N5C[C@H](CO)OC5=O)cc4F)CC3)c(F)cc2c1=O			3.04	9	3	141.77	8			42	3	O=C(O)c1cn(C2CC2)c2cc(N3CCC(O)(COc4ccc(N5C[C@H](CO)OC5=O)cc4F)CC3)c(F)cc2c1=O	ok
CHEMBL3707377	SEGESTERONE ACETATE	4	2018	Small molecule	0	0	1	1	0			0		C=C1C[C@H]2[C@@H]3CCC4=CC(=O)CC[C@@H]4[C@H]3CC[C@]2(C)[C@@]1(OC(C)=O)C(C)=O			4.19	4	0	60.44	2			27	0	C=C1C[C@H]2[C@@H]3CCC4=CC(=O)CC[C@@H]4[C@H]3CC[C@]2(C)[C@@]1(OC(C)=O)C(C)=O	ok
CHEMBL3707392	ELECLAZINE	3		Small molecule	0	0	0	0	0			0		O=C1c2cc(-c3ccc(OC(F)(F)F)cc3)ccc2OCCN1Cc1ncccn1			4.08	5	0	64.55	4			30	3	O=C1c2cc(-c3ccc(OC(F)(F)F)cc3)ccc2OCCN1Cc1ncccn1	RISK
CHEMBL3707395	ELAFIBRANOR	4	2024	Small molecule	1	0	0	1	0			0		CSc1ccc(C(=O)/C=C/c2cc(C)c(OC(C)(C)C(=O)O)c(C)c2)cc1			5.16	4	1	63.6	7			27	2	CSc1ccc(C(=O)/C=C/c2cc(C)c(OC(C)(C)C(=O)O)c(C)c2)cc1	ok
CHEMBL3707403	CELIVARONE	3		Small molecule	0	0	0	0	0			0		CCCCc1oc2ccc(C(=O)OC(C)C)cc2c1C(=O)c1ccc(CCCN(CCCC)CCCC)cc1			8.41	5	0	59.75	17			39	3	CCCCc1oc2ccc(C(=O)OC(C)C)cc2c1C(=O)c1ccc(CCCN(CCCC)CCCC)cc1	ok
CHEMBL3707446	RIVIPANSEL	3		Small molecule	0	0	0	1	0			0		C[C@@H]1O[C@@H](O[C@@H]2[C@@H](NC(=O)c3cc(=O)[nH]c(=O)[nH]3)C[C@@H](C(=O)NCCNC(=O)COCCOCC(=O)Nc3cc(S(=O)(=O)O)cc4cc(S(=O)(=O)O)cc(S(=O)(=O)O)c34)C[C@H]2O[C@@H]2O[C@H](CO)[C@H](O)[C@H](O[C@@H](CC3CCCCC3)C(=O)O)[C@H]2OC(=O)c2ccccc2)[C@@H](O)[C@H](O)[C@@H]1O												C[C@@H]1O[C@@H](O[C@@H]2[C@@H](NC(=O)c3cc(=O)[nH]c(=O)[nH]3)C[C@@H](C(=O)NCCNC(=O)COCCOCC(=O)Nc3cc(S(=O)(=O)O)cc4cc(S(=O)(=O)O)cc(S(=O)(=O)O)c34)C[C@H]2O[C@@H]2O[C@H](CO)[C@H](O)[C@H](O[C@@H](CC3CCCCC3)C(=O)O)[C@H]2OC(=O)c2ccccc2)[C@@H](O)[C@H](O)[C@@H]1O	ok
CHEMBL370753	OPIPRAMOL	3		Small molecule	0	0	0	1	0			0		OCCN1CCN(CCCN2c3ccccc3C=Cc3ccccc32)CC1			3.31	4	1	29.95	6			27	2	OCCN1CCN(CCCN2c3ccccc3C=Cc3ccccc32)CC1	ok
CHEMBL370805	COCAINE	4	2017	Small molecule	0	0	1	1	0			0		COC(=O)[C@H]1[C@@H](OC(=O)c2ccccc2)C[C@@H]2CC[C@H]1N2C			1.87	5	0	55.84	3			22	1	COC(=O)[C@H]1[C@@H](OC(=O)c2ccccc2)C[C@@H]2CC[C@H]1N2C	RISK
CHEMBL371405	MARIZOMIB	3		Small molecule	0	0	0	1	0			0		C[C@@]12OC(=O)[C@]1([C@@H](O)[C@@H]1C=CCCC1)NC(=O)[C@@H]2CCCl			1.13	4	2	75.63	4			21	0	C[C@@]12OC(=O)[C@]1([C@@H](O)[C@@H]1C=CCCC1)NC(=O)[C@@H]2CCCl	ok
CHEMBL3716057	GEFAPIXANT	4	2023	Small molecule	0	0	0	0	0			0		COc1cc(C(C)C)c(Oc2cnc(N)nc2N)cc1S(N)(=O)=O			1.21	8	3	156.44	5			24	2	COc1cc(C(C)C)c(Oc2cnc(N)nc2N)cc1S(N)(=O)=O	ok
CHEMBL372205	LECOZOTAN	3		Small molecule	0	0	0	1	0			0		C[C@H](CN(C(=O)c1ccc(C#N)cc1)c1ccccn1)N1CCN(c2cccc3c2OCCO3)CC1			3.58	7	0	81.93	6			36	3	C[C@H](CN(C(=O)c1ccc(C#N)cc1)c1ccccn1)N1CCN(c2cccc3c2OCCO3)CC1	ok
CHEMBL372764	PERIFOSINE	3		Small molecule	0	0	0	1	0			0		CCCCCCCCCCCCCCCCCCOP(=O)([O-])OC1CC[N+](C)(C)CC1			6.99	4	0	58.59	20			31	0	CCCCCCCCCCCCCCCCCCOP(=O)([O-])OC1CC[N+](C)(C)CC1	ok
CHEMBL372795	STREPTOMYCIN	4	1946	Small molecule	0	1	0	1	0			0		CN[C@@H]1[C@H](O[C@H]2[C@H](O[C@H]3[C@H](O)[C@@H](O)[C@H](N=C(N)N)[C@@H](O)[C@@H]3N=C(N)N)O[C@@H](C)[C@]2(O)C=O)O[C@@H](CO)[C@H](O)[C@H]1O			-8.16	15	12	336.43	9			40	0	CN[C@@H]1[C@H](O[C@H]2[C@H](O[C@H]3[C@H](O)[C@@H](O)[C@H](N=C(N)N)[C@@H](O)[C@@H]3N=C(N)N)O[C@@H](C)[C@]2(O)C=O)O[C@@H](CO)[C@H](O)[C@H]1O	ok
CHEMBL374478	RIFAMPIN	4	1971	Small molecule	1	1	0	1	0			0		CO[C@H]1/C=C/O[C@@]2(C)Oc3c(C)c(O)c4c(O)c(c(/C=N/N5CCN(C)CC5)c(O)c4c3C2=O)NC(=O)/C(C)=C\C=C\[C@H](C)[C@H](O)[C@@H](C)[C@@H](O)[C@@H](C)[C@H](OC(C)=O)[C@@H]1C			4.34	15	6	220.15	4			59	2	CO[C@H]1/C=C/O[C@@]2(C)Oc3c(C)c(O)c4c(O)c(c(/C=N/N5CCN(C)CC5)c(O)c4c3C2=O)NC(=O)/C(C)=C\C=C\[C@H](C)[C@H](O)[C@@H](C)[C@@H](O)[C@@H](C)[C@H](OC(C)=O)[C@@H]1C	ok
CHEMBL3746329	SHR-4640	3		Small molecule	0	0	0	0	0			0		O=C(O)C1(Sc2ccnc3ccc(Br)cc23)CCC1			4.1	3	1	50.19	3			19	2	O=C(O)C1(Sc2ccnc3ccc(Br)cc23)CCC1	ok
CHEMBL374731	TELBIVUDINE	4	2006	Small molecule	1	0	0	1	1			0		Cc1cn([C@@H]2C[C@@H](O)[C@H](CO)O2)c(=O)[nH]c1=O			-1.51	6	3	104.55	2			17	1	Cc1cn([C@@H]2C[C@@H](O)[C@H](CO)O2)c(=O)[nH]c1=O	ok
CHEMBL374975	FUSIDIC ACID	4		Small molecule	0	0	0	1	0			0		CC(=O)O[C@H]1C[C@@]2(C)[C@@H](C[C@@H](O)[C@H]3[C@@]4(C)CC[C@@H](O)[C@@H](C)[C@@H]4CC[C@@]32C)/C1=C(\CCC=C(C)C)C(=O)O			5.67	5	3	104.06	5			37	0	CC(=O)O[C@H]1C[C@@]2(C)[C@@H](C[C@@H](O)[C@H]3[C@@]4(C)CC[C@@H](O)[C@@H](C)[C@@H]4CC[C@@]32C)/C1=C(\CCC=C(C)C)C(=O)O	ok
CHEMBL3753858	RIDINILAZOLE	3		Small molecule	0	0	0	0	0			0		c1cc(-c2nc3cc(-c4ccc5[nH]c(-c6ccncc6)nc5c4)ccc3[nH]2)ccn1			5.23	4	2	83.14	3			30	6	c1cc(-c2nc3cc(-c4ccc5[nH]c(-c6ccncc6)nc5c4)ccc3[nH]2)ccn1	ok
CHEMBL376140	TIGECYCLINE	4	2005	Small molecule	0	1	0	1	0			0		CN(C)c1cc(NC(=O)CNC(C)(C)C)c(O)c2c1C[C@H]1C[C@H]3[C@H](N(C)C)C(O)=C(C(N)=O)C(=O)[C@@]3(O)C(O)=C1C2=O			0.51	11	7	205.76	6			42	1	CN(C)c1cc(NC(=O)CNC(C)(C)C)c(O)c2c1C[C@H]1C[C@H]3[C@H](N(C)C)C(O)=C(C(N)=O)C(=O)[C@@]3(O)C(O)=C1C2=O	ok
CHEMBL376359	ALOGLIPTIN	4	2013	Small molecule	1	0	0	1	0			0		Cn1c(=O)cc(N2CCC[C@@H](N)C2)n(Cc2ccccc2C#N)c1=O			0.39	7	1	97.05	3			25	2	Cn1c(=O)cc(N2CCC[C@@H](N)C2)n(Cc2ccccc2C#N)c1=O	ok
CHEMBL376488	BEDAQUILINE	4	2012	Small molecule	1	0	0	1	0			0		COc1nc2ccc(Br)cc2cc1[C@@H](c1ccccc1)[C@@](O)(CCN(C)C)c1cccc2ccccc12			7.13	4	1	45.59	8			37	5	COc1nc2ccc(Br)cc2cc1[C@@H](c1ccccc1)[C@@](O)(CCN(C)C)c1cccc2ccccc12	RISK
CHEMBL376897	METHSCOPOLAMINE	4	1953	Small molecule	1	0	0	1	0			0		C[N+]1(C)[C@@H]2C[C@@H](OC(=O)[C@H](CO)c3ccccc3)C[C@H]1[C@@H]1O[C@@H]12			1.06	4	1	59.06	4			23	1	C[N+]1(C)[C@@H]2C[C@@H](OC(=O)[C@H](CO)c3ccccc3)C[C@H]1[C@@H]1O[C@@H]12	ok
CHEMBL377300	BRIVANIB	3		Small molecule	0	0	0	0	0			0		Cc1cc2c(F)c(Oc3ncnn4cc(OC[C@@H](C)O)c(C)c34)ccc2[nH]1			3.52	6	2	84.67	5			27	4	Cc1cc2c(F)c(Oc3ncnn4cc(OC[C@@H](C)O)c(C)c34)ccc2[nH]1	ok
CHEMBL37744	ZIMELDINE	4		Small molecule	0	0	0	1	0			0		CN(C)C/C=C(/c1ccc(Br)cc1)c1cccnc1			3.84	2	0	16.13	4			19	2	CN(C)C/C=C(/c1ccc(Br)cc1)c1cccnc1	ok
CHEMBL3785197	OBICETRAPIB	3		Small molecule	0	0	0	0	0			0		CCOC(=O)N1c2ccc(C(F)(F)F)cc2[C@@H](N(Cc2cc(C(F)(F)F)cc(C(F)(F)F)c2)c2ncc(OCCCC(=O)O)cn2)C[C@H]1CC			8.67	7	1	105.09	11			50	3	CCOC(=O)N1c2ccc(C(F)(F)F)cc2[C@@H](N(Cc2cc(C(F)(F)F)cc(C(F)(F)F)c2)c2ncc(OCCCC(=O)O)cn2)C[C@H]1CC	ok
CHEMBL3786343	OLMUTINIB	4	2016	Small molecule	1	0	0	1	0			0		C=CC(=O)Nc1cccc(Oc2nc(Nc3ccc(N4CCN(C)CC4)cc3)nc3ccsc23)c1			5.1	8	2	82.62	7			35	4	C=CC(=O)Nc1cccc(Oc2nc(Nc3ccc(N4CCN(C)CC4)cc3)nc3ccsc23)c1	ok
CHEMBL3786673	EDASALONEXENT	3		Small molecule	0	0	0	0	0			0		CC/C=C\C/C=C\C/C=C\C/C=C\C/C=C\C/C=C\CCC(=O)NCCNC(=O)c1ccccc1O			6.72	3	3	78.43	18			36	1	CC/C=C\C/C=C\C/C=C\C/C=C\C/C=C\C/C=C\CCC(=O)NCCNC(=O)c1ccccc1O	ok
CHEMBL38	TRETINOIN	4	1971	Small molecule	1	0	1	1	0			0		CC1=C(/C=C/C(C)=C/C=C/C(C)=C/C(=O)O)C(C)(C)CCC1			5.6	1	1	37.3	5			22	0	CC1=C(/C=C/C(C)=C/C=C/C(C)=C/C(=O)O)C(C)(C)CCC1	ok
CHEMBL3813873	PEXIDARTINIB	4	2019	Small molecule	1	0	0	0	0			0		FC(F)(F)c1ccc(CNc2ccc(Cc3c[nH]c4ncc(Cl)cc34)cn2)cn1			5.23	4	2	66.49	5			29	4	FC(F)(F)c1ccc(CNc2ccc(Cc3c[nH]c4ncc(Cl)cc34)cn2)cn1	ok
CHEMBL3828074	ZIRITAXESTAT	3		Small molecule	0	0	0	0	0			0		CCc1nc2c(C)cc(N3CCN(CC(=O)N4CC(O)C4)CC3)cn2c1N(C)c1nc(-c2ccc(F)cc2)c(C#N)s1			3.43	10	1	104.24	7			42	4	CCc1nc2c(C)cc(N3CCN(CC(=O)N4CC(O)C4)CC3)cn2c1N(C)c1nc(-c2ccc(F)cc2)c(C#N)s1	ok
CHEMBL3833319	REVEFENACIN	4	2018	Small molecule	0	0	1	1	0			0		CN(CCN1CCC(OC(=O)Nc2ccccc2-c2ccccc2)CC1)C(=O)c1ccc(CN2CCC(C(N)=O)CC2)cc1			4.84	6	2	108.21	10			44	3	CN(CCN1CCC(OC(=O)Nc2ccccc2-c2ccccc2)CC1)C(=O)c1ccc(CN2CCC(C(N)=O)CC2)cc1	ok
CHEMBL3833335	CHLORAL BETAINE	4	1988	Small molecule	0	0	0	1	0			0		C[N+](C)(C)CC(=O)[O-].OC(O)C(Cl)(Cl)Cl												C[N+](C)(C)CC(=O)[O-]	ok
CHEMBL3833382	PRAJMALIUM	4		Small molecule	0	0	0	1	0			0		CCC[N+]12[C@H](O)[C@@H](CC)[C@@H]3C[C@H]1[C@@H]1N(C)c4ccccc4[C@]14C[C@H]2[C@@H]3[C@H]4O			2.48	3	2	43.7	3			27	1	CCC[N+]12[C@H](O)[C@@H](CC)[C@@H]3C[C@H]1[C@@H]1N(C)c4ccccc4[C@]14C[C@H]2[C@@H]3[C@H]4O	ok
CHEMBL3833389	DEXTROMORAMIDE	4		Small molecule	0	0	0	0	0			0		C[C@@H](CC(C(=O)N1CCCC1)(c1ccccc1)c1ccccc1)N1CCOCC1			3.71	3	0	32.78	6			29	2	C[C@@H](CC(C(=O)N1CCCC1)(c1ccccc1)c1ccccc1)N1CCOCC1	ok
CHEMBL38380	FASUDIL	3		Small molecule	0	0	0	1	0			0		O=S(=O)(c1cccc2cnccc12)N1CCCNCC1			1.22	4	1	62.3	2			20	2	O=S(=O)(c1cccc2cnccc12)N1CCCNCC1	ok
CHEMBL384467	DEXAMETHASONE	4	1958	Small molecule	1	1	1	0	0			0		C[C@@H]1C[C@H]2[C@@H]3CCC4=CC(=O)C=C[C@]4(C)[C@@]3(F)[C@@H](O)C[C@]2(C)[C@@]1(O)C(=O)CO			1.9	5	3	94.83	2			28	0	C[C@@H]1C[C@H]2[C@@H]3CCC4=CC(=O)C=C[C@]4(C)[C@@]3(F)[C@@H](O)C[C@]2(C)[C@@]1(O)C(=O)CO	ok
CHEMBL385517	SAXAGLIPTIN ANHYDROUS	4	2009	Small molecule	1	0	0	1	0			0		N#C[C@@H]1C[C@@H]2C[C@@H]2N1C(=O)[C@@H](N)C12CC3CC(CC(O)(C3)C1)C2			1.16	4	2	90.35	2			23	0	N#C[C@@H]1C[C@@H]2C[C@@H]2N1C(=O)[C@@H](N)C12CC3CC(CC(O)(C3)C1)C2	ok
CHEMBL386630	TESTOSTERONE	4	1972	Small molecule	0	1	1	1	0			0		C[C@]12CC[C@H]3[C@@H](CCC4=CC(=O)CC[C@@]43C)[C@@H]1CC[C@@H]2O			3.88	2	1	37.3	0			21	0	C[C@]12CC[C@H]3[C@@H](CCC4=CC(=O)CC[C@@]43C)[C@@H]1CC[C@@H]2O	ok
CHEMBL387675	DAPTOMYCIN	4	2003	Small molecule	0	1	0	1	0			0		CCCCCCCCCC(=O)N[C@@H](Cc1c[nH]c2ccccc12)C(=O)N[C@@H](CC(N)=O)C(=O)N[C@@H](CC(=O)O)C(=O)N[C@@H]1C(=O)NCC(=O)N[C@@H](CCCN)C(=O)N[C@@H](CC(=O)O)C(=O)N[C@H](C)C(=O)N[C@@H](CC(=O)O)C(=O)NCC(=O)N[C@H](CO)C(=O)N[C@@H]([C@H](C)CC(=O)O)C(=O)N[C@@H](CC(=O)c2ccccc2N)C(=O)O[C@@H]1C												CCCCCCCCCC(=O)N[C@@H](Cc1c[nH]c2ccccc12)C(=O)N[C@@H](CC(N)=O)C(=O)N[C@@H](CC(=O)O)C(=O)N[C@@H]1C(=O)NCC(=O)N[C@@H](CCCN)C(=O)N[C@@H](CC(=O)O)C(=O)N[C@H](C)C(=O)N[C@@H](CC(=O)O)C(=O)NCC(=O)N[C@H](CO)C(=O)N[C@@H]([C@H](C)CC(=O)O)C(=O)N[C@@H](CC(=O)c2ccccc2N)C(=O)O[C@@H]1C	ok
CHEMBL38827	LUMEFANTRINE	4	2009	Small molecule	1	0	0	1	0			0		CCCCN(CCCC)CC(O)c1cc(Cl)cc2c1-c1ccc(Cl)cc1/C2=C/c1ccc(Cl)cc1			9.15	2	1	23.47	10			35	3	CCCCN(CCCC)CC(O)c1cc(Cl)cc2c1-c1ccc(Cl)cc1/C2=C/c1ccc(Cl)cc1	RISK
CHEMBL388590	BENZBROMARONE	4		Small molecule	1	0	0	1	0			0		CCc1oc2ccccc2c1C(=O)c1cc(Br)c(O)c(Br)c1			5.46	3	1	50.44	3			22	3	CCc1oc2ccccc2c1C(=O)c1cc(Br)c(O)c(Br)c1	ok
CHEMBL3889654	LAROTRECTINIB	4	2018	Small molecule	1	0	0	0	0			0		O=C(Nc1cnn2ccc(N3CCC[C@@H]3c3cc(F)ccc3F)nc12)N1CC[C@H](O)C1			2.95	6	2	86	3			31	3	O=C(Nc1cnn2ccc(N3CCC[C@@H]3c3cc(F)ccc3F)nc12)N1CC[C@H](O)C1	ok
CHEMBL3894860	TRILACICLIB	4	2021	Small molecule	0	1	0	0	0			0		CN1CCN(c2ccc(Nc3ncc4cc5n(c4n3)C3(CCCCC3)CNC5=O)nc2)CC1			2.72	8	2	91.21	3			33	3	CN1CCN(c2ccc(Nc3ncc4cc5n(c4n3)C3(CCCCC3)CNC5=O)nc2)CC1	ok
CHEMBL389621	HYDROCORTISONE	4	1952	Small molecule	1	1	1	1	0			0		C[C@]12CCC(=O)C=C1CC[C@@H]1[C@@H]2[C@@H](O)C[C@@]2(C)[C@H]1CC[C@]2(O)C(=O)CO			1.78	5	3	94.83	2			26	0	C[C@]12CCC(=O)C=C1CC[C@@H]1[C@@H]2[C@@H](O)C[C@@]2(C)[C@H]1CC[C@]2(O)C(=O)CO	ok
CHEMBL39	SEROTONIN	3		Small molecule	0	0	0	1	0			0		NCCc1c[nH]c2ccc(O)cc12			1.37	2	3	62.04	2			13	2	NCCc1c[nH]c2ccc(O)cc12	ok
CHEMBL3900409	BRENSOCATIB	3		Small molecule	0	0	0	0	0			0		Cn1c(=O)oc2ccc(-c3ccc(C[C@@H](C#N)NC(=O)[C@@H]4CNCCCO4)cc3)cc21			1.73	7	2	109.29	5			31	3	Cn1c(=O)oc2ccc(-c3ccc(C[C@@H](C#N)NC(=O)[C@@H]4CNCCCO4)cc3)cc21	ok
CHEMBL3904602	LEROCICLIB	3		Small molecule	0	0	0	0	0			0		CC(C)N1CCN(c2ccc(Nc3ncc4cc5n(c4n3)C3(CCCCC3)CNC5=O)nc2)CC1			3.5	8	2	91.21	4			35	3	CC(C)N1CCN(c2ccc(Nc3ncc4cc5n(c4n3)C3(CCCCC3)CNC5=O)nc2)CC1	ok
CHEMBL3916717	SELONSERTIB	3		Small molecule	0	0	0	0	0			0		Cc1cc(F)c(C(=O)Nc2cccc(-c3nncn3C(C)C)n2)cc1-n1cnc(C2CC2)c1			4.68	7	1	90.52	6			33	4	Cc1cc(F)c(C(=O)Nc2cccc(-c3nncn3C(C)C)n2)cc1-n1cnc(C2CC2)c1	ok
CHEMBL3916929	BALCINRENONE	3		Small molecule	0	0	0	0	0			0		CNC(=O)C[C@H]1COc2cc(F)ccc2N1C(=O)c1ccc2c(c1)NC(=O)CO2			1.7	5	2	96.97	3			29	2	CNC(=O)C[C@H]1COc2cc(F)ccc2N1C(=O)c1ccc2c(c1)NC(=O)CO2	ok
CHEMBL3918017	SELETRACETAM	3		Small molecule	0	0	0	0	0			0		CC[C@@H](C(N)=O)N1C[C@H](C=C(F)F)CC1=O			0.88	2	1	63.4	4			16	0	CC[C@@H](C(N)=O)N1C[C@H](C=C(F)F)CC1=O	ok
CHEMBL392158	FALLYPRIDE	3		Small molecule	0	0	0	0	0			0		C=CCN1CCC[C@H]1CNC(=O)c1cc(CCCF)cc(OC)c1OC			2.99	4	1	50.8	10			26	1	C=CCN1CCC[C@H]1CNC(=O)c1cc(CCCF)cc(OC)c1OC	ok
CHEMBL3930624	FLUZOPARIB	3		Small molecule	0	0	0	0	0			0		O=C(c1cc(Cc2n[nH]c(=O)c3ccccc23)ccc1F)N1CCn2nc(C(F)(F)F)nc2C1			2.92	6	1	96.77	3			34	4	O=C(c1cc(Cc2n[nH]c(=O)c3ccccc23)ccc1F)N1CCn2nc(C(F)(F)F)nc2C1	ok
CHEMBL393220	ATORVASTATIN CALCIUM	4	1996	Small molecule	1	0	0	0	0			0		CC(C)c1c(C(=O)Nc2ccccc2)c(-c2ccccc2)c(-c2ccc(F)cc2)n1CC[C@@H](O)C[C@@H](O)CC(=O)[O-].CC(C)c1c(C(=O)Nc2ccccc2)c(-c2ccccc2)c(-c2ccc(F)cc2)n1CC[C@@H](O)C[C@@H](O)CC(=O)[O-].[Ca+2]			6.31	5	4	111.79	12			41	4	CC(C)c1c(C(=O)Nc2ccccc2)c(-c2ccccc2)c(-c2ccc(F)cc2)n1CC[C@@H](O)C[C@@H](O)CC(=O)[O-]	ok
CHEMBL3936761	ZANUBRUTINIB	4	2019	Small molecule	1	0	0	0	0			0		C=CC(=O)N1CCC([C@@H]2CCNc3c(C(N)=O)c(-c4ccc(Oc5ccccc5)cc4)nn32)CC1			4.22	6	2	102.48	6			35	3	C=CC(=O)N1CCC([C@@H]2CCNc3c(C(N)=O)c(-c4ccc(Oc5ccccc5)cc4)nn32)CC1	ok
CHEMBL3940890	ACORAMIDIS	4	2024	Small molecule	1	0	0	0	0			0		Cc1n[nH]c(C)c1CCCOc1cc(C(=O)O)ccc1F			2.88	3	2	75.21	6			21	2	Cc1n[nH]c(C)c1CCCOc1cc(C(=O)O)ccc1F	ok
CHEMBL3948730	UMBRALISIB	4	2021	Small molecule	1	0	0	0	0			0		CC(C)Oc1ccc(-c2nn([C@@H](C)c3oc4ccc(F)cc4c(=O)c3-c3cccc(F)c3)c3ncnc(N)c23)cc1F			6.66	8	1	109.06	6			42	6	CC(C)Oc1ccc(-c2nn([C@@H](C)c3oc4ccc(F)cc4c(=O)c3-c3cccc(F)c3)c3ncnc(N)c23)cc1F	ok
CHEMBL395091	ESKETAMINE	4	2019	Small molecule	0	0	1	1	0			0		CN[C@]1(c2ccccc2Cl)CCCCC1=O			2.9	2	1	29.1	2			16	1	CN[C@]1(c2ccccc2Cl)CCCCC1=O	ok
CHEMBL395110	MEPAZINE	4		Small molecule	0	0	0	1	0			0		CN1CCCC(CN2c3ccccc3Sc3ccccc32)C1			4.63	3	0	6.48	2			22	2	CN1CCCC(CN2c3ccccc3Sc3ccccc32)C1	ok
CHEMBL396416	CARBOCYSTEINE	3		Small molecule	0	0	0	1	0			0		N[C@@H](CSCC(=O)O)C(=O)O			-0.78	4	3	100.62	5			11	0	N[C@@H](CSCC(=O)O)C(=O)O	ok
CHEMBL396778	SAFINAMIDE	4	2015	Small molecule	1	0	0	0	0			0		C[C@H](NCc1ccc(OCc2cccc(F)c2)cc1)C(N)=O			2.37	3	2	64.35	7			22	2	C[C@H](NCc1ccc(OCc2cccc(F)c2)cc1)C(N)=O	ok
CHEMBL3967849	TINLAREBANT	3		Small molecule	0	0	0	0	0			0		CC(=O)N1CCc2c(C(=O)N3CCC(c4ccc(F)c(F)c4C(F)(F)F)CC3)n[nH]c2C1			3.63	3	1	69.3	2			32	2	CC(=O)N1CCc2c(C(=O)N3CCC(c4ccc(F)c(F)c4C(F)(F)F)CC3)n[nH]c2C1	ok
CHEMBL39736	BUFORMIN	4		Small molecule	0	0	0	1	0			0		CCCCNC(=N)NC(=N)N			-0.21	2	5	97.78	3			11	0	CCCCNC(=N)NC(=N)N	ok
CHEMBL397420	ACENOCOUMAROL	4		Small molecule	0	0	0	1	0			0		CC(=O)CC(c1ccc([N+](=O)[O-])cc1)c1c(O)c2ccccc2oc1=O			3.52	6	1	110.65	5			26	3	CC(=O)CC(c1ccc([N+](=O)[O-])cc1)c1c(O)c2ccccc2oc1=O	ok
CHEMBL397783	5-FLUORONICOTINIC ACID	3		Small molecule	0	0	0	0	0			0		O=C(O)c1cncc(F)c1			0.92	2	1	50.19	1			10	1	O=C(O)c1cncc(F)c1	ok
CHEMBL398435	TICAGRELOR	4	2010	Small molecule	1	0	0	0	0			0		CCCSc1nc(N[C@@H]2C[C@H]2c2ccc(F)c(F)c2)c2nnn([C@@H]3C[C@H](OCCO)[C@@H](O)[C@H]3O)c2n1			2.01	11	4	138.44	10			36	3	CCCSc1nc(N[C@@H]2C[C@H]2c2ccc(F)c(F)c2)c2nnn([C@@H]3C[C@H](OCCO)[C@@H](O)[C@H]3O)c2n1	ok
CHEMBL398707	HYDROMORPHONE	4	1984	Small molecule	1	1	0	1	0			0		CN1CC[C@]23c4c5ccc(O)c4O[C@H]2C(=O)CC[C@H]3[C@H]1C5			1.63	4	1	49.77	0			21	1	CN1CC[C@]23c4c5ccc(O)c4O[C@H]2C(=O)CC[C@H]3[C@H]1C5	ok
CHEMBL3989401	PAMIDRONATE DISODIUM	4	1991	Small molecule	0	1	0	0	0			0		NCCC(O)(P(=O)([O-])O)P(=O)([O-])O.O.O.O.O.O.[Na+].[Na+]			-1.66	4	6	161.31	4			13	0	NCCC(O)(P(=O)([O-])O)P(=O)([O-])O	ok
CHEMBL3989403	ZOMEPIRAC SODIUM	4	1980	Small molecule	0	0	0	0	0			0		Cc1cc(CC(=O)[O-])n(C)c1C(=O)c1ccc(Cl)cc1.O.O.[Na+]			2.85	3	1	59.3	4			20	2	Cc1cc(CC(=O)[O-])n(C)c1C(=O)c1ccc(Cl)cc1	ok
CHEMBL3989408	IBUPROFEN SODIUM	4	2012	Small molecule	1	1	0	0	0			0		CC(C)Cc1ccc(C(C)C(=O)[O-])cc1.O.O.[Na+]			3.07	1	1	37.3	4			15	1	CC(C)Cc1ccc(C(C)C(=O)[O-])cc1	ok
CHEMBL3989410	INDOMETHACIN SODIUM	4	1985	Small molecule	0	1	0	0	0			0		COc1ccc2c(c1)c(CC(=O)[O-])c(C)n2C(=O)c1ccc(Cl)cc1.O.O.O.[Na+]			3.93	4	1	68.53	4			25	3	COc1ccc2c(c1)c(CC(=O)[O-])c(C)n2C(=O)c1ccc(Cl)cc1	ok
CHEMBL3989461	ROSE BENGAL SODIUM I 131	4	1971	Small molecule	0	1	0	0	0			0		O=C([O-])c1c(Cl)c(Cl)c(Cl)c(Cl)c1-c1c2cc([131I])c(=O)c(I)c-2oc2c(I)c([O-])c([131I])cc12.[Na+].[Na+]			9	4	2	87.74	2			33	2	O=C([O-])c1c(Cl)c(Cl)c(Cl)c(Cl)c1-c1c2cc([131I])c(=O)c(I)c-2oc2c(I)c([O-])c([131I])cc12	ok
CHEMBL3989516	FOSTAMATINIB DISODIUM	4	2018	Small molecule	1	0	0	0	1			0		COc1cc(Nc2ncc(F)c(Nc3ccc4c(n3)N(COP(=O)([O-])[O-])C(=O)C(C)(C)O4)n2)cc(OC)c1OC.O.O.O.O.O.O.[Na+].[Na+]			3.09	12	4	186.72	10			40	3	COc1cc(Nc2ncc(F)c(Nc3ccc4c(n3)N(COP(=O)([O-])[O-])C(=O)C(C)(C)O4)n2)cc(OC)c1OC	ok
CHEMBL3989517	IOFLUPANE I 123	4	2000	Small molecule	0	1	0	0	0			0		COC(=O)[C@H]1[C@@H](c2ccc([123I])cc2)C[C@@H]2CC[C@H]1N2CCCF			3.76	3	0	29.54	5			23	1	COC(=O)[C@H]1[C@@H](c2ccc([123I])cc2)C[C@@H]2CC[C@H]1N2CCCF	ok
CHEMBL3989523	IOBENGUANE SULFATE I 123	4	2008	Small molecule	0	1	0	0	0			0		N=C(N)NCc1cccc([123I])c1.N=C(N)NCc1cccc([123I])c1.O=S(=O)(O)O			1.27	1	3	61.9	2			12	1	N=C(N)NCc1cccc([123I])c1	ok
CHEMBL3989529	ETHANOLAMINE OLEATE	4	1988	Small molecule	0	1	0	0	0			0		CCCCCCCC/C=C\CCCCCCCC(=O)O.NCCO												CCCCCCCC/C=C\CCCCCCCC(=O)O	ok
CHEMBL3989559	PANTOPRAZOLE SODIUM	4	2000	Small molecule	1	1	0	0	0			0		COc1ccnc(C[S+]([O-])c2nc3cc(OC(F)F)ccc3[n-]2)c1OC.O.[Na+]			2.88	6	1	92.32	7			26	3	COc1ccnc(C[S+]([O-])c2nc3cc(OC(F)F)ccc3[n-]2)c1OC	ok
CHEMBL3989567	OXACILLIN SODIUM	4	1971	Small molecule	1	1	0	1	0			0		Cc1onc(-c2ccccc2)c1C(=O)N[C@@H]1C(=O)N2[C@@H]1SC(C)(C)[C@@H]2C(=O)[O-].O.[Na+]			1.9	6	2	112.74	4			28	2	Cc1onc(-c2ccccc2)c1C(=O)N[C@@H]1C(=O)N2[C@@H]1SC(C)(C)[C@@H]2C(=O)[O-]	ok
CHEMBL3989568	OXYTETRACYCLINE CALCIUM	4	1982	Small molecule	1	0	0	1	0			0		CN(C)[C@@H]1C([O-])=C(C(N)=O)C(=O)[C@@]2(O)C(O)=C3C(=O)c4c(O)cccc4[C@@](C)(O)[C@H]3[C@H](O)[C@@H]12.CN(C)[C@@H]1C([O-])=C(C(N)=O)C(=O)[C@@]2(O)C(O)=C3C(=O)c4c(O)cccc4[C@@](C)(O)[C@H]3[C@H](O)[C@@H]12.[Ca+2]			-1.24	10	7	201.85	2			33	1	CN(C)[C@@H]1C([O-])=C(C(N)=O)C(=O)[C@@]2(O)C(O)=C3C(=O)c4c(O)cccc4[C@@](C)(O)[C@H]3[C@H](O)[C@@H]12	ok
CHEMBL3989569	IBANDRONATE SODIUM	4	1996	Small molecule	1	1	0	0	0			0		CCCCCN(C)CCC(O)(P(=O)([O-])O)P(=O)(O)O.O.[Na+]			0.5	4	5	138.53	9			19	0	CCCCCN(C)CCC(O)(P(=O)([O-])O)P(=O)(O)O	ok
CHEMBL3989647	TICARCILLIN MONOSODIUM	3		Small molecule	0	0	0	1	0			0		CC1(C)S[C@@H]2[C@H](NC(=O)[C@H](C(=O)O)c3ccsc3)C(=O)N2[C@H]1C(=O)[O-].O.[Na+]			0.55	6	3	124.01	5			25	1	CC1(C)S[C@@H]2[C@H](NC(=O)[C@H](C(=O)O)c3ccsc3)C(=O)N2[C@H]1C(=O)[O-]	ok
CHEMBL3989686	IFERANSERIN	3		Small molecule	0	0	0	1	0			0		CN1CCCC[C@H]1CCc1ccccc1NC(=O)/C=C/c1ccccc1			4.76	2	1	32.34	6			26	2	CN1CCCC[C@H]1CCc1ccccc1NC(=O)/C=C/c1ccccc1	ok
CHEMBL3989697	RIBOFLAVIN 5'-PHOSPHATE SODIUM	4	1985	Small molecule	0	1	0	1	0			0		Cc1cc2nc3c(=O)[nH]c(=O)nc-3n(C[C@H](O)[C@H](O)[C@H](O)COP(=O)([O-])O)c2cc1C.O.O.[Na+]			-1.61	10	6	208.09	7			31	1	Cc1cc2nc3c(=O)[nH]c(=O)nc-3n(C[C@H](O)[C@H](O)[C@H](O)COP(=O)([O-])O)c2cc1C	ok
CHEMBL3989698	TRANYLCYPROMINE SULFATE	4	1961	Small molecule	1	0	0	0	0			0		N[C@@H]1C[C@H]1c1ccccc1.N[C@H]1C[C@@H]1c1ccccc1.O=S(=O)(O)O												N[C@@H]1C[C@H]1c1ccccc1	ok
CHEMBL3989715	MUPIROCIN CALCIUM	4	1995	Small molecule	0	0	1	1	0			0		C/C(=C\C(=O)OCCCCCCCCC(=O)[O-])C[C@@H]1OC[C@H](C[C@@H]2O[C@H]2[C@@H](C)[C@H](C)O)[C@@H](O)[C@H]1O.C/C(=C\C(=O)OCCCCCCCCC(=O)[O-])C[C@@H]1OC[C@H](C[C@@H]2O[C@H]2[C@@H](C)[C@H](C)O)[C@@H](O)[C@H]1O.O.O.[Ca+2]			2.59	8	4	146.05	16			35	0	C/C(=C\C(=O)OCCCCCCCCC(=O)[O-])C[C@@H]1OC[C@H](C[C@@H]2O[C@H]2[C@@H](C)[C@H](C)O)[C@@H](O)[C@H]1O	ok
CHEMBL3989728	MENADIOL SODIUM DIPHOSPHATE	4	1982	Small molecule	1	1	0	0	0			0		Cc1cc(OP(=O)([O-])[O-])c2ccccc2c1OP(=O)([O-])[O-].O.O.O.O.O.O.[Na+].[Na+].[Na+].[Na+]			2.09	4	4	133.52	4			21	2	Cc1cc(OP(=O)([O-])[O-])c2ccccc2c1OP(=O)([O-])[O-]	ok
CHEMBL3989754	FLURBIPROFEN SODIUM	4	1986	Small molecule	0	0	1	0	0			0		CC(C(=O)[O-])c1ccc(-c2ccccc2)c(F)c1.O.O.[Na+]			3.68	1	1	37.3	3			18	2	CC(C(=O)[O-])c1ccc(-c2ccccc2)c(F)c1	ok
CHEMBL3989803	DIPYRONE	4		Small molecule	0	0	0	0	0			0		Cc1c(N(C)CS(=O)(=O)[O-])c(=O)n(-c2ccccc2)n1C.O.[Na+]			0.77	6	1	84.54	4			21	2	Cc1c(N(C)CS(=O)(=O)[O-])c(=O)n(-c2ccccc2)n1C	ok
CHEMBL3989834	AVOSENTAN	3		Small molecule	0	0	0	0	0			0		COc1ccccc1Oc1c(NS(=O)(=O)c2ccc(C)cn2)nc(-c2ccncc2)nc1OC			3.85	9	1	125.42	8			34	4	COc1ccccc1Oc1c(NS(=O)(=O)c2ccc(C)cn2)nc(-c2ccncc2)nc1OC	ok
CHEMBL3989844	DEXTROAMPHETAMINE SACCHARATE	4	1996	Small molecule	1	0	0	0	0			0		C[C@H](N)Cc1ccccc1.O=C(O)[C@@H](O)[C@@H](O)[C@H](O)[C@@H](O)C(=O)O			1.58	1	1	26.02	2			10	1	O=C(O)[C@@H](O)[C@@H](O)[C@H](O)[C@@H](O)C(=O)O	ok
CHEMBL3989850	ECAMSULE	4	2006	Small molecule	0	0	1	1	0			0		CC1(C)C2CCC1(CS(=O)(=O)O)C(=O)C2=Cc1ccc(C=C2C(=O)C3(CS(=O)(=O)O)CCC2C3(C)C)cc1			4.24	6	2	142.88	6			38	1	CC1(C)C2CCC1(CS(=O)(=O)O)C(=O)C2=Cc1ccc(C=C2C(=O)C3(CS(=O)(=O)O)CCC2C3(C)C)cc1	ok
CHEMBL3989859	TOCOPHEROL ACETATE	4	2000	Small molecule	0	1	0	1	0			0		CC(=O)Oc1c(C)c(C)c2c(c1C)CCC(C)(CCC[C@H](C)CCC[C@H](C)CCCC(C)C)O2			9.06	3	0	35.53	13			34	1	CC(=O)Oc1c(C)c(C)c2c(c1C)CCC(C)(CCC[C@H](C)CCC[C@H](C)CCCC(C)C)O2	ok
CHEMBL3989862	PEFCALCITOL	3		Small molecule	0	0	0	0	0			0		C=C1/C(=C\C=C2/CCC[C@]3(C)C([C@H](C)OCC(=O)NCC(F)(F)C(F)(F)F)=CC[C@@H]23)C[C@@H](O)C[C@@H]1O			4.77	4	3	78.79	7			36	0	C=C1/C(=C\C=C2/CCC[C@]3(C)C([C@H](C)OCC(=O)NCC(F)(F)C(F)(F)F)=CC[C@@H]23)C[C@@H](O)C[C@@H]1O	ok
CHEMBL3989866	BICTEGRAVIR	4	2018	Small molecule	1	0	0	0	0			0		O=C(NCc1c(F)cc(F)cc1F)c1cn2c(c(O)c1=O)C(=O)N1[C@H]3CC[C@H](C3)O[C@@H]1C2			1.63	6	2	100.87	3			32	2	O=C(NCc1c(F)cc(F)cc1F)c1cn2c(c(O)c1=O)C(=O)N1[C@H]3CC[C@H](C3)O[C@@H]1C2	ok
CHEMBL3989867	BICTEGRAVIR SODIUM	4	2018	Small molecule	1	0	0	0	0			0		O=C(NCc1c(F)cc(F)cc1F)c1cn2c(c([O-])c1=O)C(=O)N1[C@H]3CC[C@H](C3)O[C@@H]1C2.[Na+]			1.63	6	2	100.87	3			32	2	O=C(NCc1c(F)cc(F)cc1F)c1cn2c(c([O-])c1=O)C(=O)N1[C@H]3CC[C@H](C3)O[C@@H]1C2	ok
CHEMBL3989868	TUCATINIB	4	2020	Small molecule	1	0	0	1	0			0		Cc1cc(Nc2ncnc3ccc(NC4=NC(C)(C)CO4)cc23)ccc1Oc1ccn2ncnc2c1			5.09	10	2	110.85	5			36	5	Cc1cc(Nc2ncnc3ccc(NC4=NC(C)(C)CO4)cc23)ccc1Oc1ccn2ncnc2c1	ok
CHEMBL3989871	AVACOPAN	4	2021	Small molecule	1	0	0	0	0			0		Cc1ccc(NC(=O)[C@H]2CCCN(C(=O)c3c(C)cccc3F)[C@H]2c2ccc(NC3CCCC3)cc2)cc1C(F)(F)F			8.05	3	2	61.44	6			42	3	Cc1ccc(NC(=O)[C@H]2CCCN(C(=O)c3c(C)cccc3F)[C@H]2c2ccc(NC3CCCC3)cc2)cc1C(F)(F)F	ok
CHEMBL3989873	PICLIDENOSON	3		Small molecule	0	0	0	1	0			0		CNC(=O)[C@H]1O[C@@H](n2cnc3c(NCc4ccc(I)cc4)ncnc32)[C@H](O)[C@@H]1O			0.41	9	4	134.42	5			29	3	CNC(=O)[C@H]1O[C@@H](n2cnc3c(NCc4ccc(I)cc4)ncnc32)[C@H](O)[C@@H]1O	ok
CHEMBL3989904	CETHROMYCIN	3		Small molecule	0	0	0	1	0			0		CC[C@H]1OC(=O)[C@H](C)C(=O)[C@H](C)[C@@H](O[C@@H]2O[C@H](C)C[C@H](N(C)C)[C@H]2O)[C@](C)(OCC=Cc2cnc3ccccc3c2)C[C@@H](C)C(=O)[C@H](C)[C@H]2NC(=O)O[C@@]21C			5.11	12	2	162.82	8			55	2	CC[C@H]1OC(=O)[C@H](C)C(=O)[C@H](C)[C@@H](O[C@@H]2O[C@H](C)C[C@H](N(C)C)[C@H]2O)[C@](C)(OCC=Cc2cnc3ccccc3c2)C[C@@H](C)C(=O)[C@H](C)[C@H]2NC(=O)O[C@@]21C	ok
CHEMBL3989908	ENASIDENIB	4	2017	Small molecule	1	0	0	0	0			0		CC(C)(O)CNc1nc(Nc2ccnc(C(F)(F)F)c2)nc(-c2cccc(C(F)(F)F)n2)n1			4.29	8	3	108.74	6			33	3	CC(C)(O)CNc1nc(Nc2ccnc(C(F)(F)F)c2)nc(-c2cccc(C(F)(F)F)n2)n1	RISK
CHEMBL3989917	FOSNETUPITANT	4	2018	Small molecule	0	1	0	0	1			0		Cc1ccccc1-c1cc(N2CC[N+](C)(COP(=O)([O-])O)CC2)ncc1N(C)C(=O)C(C)(C)c1cc(C(F)(F)F)cc(C(F)(F)F)c1			5.74	6	1	106.03	8			47	3	Cc1ccccc1-c1cc(N2CC[N+](C)(COP(=O)([O-])O)CC2)ncc1N(C)C(=O)C(C)(C)c1cc(C(F)(F)F)cc(C(F)(F)F)c1	ok
CHEMBL3989918	INGENOL DISOXATE	3		Small molecule	0	0	0	0	0			0		CCc1noc(CC)c1C(=O)O[C@H]1C(C)=C[C@]23C(=O)[C@@H](C=C(CO)[C@@H](O)[C@]12O)[C@H]1[C@@H](C[C@H]3C)C1(C)C			2.79	8	3	130.09	5			36	1	CCc1noc(CC)c1C(=O)O[C@H]1C(C)=C[C@]23C(=O)[C@@H](C=C(CO)[C@@H](O)[C@]12O)[C@H]1[C@@H](C[C@H]3C)C1(C)C	ok
CHEMBL3989919	FOSNETUPITANT CHLORIDE HYDROCHLORIDE	4	2018	Small molecule	0	1	0	0	1			0		Cc1ccccc1-c1cc(N2CC[N+](C)(COP(=O)(O)O)CC2)ncc1N(C)C(=O)C(C)(C)c1cc(C(F)(F)F)cc(C(F)(F)F)c1.Cl.[Cl-]			5.74	6	1	106.03	8			47	3	Cc1ccccc1-c1cc(N2CC[N+](C)(COP(=O)(O)O)CC2)ncc1N(C)C(=O)C(C)(C)c1cc(C(F)(F)F)cc(C(F)(F)F)c1	ok
CHEMBL3989926	SITRAVATINIB	3		Small molecule	0	0	0	0	0			0		COCCNCc1ccc(-c2cc3nccc(Oc4ccc(NC(=O)C5(C(=O)Nc6ccc(F)cc6)CC5)cc4F)c3s2)nc1			6.52	8	3	114.47	12			45	5	COCCNCc1ccc(-c2cc3nccc(Oc4ccc(NC(=O)C5(C(=O)Nc6ccc(F)cc6)CC5)cc4F)c3s2)nc1	ok
CHEMBL3989927	IBERDOMIDE	3		Small molecule	0	0	0	1	0			0		O=C1CC[C@H](N2Cc3c(OCc4ccc(CN5CCOCC5)cc4)cccc3C2=O)C(=O)N1			1.86	6	1	88.18	6			33	2	O=C1CC[C@H](N2Cc3c(OCc4ccc(CN5CCOCC5)cc4)cccc3C2=O)C(=O)N1	ok
CHEMBL3989929	AZELIRAGON	3		Small molecule	0	0	0	1	0			0		CCCCc1nc(-c2ccc(OCCCN(CC)CC)cc2)cn1-c1ccc(Oc2ccc(Cl)cc2)cc1			8.44	5	0	39.52	14			38	4	CCCCc1nc(-c2ccc(OCCCN(CC)CC)cc2)cn1-c1ccc(Oc2ccc(Cl)cc2)cc1	RISK
CHEMBL3989936	VILAPRISAN	3		Small molecule	0	0	0	0	0			0		C[C@]12C[C@H](c3ccc(S(C)(=O)=O)cc3)C3=C4CCC(=O)C=C4CC[C@H]3[C@@H]1CC[C@@]2(O)C(F)(F)C(F)(F)F			5.92	4	1	71.44	3			37	1	C[C@]12C[C@H](c3ccc(S(C)(=O)=O)cc3)C3=C4CCC(=O)C=C4CC[C@H]3[C@@H]1CC[C@@]2(O)C(F)(F)C(F)(F)F	ok
CHEMBL3989944	DIROXIMEL FUMARATE	4	2019	Small molecule	1	0	0	0	1			0		COC(=O)/C=C/C(=O)OCCN1C(=O)CCC1=O			-0.59	6	0	89.98	5			18	0	COC(=O)/C=C/C(=O)OCCN1C(=O)CCC1=O	ok
CHEMBL3989945	REZAFUNGIN	4	2023	Small molecule	0	1	0	1	0			0		CCCCCOc1ccc(-c2ccc(-c3ccc(C(=O)N[C@H]4C[C@@H](O)[C@@H](OCC[N+](C)(C)C)NC(=O)[C@@H]5[C@@H](O)[C@@H](C)CN5C(=O)[C@H]([C@@H](C)O)NC(=O)[C@H]([C@H](O)[C@@H](O)c5ccc(O)cc5)NC(=O)[C@@H]5C[C@@H](O)CN5C(=O)[C@H]([C@@H](C)O)NC4=O)cc3)cc2)cc1												CCCCCOc1ccc(-c2ccc(-c3ccc(C(=O)N[C@H]4C[C@@H](O)[C@@H](OCC[N+](C)(C)C)NC(=O)[C@@H]5[C@@H](O)[C@@H](C)CN5C(=O)[C@H]([C@@H](C)O)NC(=O)[C@H]([C@H](O)[C@@H](O)c5ccc(O)cc5)NC(=O)[C@@H]5C[C@@H](O)CN5C(=O)[C@H]([C@@H](C)O)NC4=O)cc3)cc2)cc1	ok
CHEMBL3989947	OLUMACOSTAT GLASARETIL	3		Small molecule	0	0	0	1	1			0		CCCCCCCCCCCCCCOc1ccc(C(=O)OCC(=O)N(C)CC(=O)OCC)o1			5.54	7	0	95.28	20			34	1	CCCCCCCCCCCCCCOc1ccc(C(=O)OCC(=O)N(C)CC(=O)OCC)o1	ok
CHEMBL3989948	LANABECESTAT	3		Small molecule	0	0	0	0	0			0		CC#Cc1cncc(-c2ccc3c(c2)[C@@]2(N=C(C)C(N)=N2)[C@]2(CC[C@H](OC)CC2)C3)c1			4.24	5	1	72.86	2			31	2	CC#Cc1cncc(-c2ccc3c(c2)[C@@]2(N=C(C)C(N)=N2)[C@]2(CC[C@H](OC)CC2)C3)c1	ok
CHEMBL3989949	CENOBAMATE	4	2020	Small molecule	1	0	0	1	0			0		NC(=O)O[C@@H](Cn1ncnn1)c1ccccc1Cl			1.16	6	1	95.92	4			18	2	NC(=O)O[C@@H](Cn1ncnn1)c1ccccc1Cl	ok
CHEMBL3989954	ROSIPTOR	3		Small molecule	0	0	0	1	0			0		C=C1CC[C@H]2[C@H](CN)[C@@H]([C@@]3(C)CC[C@H](O)C[C@@H]3CO)CC[C@]12C			3.1	3	3	66.48	3			23	0	C=C1CC[C@H]2[C@H](CN)[C@@H]([C@@]3(C)CC[C@H](O)C[C@@H]3CO)CC[C@]12C	ok
CHEMBL3989958	IVOSIDENIB	4	2018	Small molecule	1	0	0	0	0			0		N#Cc1ccnc(N2C(=O)CC[C@H]2C(=O)N(c2cncc(F)c2)[C@H](C(=O)NC2CC(F)(F)C2)c2ccccc2Cl)c1			4.32	6	1	119.29	7			41	3	N#Cc1ccnc(N2C(=O)CC[C@H]2C(=O)N(c2cncc(F)c2)[C@H](C(=O)NC2CC(F)(F)C2)c2ccccc2Cl)c1	ok
CHEMBL3989959	NACUBACTAM	3		Small molecule	0	0	0	0	0			0		NCCONC(=O)[C@@H]1CC[C@@H]2CN1C(=O)N2OS(=O)(=O)O			-2	7	3	151.5	6			21	0	NCCONC(=O)[C@@H]1CC[C@@H]2CN1C(=O)N2OS(=O)(=O)O	ok
CHEMBL3989962	PEMETREXED TROMETHAMINE	4	2017	Small molecule	0	1	0	0	0			0		NC(CO)(CO)CO.NC(CO)(CO)CO.Nc1nc(=O)c2c(CCc3ccc(C(=O)N[C@@H](CCC(=O)O)C(=O)O)cc3)c[nH]c2[nH]1.O.O			0.67	6	6	191.26	9			31	3	Nc1nc(=O)c2c(CCc3ccc(C(=O)N[C@@H](CCC(=O)O)C(=O)O)cc3)c[nH]c2[nH]1	ok
CHEMBL3989966	CONTEZOLID ACEFOSAMIL	3		Small molecule	0	0	0	0	1			0		CC(=O)OP(=O)([O-])N(C[C@H]1CN(c2cc(F)c(N3C=CC(=O)CC3)c(F)c2F)C(=O)O1)c1ccon1.[Na+]			2.88	9	1	142.72	7			36	2	CC(=O)OP(=O)([O-])N(C[C@H]1CN(c2cc(F)c(N3C=CC(=O)CC3)c(F)c2F)C(=O)O1)c1ccon1	ok
CHEMBL3989968	DIFAMILAST	3		Small molecule	0	0	0	0	0			0		CCOc1ccccc1C(=O)NCc1coc(-c2ccc(OC(F)F)c(OC(C)C)c2)n1			5.06	6	1	82.82	10			32	3	CCOc1ccccc1C(=O)NCc1coc(-c2ccc(OC(F)F)c(OC(C)C)c2)n1	ok
CHEMBL3989971	UPROLESELAN	3		Small molecule	0	0	0	1	0			0		CC[C@H]1C[C@@H](C(=O)NCCNC(=O)CCOCCOCCOCCOCCOCCOCCOCCOCCOCCOCCOCCOC)C[C@@H](O[C@@H]2O[C@H](CO)[C@H](O)[C@H](O[C@@H](CC3CCCCC3)C(=O)O)[C@H]2NC(C)=O)[C@@H]1O[C@@H]1O[C@@H](C)[C@@H](O)[C@@H](O)[C@@H]1O												CC[C@H]1C[C@@H](C(=O)NCCNC(=O)CCOCCOCCOCCOCCOCCOCCOCCOCCOCCOCCOCCOC)C[C@@H](O[C@@H]2O[C@H](CO)[C@H](O)[C@H](O[C@@H](CC3CCCCC3)C(=O)O)[C@H]2NC(C)=O)[C@@H]1O[C@@H]1O[C@@H](C)[C@@H](O)[C@@H](O)[C@@H]1O	ok
CHEMBL3989974	CEFIDEROCOL	4	2019	Small molecule	0	1	0	1	0			0		CC(C)(O/N=C(\C(=O)N[C@@H]1C(=O)N2C(C(=O)[O-])=C(C[N+]3(CCNC(=O)c4ccc(O)c(O)c4Cl)CCCC3)CS[C@H]12)c1csc(N)n1)C(=O)O			-0.18	14	6	256.9	13			50	2	CC(C)(O/N=C(\C(=O)N[C@@H]1C(=O)N2C(C(=O)[O-])=C(C[N+]3(CCNC(=O)c4ccc(O)c(O)c4Cl)CCCC3)CS[C@H]12)c1csc(N)n1)C(=O)O	RISK
CHEMBL3990047	OZENOXACIN	4	2017	Small molecule	0	0	1	1	0			0		CNc1ncc(-c2ccc3c(=O)c(C(=O)O)cn(C4CC4)c3c2C)cc1C			3.76	5	2	84.22	4			27	3	CNc1ncc(-c2ccc3c(=O)c(C(=O)O)cn(C4CC4)c3c2C)cc1C	ok
CHEMBL3991065	ATOGEPANT	4	2021	Small molecule	1	0	0	0	0			0		C[C@@H]1[C@H](c2c(F)ccc(F)c2F)C[C@H](NC(=O)c2cnc3c(c2)C[C@@]2(C3)C(=O)Nc3ncccc32)C(=O)N1CC(F)(F)F			3.95	5	2	104.29	4			43	3	C[C@@H]1[C@H](c2c(F)ccc(F)c2F)C[C@H](NC(=O)c2cnc3c(c2)C[C@@]2(C3)C(=O)Nc3ncccc32)C(=O)N1CC(F)(F)F	ok
CHEMBL399510	BROMOPRIDE	3		Small molecule	0	0	0	1	0			0		CCN(CC)CCNC(=O)c1cc(Br)c(N)cc1OC			2.11	4	2	67.59	7			20	1	CCN(CC)CCNC(=O)c1cc(Br)c(N)cc1OC	ok
CHEMBL4	OFLOXACIN	4	1990	Small molecule	1	1	1	0	0			0		CC1COc2c(N3CCN(C)CC3)c(F)cc3c(=O)c(C(=O)O)cn1c23			1.54	6	1	75.01	2			26	2	CC1COc2c(N3CCN(C)CC3)c(F)cc3c(=O)c(C(=O)O)cn1c23	ok
CHEMBL40	PHENOBARBITAL	4	2022	Small molecule	0	1	0	1	0			0		CCC1(c2ccccc2)C(=O)NC(=O)NC1=O			0.7	3	2	75.27	2			17	1	CCC1(c2ccccc2)C(=O)NC(=O)NC1=O	ok
CHEMBL400599	BENFLUOREX	4	1974	Small molecule	0	0	0	0	0			0		CC(Cc1cccc(C(F)(F)F)c1)NCCOC(=O)c1ccccc1			4.08	3	1	38.33	7			25	2	CC(Cc1cccc(C(F)(F)F)c1)NCCOC(=O)c1ccccc1	ok
CHEMBL403	SULBACTAM	4	1986	Small molecule	0	1	0	1	0			0		CC1(C)[C@H](C(=O)O)N2C(=O)C[C@H]2S1(=O)=O			-0.79	4	1	91.75	1			15	0	CC1(C)[C@H](C(=O)O)N2C(=O)C[C@H]2S1(=O)=O	ok
CHEMBL404	TAZOBACTAM	4	1993	Small molecule	0	1	0	1	0			0		C[C@]1(Cn2ccnn2)[C@H](C(=O)O)N2C(=O)C[C@H]2S1(=O)=O			-1.52	7	1	122.46	3			20	1	C[C@]1(Cn2ccnn2)[C@H](C(=O)O)N2C(=O)C[C@H]2S1(=O)=O	ok
CHEMBL404108	LUMIRACOXIB	4	2005	Small molecule	1	0	0	0	0			0		Cc1ccc(Nc2c(F)cccc2Cl)c(CC(=O)O)c1			4.16	2	2	49.33	4			20	2	Cc1ccc(Nc2c(F)cccc2Cl)c(CC(=O)O)c1	ok
CHEMBL404431	OZ277	3		Small molecule	0	0	0	0	0			0		CC(C)(N)CNC(=O)C[C@H]1CC[C@]2(CC1)OO[C@]1(O2)C2CC3CC(C2)CC1C3			3.25	5	2	82.81	4			28	0	CC(C)(N)CNC(=O)C[C@H]1CC[C@]2(CC1)OO[C@]1(O2)C2CC3CC(C2)CC1C3	ok
CHEMBL404520	CHLORTETRACYCLINE	4	1950	Small molecule	0	0	1	1	0			0		CN(C)[C@@H]1C(O)=C(C(N)=O)C(=O)[C@@]2(O)C(O)=C3C(=O)c4c(O)ccc(Cl)c4[C@@](C)(O)[C@H]3C[C@@H]12			0.44	9	6	181.62	2			33	1	CN(C)[C@@H]1C(O)=C(C(N)=O)C(=O)[C@@]2(O)C(O)=C3C(=O)c4c(O)ccc(Cl)c4[C@@](C)(O)[C@H]3C[C@@H]12	ok
CHEMBL404849	SULOCTIDIL	4	1979	Small molecule	0	0	0	1	0			0		CCCCCCCCNC(C)C(O)c1ccc(SC(C)C)cc1			5.56	3	2	32.26	12			23	1	CCCCCCCCNC(C)C(O)c1ccc(SC(C)C)cc1	ok
CHEMBL405	AMPHETAMINE	4	1955	Small molecule	1	0	0	1	0			0		CC(N)Cc1ccccc1			1.58	1	1	26.02	2			10	1	CC(N)Cc1ccccc1	ok
CHEMBL405110	METHYLENE BLUE ANHYDROUS	4	2011	Small molecule	0	0	0	1	1			0		CN(C)c1ccc2nc3ccc(N(C)C)cc3[s+]c2c1.[Cl-]			2.5	3	0	19.14	1			20	1	CN(C)c1ccc2nc3ccc(N(C)C)cc3[s+]c2c1	ok
CHEMBL405821	SENICAPOC	3		Small molecule	0	0	0	0	0			0		NC(=O)C(c1ccccc1)(c1ccc(F)cc1)c1ccc(F)cc1			3.78	1	1	43.09	4			24	3	NC(=O)C(c1ccccc1)(c1ccc(F)cc1)c1ccc(F)cc1	RISK
CHEMBL406	INDAPAMIDE	4	1983	Small molecule	1	0	0	1	0			0		CC1Cc2ccccc2N1NC(=O)c1ccc(Cl)c(S(N)(=O)=O)c1			2.08	4	2	92.5	3			24	2	CC1Cc2ccccc2N1NC(=O)c1ccc(Cl)c(S(N)(=O)=O)c1	ok
CHEMBL406117	GUSPERIMUS	3		Small molecule	0	0	0	1	0			0		N=C(N)NCCCCCCC(=O)NC(O)C(=O)NCCCCNCCCN			-1.31	6	8	178.38	17			27	0	N=C(N)NCCCCCCC(=O)NC(O)C(=O)NCCCCNCCCN	ok
CHEMBL406393	DEOXYCHOLIC ACID	4	2015	Small molecule	0	1	0	1	0			0		C[C@H](CCC(=O)O)[C@H]1CC[C@H]2[C@@H]3CC[C@@H]4C[C@H](O)CC[C@]4(C)[C@H]3C[C@H](O)[C@]12C			4.48	3	3	77.76	4			28	0	C[C@H](CCC(=O)O)[C@H]1CC[C@H]2[C@@H]3CC[C@@H]4C[C@H](O)CC[C@]4(C)[C@H]3C[C@H](O)[C@]12C	ok
CHEMBL4065122	FENEBRUTINIB	3		Small molecule	0	0	0	0	0			0		C[C@H]1CN(C2COC2)CCN1c1ccc(Nc2cc(-c3ccnc(N4CCn5c(cc6c5CC(C)(C)C6)C4=O)c3CO)cn(C)c2=O)nc1			3.57	11	2	120.99	7			49	4	C[C@H]1CN(C2COC2)CCN1c1ccc(Nc2cc(-c3ccnc(N4CCn5c(cc6c5CC(C)(C)C6)C4=O)c3CO)cn(C)c2=O)nc1	ok
CHEMBL4065616	REMDESIVIR	4	2020	Small molecule	0	1	0	0	1			0		CCC(CC)COC(=O)[C@H](C)N[P@](=O)(OC[C@H]1O[C@@](C#N)(c2ccc3c(N)ncnn23)[C@H](O)[C@@H]1O)Oc1ccccc1			2.31	13	4	203.55	13			42	3	CCC(CC)COC(=O)[C@H](C)N[P@](=O)(OC[C@H]1O[C@@](C#N)(c2ccc3c(N)ncnn23)[C@H](O)[C@@H]1O)Oc1ccccc1	ok
CHEMBL4066936	VERICIGUAT	4	2021	Small molecule	1	0	0	0	0			0		COC(=O)Nc1c(N)nc(-c2nn(Cc3ccccc3F)c3ncc(F)cc23)nc1N			2.56	9	3	146.86	4			31	4	COC(=O)Nc1c(N)nc(-c2nn(Cc3ccccc3F)c3ncc(F)cc23)nc1N	ok
CHEMBL4068611	RELACORILANT	3		Small molecule	0	0	0	0	0			0		Cn1cc(S(=O)(=O)N2CCC3=Cc4c(cnn4-c4ccc(F)cc4)C[C@]3(C(=O)c3cc(C(F)(F)F)ccn3)C2)cn1			4.06	8	0	102.98	5			41	4	Cn1cc(S(=O)(=O)N2CCC3=Cc4c(cnn4-c4ccc(F)cc4)C[C@]3(C(=O)c3cc(C(F)(F)F)ccn3)C2)cn1	ok
CHEMBL4069597	PRITELIVIR	3		Small molecule	0	0	0	1	0			0		Cc1nc(N(C)C(=O)Cc2ccc(-c3ccccn3)cc2)sc1S(N)(=O)=O			2.37	6	1	106.25	5			27	3	Cc1nc(N(C)C(=O)Cc2ccc(-c3ccccn3)cc2)sc1S(N)(=O)=O	ok
CHEMBL407	FLUMAZENIL	4	1991	Small molecule	0	1	0	0	0			0		CCOC(=O)c1ncn2c1CN(C)C(=O)c1cc(F)ccc1-2			1.77	5	0	64.43	2			22	2	CCOC(=O)c1ncn2c1CN(C)C(=O)c1cc(F)ccc1-2	ok
CHEMBL4071161	TIRABRUTINIB	4	2020	Small molecule	1	0	0	0	0			0		CC#CC(=O)N1CC[C@@H](n2c(=O)n(-c3ccc(Oc4ccccc4)cc3)c3c(N)ncnc32)C1			2.75	8	1	108.27	4			34	4	CC#CC(=O)N1CC[C@@H](n2c(=O)n(-c3ccc(Oc4ccccc4)cc3)c3c(N)ncnc32)C1	ok
CHEMBL4072833	EVOBRUTINIB	3		Small molecule	0	0	0	0	0			0		C=CC(=O)N1CCC(CNc2ncnc(N)c2-c2ccc(Oc3ccccc3)cc2)CC1			4.35	6	2	93.37	7			32	3	C=CC(=O)N1CCC(CNc2ncnc(N)c2-c2ccc(Oc3ccccc3)cc2)CC1	RISK
CHEMBL407874	6-O-BENZYLGUANINE	3		Small molecule	0	0	0	1	0			0		Nc1nc(OCc2ccccc2)c2nc[nH]c2n1			1.51	5	2	89.71	3			18	3	Nc1nc(OCc2ccccc2)c2nc[nH]c2n1	ok
CHEMBL408	TROGLITAZONE	4	1997	Small molecule	1	0	0	1	0			0		Cc1c(C)c2c(c(C)c1O)CCC(C)(COc1ccc(CC3SC(=O)NC3=O)cc1)O2			4.37	6	2	84.86	5			31	2	Cc1c(C)c2c(c(C)c1O)CCC(C)(COc1ccc(CC3SC(=O)NC3=O)cc1)O2	ok
CHEMBL408194	OBATOCLAX	3		Small molecule	0	0	0	1	0			0		COC1=CC(c2cc3ccccc3[nH]2)=N/C1=C\c1[nH]c(C)cc1C			4.49	2	2	53.17	3			24	3	COC1=CC(c2cc3ccccc3[nH]2)=N/C1=C\c1[nH]c(C)cc1C	ok
CHEMBL408350	EDOTREOTIDE	3		Small molecule	0	0	0	1	0			0		C[C@@H](O)[C@@H]1NC(=O)[C@H](CCCCN)NC(=O)[C@@H](Cc2c[nH]c3ccccc23)NC(=O)[C@H](Cc2ccc(O)cc2)NC(=O)[C@@H](NC(=O)[C@@H](Cc2ccccc2)NC(=O)CN2CCN(CC(=O)O)CCN(CC(=O)O)CCN(CC(=O)O)CC2)CSSC[C@@H](C(=O)N[C@H](CO)[C@@H](C)O)NC1=O												C[C@@H](O)[C@@H]1NC(=O)[C@H](CCCCN)NC(=O)[C@@H](Cc2c[nH]c3ccccc23)NC(=O)[C@H](Cc2ccc(O)cc2)NC(=O)[C@@H](NC(=O)[C@@H](Cc2ccccc2)NC(=O)CN2CCN(CC(=O)O)CCN(CC(=O)O)CCN(CC(=O)O)CC2)CSSC[C@@H](C(=O)N[C@H](CO)[C@@H](C)O)NC1=O	ok
CHEMBL408513	BELINOSTAT	4	2014	Small molecule	0	1	0	1	0			0		O=C(/C=C/c1cccc(S(=O)(=O)Nc2ccccc2)c1)NO			2.01	4	3	95.5	5			22	2	O=C(/C=C/c1cccc(S(=O)(=O)Nc2ccccc2)c1)NO	ok
CHEMBL4085457	RITLECITINIB	4	2023	Small molecule	1	0	0	0	0			0		C=CC(=O)N1C[C@H](Nc2ncnc3[nH]ccc23)CC[C@@H]1C			1.94	4	2	73.91	3			21	2	C=CC(=O)N1C[C@H](Nc2ncnc3[nH]ccc23)CC[C@@H]1C	ok
CHEMBL408701	TAUROLITHOCHOLIC ACID	3		Small molecule	0	0	0	1	0			0		C[C@H](CCC(=O)NCCS(=O)(=O)O)[C@H]1CC[C@H]2[C@@H]3CC[C@@H]4C[C@H](O)CC[C@]4(C)[C@H]3CC[C@]12C			4.43	4	3	103.7	7			33	0	C[C@H](CCC(=O)NCCS(=O)(=O)O)[C@H]1CC[C@H]2[C@@H]3CC[C@@H]4C[C@H](O)CC[C@]4(C)[C@H]3CC[C@]12C	ok
CHEMBL409	BICALUTAMIDE	4	1995	Small molecule	1	0	0	0	0			0		CC(O)(CS(=O)(=O)c1ccc(F)cc1)C(=O)Nc1ccc(C#N)c(C(F)(F)F)c1			2.88	5	2	107.26	5			29	2	CC(O)(CS(=O)(=O)c1ccc(F)cc1)C(=O)Nc1ccc(C#N)c(C(F)(F)F)c1	ok
CHEMBL4091374	LANIFIBRANOR	3		Small molecule	0	0	0	0	0			0		O=C(O)CCCc1cc2cc(Cl)ccc2n1S(=O)(=O)c1ccc2ncsc2c1			4.55	6	1	89.26	6			28	4	O=C(O)CCCc1cc2cc(Cl)ccc2n1S(=O)(=O)c1ccc2ncsc2c1	ok
CHEMBL409153	ISAVUCONAZOLE	3		Small molecule	0	0	0	0	0			0		C[C@@H](c1nc(-c2ccc(C#N)cc2)cs1)[C@](O)(Cn1cncn1)c1cc(F)ccc1F			4.24	7	1	87.62	6			31	4	C[C@@H](c1nc(-c2ccc(C#N)cc2)cs1)[C@](O)(Cn1cncn1)c1cc(F)ccc1F	ok
CHEMBL4094894	CIPEPOFOL	3		Small molecule	0	0	0	0	0			0		CC(C)c1cccc([C@H](C)C2CC2)c1O			4.03	1	1	20.23	3			15	1	CC(C)c1cccc([C@H](C)C2CC2)c1O	ok
CHEMBL41	FLUOXETINE	4	1987	Small molecule	1	0	0	0	0			1		CNCCC(Oc1ccc(C(F)(F)F)cc1)c1ccccc1			4.44	2	1	21.26	6			22	2	CNCCC(Oc1ccc(C(F)(F)F)cc1)c1ccccc1	RISK
CHEMBL4101807	VOXELOTOR	4	2019	Small molecule	1	0	0	0	0			0		CC(C)n1nccc1-c1ncccc1COc1cccc(O)c1C=O			3.62	6	1	77.24	6			25	3	CC(C)n1nccc1-c1ncccc1COc1cccc(O)c1C=O	ok
CHEMBL4105584	BECLABUVIR	3		Small molecule	0	0	0	1	0			0		COc1ccc2c(c1)[C@@H]1C[C@]1(C(=O)N1[C@@H]3CC[C@H]1CN(C)C3)Cn1c-2c(C2CCCCC2)c2ccc(C(=O)NS(=O)(=O)N(C)C)cc21			4.69	7	1	104.19	6			47	3	COc1ccc2c(c1)[C@@H]1C[C@]1(C(=O)N1[C@@H]3CC[C@H]1CN(C)C3)Cn1c-2c(C2CCCCC2)c2ccc(C(=O)NS(=O)(=O)N(C)C)cc21	ok
CHEMBL4105630	ZURANOLONE	4	2023	Small molecule	1	0	0	0	0			0		C[C@@]1(O)CC[C@H]2[C@H](CC[C@@H]3[C@@H]2CC[C@]2(C)[C@@H](C(=O)Cn4cc(C#N)cn4)CC[C@@H]32)C1			4.34	5	1	78.91	3			30	1	C[C@@]1(O)CC[C@H]2[C@H](CC[C@@H]3[C@@H]2CC[C@]2(C)[C@@H](C(=O)Cn4cc(C#N)cn4)CC[C@@H]32)C1	ok
CHEMBL411	DIETHYLSTILBESTROL	4	1973	Small molecule	1	1	1	1	0			0		CC/C(=C(/CC)c1ccc(O)cc1)c1ccc(O)cc1			4.83	2	2	40.46	4			20	2	CC/C(=C(/CC)c1ccc(O)cc1)c1ccc(O)cc1	ok
CHEMBL4110551	SITOKIREN	3		Small molecule	0	0	0	0	0			0		COC(=O)NCCCn1nc([C@@H](C)N(C(=O)[C@H]2CNCCO2)C2CC2)c2ccc(C)nc21			1.53	8	2	110.61	8			32	2	COC(=O)NCCCn1nc([C@@H](C)N(C(=O)[C@H]2CNCCO2)C2CC2)c2ccc(C)nc21	ok
CHEMBL411070	GLYCOCHOLIC ACID	3		Small molecule	0	0	0	1	0			0		C[C@H](CCC(=O)NCC(=O)O)[C@H]1CC[C@H]2[C@@H]3[C@H](O)C[C@@H]4C[C@H](O)CC[C@]4(C)[C@H]3C[C@H](O)[C@]12C			2.56	5	5	127.09	6			33	0	C[C@H](CCC(=O)NCC(=O)O)[C@H]1CC[C@H]2[C@@H]3[C@H](O)C[C@@H]4C[C@H](O)CC[C@]4(C)[C@H]3C[C@H](O)[C@]12C	ok
CHEMBL4112929	MILVEXIAN	3		Small molecule	0	0	0	0	0			0		C[C@@H]1CCC[C@H](n2cnc(-c3cc(Cl)ccc3-n3cc(Cl)nn3)cc2=O)c2cc(ccn2)-c2c(cnn2C(F)F)NC1=O			5.8	10	1	125.41	4			43	5	C[C@@H]1CCC[C@H](n2cnc(-c3cc(Cl)ccc3-n3cc(Cl)nn3)cc2=O)c2cc(ccn2)-c2c(cnn2C(F)F)NC1=O	ok
CHEMBL4112930	PAMIPARIB	3		Small molecule	0	0	0	0	0			0		C[C@]12CCCN1CC1=NNC(=O)c3cc(F)cc4[nH]c2c1c34			2.08	3	2	60.49	0			22	2	C[C@]12CCCN1CC1=NNC(=O)c3cc(F)cc4[nH]c2c1c34	ok
CHEMBL4113131	ENSARTINIB	4	2024	Small molecule	1	0	0	0	0			0		C[C@@H]1CN(C(=O)c2ccc(NC(=O)c3cc(O[C@H](C)c4c(Cl)ccc(F)c4Cl)c(N)nn3)cc2)C[C@H](C)N1			4.72	7	3	122.47	6			38	3	C[C@@H]1CN(C(=O)c2ccc(NC(=O)c3cc(O[C@H](C)c4c(Cl)ccc(F)c4Cl)c(N)nn3)cc2)C[C@H](C)N1	ok
CHEMBL4113975	BAXDROSTAT	3		Small molecule	0	0	0	0	0			0		CCC(=O)N[C@@H]1CCCc2c(-c3ccc4c(c3)CCC(=O)N4C)cncc21			3.56	3	1	62.3	3			27	2	CCC(=O)N[C@@H]1CCCc2c(-c3ccc4c(c3)CCC(=O)N4C)cncc21	ok
CHEMBL4117187	MASUPIRDINE	3		Small molecule	0	0	0	1	0			0		COc1ccc2c(c1)c(CN1CCN(C)CC1)cn2S(=O)(=O)c1ccccc1Br			3.4	6	0	54.78	5			29	3	COc1ccc2c(c1)c(CN1CCN(C)CC1)cn2S(=O)(=O)c1ccccc1Br	ok
CHEMBL41286	DIACEREIN	3		Small molecule	0	0	0	1	0			0		CC(=O)Oc1cccc2c1C(=O)c1c(OC(C)=O)cc(C(=O)O)cc1C2=O			2.01	7	1	124.04	3			27	2	CC(=O)Oc1cccc2c1C(=O)c1c(OC(C)=O)cc(C(=O)O)cc1C2=O	ok
CHEMBL413	SIROLIMUS	4	1999	Small molecule	1	1	1	1	0			0		CO[C@H]1C[C@@H]2CC[C@@H](C)[C@@](O)(O2)C(=O)C(=O)N2CCCC[C@H]2C(=O)O[C@H]([C@H](C)C[C@@H]2CC[C@@H](O)[C@H](OC)C2)CC(=O)[C@H](C)/C=C(\C)[C@@H](O)[C@@H](OC)C(=O)[C@H](C)C[C@H](C)/C=C/C=C/C=C/1C			6.18	13	3	195.43	6			65	0	CO[C@H]1C[C@@H]2CC[C@@H](C)[C@@](O)(O2)C(=O)C(=O)N2CCCC[C@H]2C(=O)O[C@H]([C@H](C)C[C@@H]2CC[C@@H](O)[C@H](OC)C2)CC(=O)[C@H](C)/C=C(\C)[C@@H](O)[C@@H](OC)C(=O)[C@H](C)C[C@H](C)/C=C/C=C/C=C/1C	ok
CHEMBL413376	SURAMIN HEXASODIUM	3		Small molecule	0	0	0	0	0			0		Cc1ccc(C(=O)Nc2ccc(S(=O)(=O)[O-])c3cc(S(=O)(=O)[O-])cc(S(=O)(=O)[O-])c23)cc1NC(=O)c1cccc(NC(=O)Nc2cccc(C(=O)Nc3cc(C(=O)Nc4ccc(S(=O)(=O)[O-])c5cc(S(=O)(=O)[O-])cc(S(=O)(=O)[O-])c45)ccc3C)c2)c1.[Na+].[Na+].[Na+].[Na+].[Na+].[Na+]												Cc1ccc(C(=O)Nc2ccc(S(=O)(=O)[O-])c3cc(S(=O)(=O)[O-])cc(S(=O)(=O)[O-])c23)cc1NC(=O)c1cccc(NC(=O)Nc2cccc(C(=O)Nc3cc(C(=O)Nc4ccc(S(=O)(=O)[O-])c5cc(S(=O)(=O)[O-])cc(S(=O)(=O)[O-])c45)ccc3C)c2)c1	ok
CHEMBL41355	EZOGABINE	4	2011	Small molecule	1	0	0	0	0			0		CCOC(=O)Nc1ccc(NCc2ccc(F)cc2)cc1N			3.59	4	3	76.38	5			22	2	CCOC(=O)Nc1ccc(NCc2ccc(F)cc2)cc1N	ok
CHEMBL413965	FELBINAC	4		Small molecule	0	0	0	1	0			0		O=C(O)Cc1ccc(-c2ccccc2)cc1			2.98	1	1	37.3	3			16	2	O=C(O)Cc1ccc(-c2ccccc2)cc1	ok
CHEMBL414157	TONAPOFYLLINE	3		Small molecule	0	0	0	1	0			0		CCCn1c(=O)c2[nH]c(C34CCC(CCC(=O)O)(CC3)CC4)nc2n(CCC)c1=O			3.16	6	2	109.98	8			30	2	CCCn1c(=O)c2[nH]c(C34CCC(CCC(=O)O)(CC3)CC4)nc2n(CCC)c1=O	ok
CHEMBL415	CLOMIPRAMINE	4	1989	Small molecule	1	0	0	1	0			1		CN(C)CCCN1c2ccccc2CCc2ccc(Cl)cc21			4.53	2	0	6.48	4			22	2	CN(C)CCCN1c2ccccc2CCc2ccc(Cl)cc21	ok
CHEMBL415049	BARASERTIB	3		Small molecule	0	0	0	0	1			0		CCN(CCCOc1ccc2c(Nc3cc(CC(=O)Nc4cccc(F)c4)[nH]n3)ncnc2c1)CCOP(=O)(O)O			3.62	9	5	174.82	15			41	4	CCN(CCCOc1ccc2c(Nc3cc(CC(=O)Nc4cccc(F)c4)[nH]n3)ncnc2c1)CCOP(=O)(O)O	ok
CHEMBL415324	TRANILAST	3		Small molecule	0	0	0	1	0			0		COc1ccc(/C=C/C(=O)Nc2ccccc2C(=O)O)cc1OC			3.05	4	2	84.86	6			24	2	COc1ccc(/C=C/C(=O)Nc2ccccc2C(=O)O)cc1OC	ok
CHEMBL416	METHOXSALEN	4	1954	Small molecule	1	1	1	1	0			0		COc1c2occc2cc2ccc(=O)oc12			2.55	4	0	52.58	1			16	3	COc1c2occc2cc2ccc(=O)oc12	ok
CHEMBL416146	ETORICOXIB	4		Small molecule	1	0	0	1	0			0		Cc1ccc(-c2ncc(Cl)cc2-c2ccc(S(C)(=O)=O)cc2)cn1			4.18	4	0	59.92	3			24	3	Cc1ccc(-c2ncc(Cl)cc2-c2ccc(S(C)(=O)=O)cc2)cn1	ok
CHEMBL41632	TIRATRICOL	3		Small molecule	0	0	0	1	0			0		O=C(O)Cc1cc(I)c(Oc2ccc(O)c(I)c2)c(I)c1			4.63	3	2	66.76	4			21	2	O=C(O)Cc1cc(I)c(Oc2ccc(O)c(I)c2)c(I)c1	ok
CHEMBL416956	MEFLOQUINE	4	1989	Small molecule	1	0	0	0	0			0		OC(c1cc(C(F)(F)F)nc2c(C(F)(F)F)cccc12)C1CCCCN1			4.45	3	2	45.15	2			26	2	OC(c1cc(C(F)(F)F)nc2c(C(F)(F)F)cccc12)C1CCCCN1	RISK
CHEMBL417	EPIRUBICIN	4	1999	Small molecule	0	1	0	1	0			0		COc1cccc2c1C(=O)c1c(O)c3c(c(O)c1C2=O)C[C@@](O)(C(=O)CO)C[C@@H]3O[C@H]1C[C@H](N)[C@@H](O)[C@H](C)O1			0	12	6	206.07	5			39	2	COc1cccc2c1C(=O)c1c(O)c3c(c(O)c1C2=O)C[C@@](O)(C(=O)CO)C[C@@H]3O[C@H]1C[C@H](N)[C@@H](O)[C@H](C)O1	ok
CHEMBL4173394	BRILLIANT BLUE G	4	2019	Small molecule	0	0	1	0	0			0		CCOc1ccc(Nc2ccc(/C(=C3/C=C/C(=[N+](/CC)Cc4cccc(S(=O)(=O)[O-])c4)C=C3C)c3ccc(N(CC)Cc4cccc(S(=O)(=O)[O-])c4)cc3C)cc2)cc1.[Na+]			9.31	8	2	139.08	15			59	5	CCOc1ccc(Nc2ccc(/C(=C3/C=C/C(=[N+](/CC)Cc4cccc(S(=O)(=O)[O-])c4)C=C3C)c3ccc(N(CC)Cc4cccc(S(=O)(=O)[O-])c4)cc3C)cc2)cc1	ok
CHEMBL417675	PALMIDROL	3		Small molecule	0	0	0	1	0			0		CCCCCCCCCCCCCCCC(=O)NCCO			4.58	2	2	49.33	16			21	0	CCCCCCCCCCCCCCCC(=O)NCCO	ok
CHEMBL418995	AMINEPTINE	4		Small molecule	0	0	0	0	0			0		O=C(O)CCCCCCNC1c2ccccc2CCc2ccccc21			4.5	2	2	49.33	8			25	2	O=C(O)CCCCCCNC1c2ccccc2CCc2ccccc21	ok
CHEMBL419	MAFENIDE	4	1969	Small molecule	0	0	1	1	0			0		NCc1ccc(S(N)(=O)=O)cc1			-0.21	3	2	86.18	2			12	1	NCc1ccc(S(N)(=O)=O)cc1	ok
CHEMBL419792	SUMANIROLE	3		Small molecule	0	0	0	1	0			0		CN[C@@H]1Cc2cccc3[nH]c(=O)n(c23)C1			0.47	3	2	49.82	1			15	2	CN[C@@H]1Cc2cccc3[nH]c(=O)n(c23)C1	ok
CHEMBL42	CLOZAPINE	4	1989	Small molecule	1	0	0	1	0			0		CN1CCN(C2=Nc3cc(Cl)ccc3Nc3ccccc32)CC1			3.72	4	1	30.87	0			23	2	CN1CCN(C2=Nc3cc(Cl)ccc3Nc3ccccc32)CC1	RISK
CHEMBL420	GUANABENZ	4	1982	Small molecule	1	0	0	1	0			0		N=C(N)N/N=C/c1c(Cl)cccc1Cl			1.81	2	3	74.26	2			14	1	N=C(N)N/N=C/c1c(Cl)cccc1Cl	ok
CHEMBL4204794	AVAPRITINIB	4	2020	Small molecule	1	0	0	0	0			0		Cn1cc(-c2cc3c(N4CCN(c5ncc([C@@](C)(N)c6ccc(F)cc6)cn5)CC4)ncnn3c2)cn1			2.61	10	1	106.29	5			37	5	Cn1cc(-c2cc3c(N4CCN(c5ncc([C@@](C)(N)c6ccc(F)cc6)cn5)CC4)ncnn3c2)cn1	ok
CHEMBL4204869	ELENBECESTAT	3		Small molecule	0	0	0	0	0			0		C[C@H]1OC[C@]2(c3cc(NC(=O)c4cnc(C(F)F)cn4)ccc3F)N=C(N)SC[C@H]12			3.1	7	2	102.49	4			30	2	C[C@H]1OC[C@]2(c3cc(NC(=O)c4cnc(C(F)F)cn4)ccc3F)N=C(N)SC[C@H]12	ok
CHEMBL420762	MOZAVAPTAN	4	2006	Small molecule	1	0	0	0	0			0		Cc1ccccc1C(=O)Nc1ccc(C(=O)N2CCCC(N(C)C)c3ccccc32)cc1			5.29	3	1	52.65	4			32	3	Cc1ccccc1C(=O)Nc1ccc(C(=O)N2CCCC(N(C)C)c3ccccc32)cc1	ok
CHEMBL4208229	ASCIMINIB	4	2021	Small molecule	1	0	0	0	0			0		O=C(Nc1ccc(OC(F)(F)Cl)cc1)c1cnc(N2CC[C@@H](O)C2)c(-c2cc[nH]n2)c1			3.46	6	3	103.37	6			31	3	O=C(Nc1ccc(OC(F)(F)Cl)cc1)c1cnc(N2CC[C@@H](O)C2)c(-c2cc[nH]n2)c1	ok
CHEMBL421	SULFASALAZINE	4	1950	Small molecule	1	0	0	1	0			0		O=C(O)c1cc(/N=N/c2ccc(S(=O)(=O)Nc3ccccn3)cc2)ccc1O			3.7	7	3	141.31	6			28	3	O=C(O)c1cc(/N=N/c2ccc(S(=O)(=O)Nc3ccccn3)cc2)ccc1O	ok
CHEMBL4216467	RIPRETINIB	4	2020	Small molecule	1	0	0	0	0			0		CCn1c(=O)c(-c2cc(NC(=O)Nc3ccccc3)c(F)cc2Br)cc2cnc(NC)cc21			5.67	5	3	88.05	5			33	4	CCn1c(=O)c(-c2cc(NC(=O)Nc3ccccc3)c(F)cc2Br)cc2cnc(NC)cc21	ok
CHEMBL421701	DITHIAZANINE IODIDE	4		Small molecule	0	0	0	0	0			0		CCN1/C(=C/C=C/C=C/c2sc3ccccc3[n+]2CC)Sc2ccccc21.[I-]			6.25	3	0	7.12	5			27	3	CCN1/C(=C/C=C/C=C/c2sc3ccccc3[n+]2CC)Sc2ccccc21	ok
CHEMBL422	TRIFLUOPERAZINE	4	1959	Small molecule	1	1	0	0	0			0		CN1CCN(CCCN2c3ccccc3Sc3ccc(C(F)(F)F)cc32)CC1			4.95	4	0	9.72	4			28	2	CN1CCN(CCCN2c3ccccc3Sc3ccc(C(F)(F)F)cc32)CC1	RISK
CHEMBL422648	PRULIFLOXACIN	3		Small molecule	0	0	0	0	1			0		Cc1oc(=O)oc1CN1CCN(c2cc3c(cc2F)c(=O)c(C(=O)O)c2n3C(C)S2)CC1			2.64	9	1	109.13	4			32	3	Cc1oc(=O)oc1CN1CCN(c2cc3c(cc2F)c(=O)c(C(=O)O)c2n3C(C)S2)CC1	ok
CHEMBL4227736	TOLUDESVENLAFAXINE	3		Small molecule	0	0	0	0	0			0		Cc1ccc(C(=O)Oc2ccc(C(CN(C)C)C3(O)CCCCC3)cc2)cc1			4.55	4	1	49.77	6			28	2	Cc1ccc(C(=O)Oc2ccc(C(CN(C)C)C3(O)CCCCC3)cc2)cc1	ok
CHEMBL423	BETAXOLOL	4	1985	Small molecule	1	0	1	1	0			0		CC(C)NCC(O)COc1ccc(CCOCC2CC2)cc1			2.39	4	2	50.72	11			22	1	CC(C)NCC(O)COc1ccc(CCOCC2CC2)cc1	ok
CHEMBL42336	METHIONINE	3		Small molecule	0	0	0	1	0			0		CSCC[C@H](N)C(=O)O			0.15	3	2	63.32	4			9	0	CSCC[C@H](N)C(=O)O	ok
CHEMBL424	SALICYLIC ACID	4		Small molecule	0	0	0	1	0			0		O=C(O)c1ccccc1O			1.09	2	2	57.53	1			10	1	O=C(O)c1ccccc1O	ok
CHEMBL425	OLSALAZINE	4	1990	Small molecule	1	0	0	1	1			0		O=C(O)c1cc(/N=N/c2ccc(O)c(C(=O)O)c2)ccc1O			2.91	6	4	139.78	4			22	2	O=C(O)c1cc(/N=N/c2ccc(O)c(C(=O)O)c2)ccc1O	ok
CHEMBL4250860	DANICOPAN	4	2024	Small molecule	1	0	0	0	0			0		CC(=O)c1nn(CC(=O)N2C[C@H](F)C[C@H]2C(=O)Nc2cccc(Br)n2)c2ccc(-c3cnc(C)nc3)cc12			3.74	8	1	122.97	6			38	4	CC(=O)c1nn(CC(=O)N2C[C@H](F)C[C@H]2C(=O)Nc2cccc(Br)n2)c2ccc(-c3cnc(C)nc3)cc12	ok
CHEMBL426084	SAMIDORPHAN	4	2021	Small molecule	1	0	0	1	0			0		NC(=O)c1ccc2c(c1O)[C@]13CCN(CC4CC4)[C@H](C2)[C@]1(O)CCC(=O)C3			1.25	5	3	103.86	3			27	1	NC(=O)c1ccc2c(c1O)[C@]13CCN(CC4CC4)[C@H](C2)[C@]1(O)CCC(=O)C3	ok
CHEMBL426559	LAROPIPRANT	4		Small molecule	0	0	0	0	0			0		CS(=O)(=O)c1cc(F)cc2c3c(n(Cc4ccc(Cl)cc4)c12)[C@@H](CC(=O)O)CC3			4.39	4	1	76.37	5			29	3	CS(=O)(=O)c1cc(F)cc2c3c(n(Cc4ccc(Cl)cc4)c12)[C@@H](CC(=O)O)CC3	ok
CHEMBL427	MECHLORETHAMINE	4	1949	Small molecule	0	1	1	1	0			0		CN(CCCl)CCCl			1.4	1	0	3.24	4			8	0	CN(CCCl)CCCl	ok
CHEMBL427216	GLICLAZIDE	4		Small molecule	0	0	0	1	0			0		Cc1ccc(S(=O)(=O)NC(=O)NN2CC3CCCC3C2)cc1			1.63	4	2	78.51	3			22	1	Cc1ccc(S(=O)(=O)NC(=O)NN2CC3CCCC3C2)cc1	ok
CHEMBL4279047	VORASIDENIB	4	2024	Small molecule	1	0	0	0	0			0		C[C@@H](Nc1nc(N[C@H](C)C(F)(F)F)nc(-c2cccc(Cl)n2)n1)C(F)(F)F			4.31	6	2	75.62	5			27	2	C[C@@H](Nc1nc(N[C@H](C)C(F)(F)F)nc(-c2cccc(Cl)n2)n1)C(F)(F)F	ok
CHEMBL4279455	LAROTAXEL	3		Small molecule	0	0	0	1	0			0		CC(=O)O[C@H]1C(=O)[C@]23C[C@H]2C[C@H]2OC[C@@]2(OC(C)=O)[C@H]3[C@H](OC(=O)c2ccccc2)[C@]2(O)C[C@H](OC(=O)[C@H](O)[C@@H](NC(=O)OC(C)(C)C)c3ccccc3)C(C)=C1C2(C)C			4.47	14	3	210.29	9			60	2	CC(=O)O[C@H]1C(=O)[C@]23C[C@H]2C[C@H]2OC[C@@]2(OC(C)=O)[C@H]3[C@H](OC(=O)c2ccccc2)[C@]2(O)C[C@H](OC(=O)[C@H](O)[C@@H](NC(=O)OC(C)(C)C)c3ccccc3)C(C)=C1C2(C)C	ok
CHEMBL428	TROVAFLOXACIN	4	1997	Small molecule	1	0	0	0	0			0		N[C@@H]1[C@H]2CN(c3nc4c(cc3F)c(=O)c(C(=O)O)cn4-c3ccc(F)cc3F)C[C@@H]12			1.89	6	2	101.45	3			30	3	N[C@@H]1[C@H]2CN(c3nc4c(cc3F)c(=O)c(C(=O)O)cn4-c3ccc(F)cc3F)C[C@@H]12	ok
CHEMBL4285417	CERALASERTIB	3		Small molecule	0	0	0	0	0			0		C[C@@H]1COCCN1c1cc(C2([S@](C)(=N)=O)CC2)nc(-c2cc[nH]c3nccc2-3)n1			2.86	7	2	107.85	4			29	1	C[C@@H]1COCCN1c1cc(C2([S@](C)(=N)=O)CC2)nc(-c2cc[nH]c3nccc2-3)n1	ok
CHEMBL428647	PACLITAXEL	4	1992	Small molecule	0	1	0	1	0			0		CC(=O)O[C@H]1C(=O)[C@@]2(C)[C@H]([C@H](OC(=O)c3ccccc3)[C@]3(O)C[C@H](OC(=O)[C@H](O)[C@@H](NC(=O)c4ccccc4)c4ccccc4)C(C)=C1C3(C)C)[C@]1(OC(C)=O)CO[C@@H]1C[C@@H]2O			3.74	14	4	221.29	10			62	3	CC(=O)O[C@H]1C(=O)[C@@]2(C)[C@H]([C@H](OC(=O)c3ccccc3)[C@]3(O)C[C@H](OC(=O)[C@H](O)[C@@H](NC(=O)c4ccccc4)c4ccccc4)C(C)=C1C3(C)C)[C@]1(OC(C)=O)CO[C@@H]1C[C@@H]2O	ok
CHEMBL428676	AMONAFIDE	3		Small molecule	0	0	0	1	0			0		CN(C)CCN1C(=O)c2cccc3cc(N)cc(c23)C1=O			1.58	4	1	66.64	3			21	2	CN(C)CCN1C(=O)c2cccc3cc(N)cc(c23)C1=O	ok
CHEMBL428690	ALVOCIDIB	3		Small molecule	0	0	0	1	0			0		CN1CC[C@H](c2c(O)cc(O)c3c(=O)cc(-c4ccccc4Cl)oc23)[C@H](O)C1			3.3	6	3	94.14	2			28	3	CN1CC[C@H](c2c(O)cc(O)c3c(=O)cc(-c4ccccc4Cl)oc23)[C@H](O)C1	ok
CHEMBL428880	CROMOLYN	4	1982	Small molecule	1	0	1	1	0			0		O=C(O)c1cc(=O)c2c(OCC(O)COc3cccc4oc(C(=O)O)cc(=O)c34)cccc2o1			2.11	9	3	173.71	8			34	4	O=C(O)c1cc(=O)c2c(OCC(O)COc3cccc4oc(C(=O)O)cc(=O)c34)cccc2o1	ok
CHEMBL4288984	WITHANOLIDE D	3		Small molecule	0	0	0	1	0			0		CC1=C(C)C(=O)O[C@@H]([C@](C)(O)[C@H]2CC[C@H]3[C@@H]4C[C@H]5O[C@]56[C@@H](O)C=CC(=O)[C@]6(C)[C@H]4CC[C@]23C)C1			3.5	6	2	96.36	2			34	0	CC1=C(C)C(=O)O[C@@H]([C@](C)(O)[C@H]2CC[C@H]3[C@@H]4C[C@H]5O[C@]56[C@@H](O)C=CC(=O)[C@]6(C)[C@H]4CC[C@]23C)C1	ok
CHEMBL429	LABETALOL	4	1984	Small molecule	1	1	0	1	0			0		CC(CCc1ccccc1)NCC(O)c1ccc(O)c(C(N)=O)c1			2.14	4	4	95.58	8			24	2	CC(CCc1ccccc1)NCC(O)c1ccc(O)c(C(N)=O)c1	ok
CHEMBL4292264	MILADEMETAN	3		Small molecule	0	0	0	0	0			0		CC1(C)CCC2(CC1)N[C@@H](C(=O)N[C@@H]1CC[C@@H](C(N)=O)OC1)[C@H](c1ccnc(Cl)c1F)[C@]21C(=O)Nc2cc(Cl)ccc21			3.96	6	4	135.44	4			42	2	CC1(C)CCC2(CC1)N[C@@H](C(=O)N[C@@H]1CC[C@@H](C(N)=O)OC1)[C@H](c1ccnc(Cl)c1F)[C@]21C(=O)Nc2cc(Cl)ccc21	ok
CHEMBL4296719	DUTOGLIPTIN	3		Small molecule	0	0	0	1	0			0		O=C(CN[C@@H]1CCNC1)N1CCC[C@H]1B(O)O												O=C(CN[C@@H]1CCNC1)N1CCC[C@H]1B(O)O	ok
CHEMBL4297065	SPINOSAD	4	2011	Small molecule	0	0	1	1	0			1		CC[C@H]1CCC[C@H](O[C@H]2CC[C@H](N(C)C)[C@@H](C)O2)[C@@H](C)C(=O)C2=C[C@@H]3[C@@H](C=C(C)[C@@H]4C[C@@H](O[C@@H]5O[C@@H](C)[C@H](OC)[C@@H](OC)[C@H]5OC)C[C@@H]34)[C@@H]2CC(=O)O1.CC[C@H]1CCC[C@H](O[C@H]2CC[C@H](N(C)C)[C@@H](C)O2)[C@@H](C)C(=O)C2=C[C@H]3[C@@H]4C[C@H](O[C@@H]5O[C@@H](C)[C@H](OC)[C@@H](OC)[C@H]5OC)C[C@H]4C=C[C@H]3C2CC(=O)O1												CC[C@H]1CCC[C@H](O[C@H]2CC[C@H](N(C)C)[C@@H](C)O2)[C@@H](C)C(=O)C2=C[C@@H]3[C@@H](C=C(C)[C@@H]4C[C@@H](O[C@@H]5O[C@@H](C)[C@H](OC)[C@@H](OC)[C@H]5OC)C[C@@H]34)[C@@H]2CC(=O)O1	ok
CHEMBL4297101	CEFTOBIPROLE MEDOCARIL SODIUM	4	2024	Small molecule	0	1	0	0	1			0		Cc1oc(=O)oc1COC(=O)N1CC[C@@H](N2CC/C(=C\C3=C(C(=O)[O-])N4C(=O)[C@@H](NC(=O)/C(=N/O)c5nsc(N)n5)[C@H]4SC3)C2=O)C1.[Na+]			-0.54	16	4	264.3	8			47	2	Cc1oc(=O)oc1COC(=O)N1CC[C@@H](N2CC/C(=C\C3=C(C(=O)[O-])N4C(=O)[C@@H](NC(=O)/C(=N/O)c5nsc(N)n5)[C@H]4SC3)C2=O)C1	ok
CHEMBL4297183	BALOVAPTAN	3		Small molecule	0	0	0	0	0			0		CN1Cc2cc(Cl)ccc2-n2c(nnc2[C@H]2CC[C@H](Oc3ccccn3)CC2)C1			4.37	6	0	56.07	3			29	3	CN1Cc2cc(Cl)ccc2-n2c(nnc2[C@H]2CC[C@H](Oc3ccccn3)CC2)C1	ok
CHEMBL4297185	DAROLUTAMIDE	4	2019	Small molecule	1	0	0	1	0			0		CC(O)c1cc(C(=O)N[C@@H](C)Cn2ccc(-c3ccc(C#N)c(Cl)c3)n2)n[nH]1			2.67	6	3	119.62	6			28	3	CC(O)c1cc(C(=O)N[C@@H](C)Cn2ccc(-c3ccc(C#N)c(Cl)c3)n2)n[nH]1	ok
CHEMBL4297190	SURUFATINIB	3		Small molecule	0	0	0	0	0			0		Cc1cc2cc(Oc3ccnc(Nc4cccc(CS(=O)(=O)NCCN(C)C)c4)n3)ccc2[nH]1			3.78	7	3	112.24	10			34	4	Cc1cc2cc(Oc3ccnc(Nc4cccc(CS(=O)(=O)NCCN(C)C)c4)n3)ccc2[nH]1	ok
CHEMBL4297210	REPROXALAP	3		Small molecule	0	0	0	0	0			0		CC(C)(O)c1nc2ccc(Cl)cc2cc1N			2.7	3	2	59.14	1			16	2	CC(C)(O)c1nc2ccc(Cl)cc2cc1N	ok
CHEMBL4297211	CEFIDEROCOL SULFATE TOSYLATE	4	2019	Small molecule	0	1	0	0	0			0		CC(C)(O/N=C(\C(=O)N[C@@H]1C(=O)N2C(C(=O)O)=C(C[N+]3(CCNC(=O)c4ccc(O)c(O)c4Cl)CCCC3)CS[C@H]12)c1csc(N)n1)C(=O)O.CC(C)(O/N=C(\C(=O)N[C@@H]1C(=O)N2C(C(=O)O)=C(C[N+]3(CCNC(=O)c4ccc(O)c(O)c4Cl)CCCC3)CS[C@H]12)c1csc(N)n1)C(=O)O.CC(C)(O/N=C(\C(=O)N[C@@H]1C(=O)N2C(C(=O)O)=C(C[N+]3(CCNC(=O)c4ccc(O)c(O)c4Cl)CCCC3)CS[C@H]12)c1csc(N)n1)C(=O)O.Cc1ccc(S(=O)(=O)O)cc1.Cc1ccc(S(=O)(=O)O)cc1.Cc1ccc(S(=O)(=O)O)cc1.Cc1ccc(S(=O)(=O)[O-])cc1.O.O=S(=O)([O-])[O-]			-0.18	14	6	256.9	13			50	2	CC(C)(O/N=C(\C(=O)N[C@@H]1C(=O)N2C(C(=O)O)=C(C[N+]3(CCNC(=O)c4ccc(O)c(O)c4Cl)CCCC3)CS[C@H]12)c1csc(N)n1)C(=O)O	ok
CHEMBL4297224	BLARCAMESINE	3		Small molecule	0	0	0	0	0			0		CN(C)CC1CCOC1(c1ccccc1)c1ccccc1			3.53	2	0	12.47	4			21	2	CN(C)CC1CCOC1(c1ccccc1)c1ccccc1	ok
CHEMBL4297258	FIRMONERTINIB	3		Small molecule	0	0	0	0	0			0		C=CC(=O)Nc1cc(Nc2nccc(-c3cn(C)c4ccccc34)n2)c(OCC(F)(F)F)nc1N(C)CCN(C)C			4.84	9	2	100.44	11			41	4	C=CC(=O)Nc1cc(Nc2nccc(-c3cn(C)c4ccccc34)n2)c(OCC(F)(F)F)nc1N(C)CCN(C)C	ok
CHEMBL4297262	ICOMIDOCHOLIC ACID	3		Small molecule	0	0	0	1	0			0		CCCCCCCCCCCCCCCCCCCC(=O)N[C@H]1CC[C@@]2(C)[C@@H](C1)C[C@@H](O)[C@@H]1[C@@H]2C[C@H](O)[C@]2(C)[C@@H]([C@H](C)CCC(=O)O)CC[C@@H]12			10.61	4	4	106.86	23			50	0	CCCCCCCCCCCCCCCCCCCC(=O)N[C@H]1CC[C@@]2(C)[C@@H](C1)C[C@@H](O)[C@@H]1[C@@H]2C[C@H](O)[C@]2(C)[C@@H]([C@H](C)CCC(=O)O)CC[C@@H]12	ok
CHEMBL4297264	BENZODIAZEPINE	3		Small molecule	0	0	0	1	0			0		C1=Cc2ccccc2NN=C1			2.11	2	1	24.39	0			11	1	C1=Cc2ccccc2NN=C1	ok
CHEMBL4297288	HYDRONIDONE	3		Small molecule	0	0	0	0	0			0		Cc1ccc(=O)n(-c2ccc(O)cc2)c1			1.85	3	1	42.23	1			15	2	Cc1ccc(=O)n(-c2ccc(O)cc2)c1	ok
CHEMBL4297289	BOMEDEMSTAT	3		Small molecule	0	0	0	0	0			0		CN1CCN(C(=O)[C@H](CCCN[C@@H]2C[C@H]2c2ccc(F)cc2)NC(=O)c2ccc(-n3ccnn3)cc2)CC1			2.2	7	2	95.39	10			38	3	CN1CCN(C(=O)[C@H](CCCN[C@@H]2C[C@H]2c2ccc(F)cc2)NC(=O)c2ccc(-n3ccnn3)cc2)CC1	ok
CHEMBL4297291	INGAVIRIN	3		Small molecule	0	0	0	1	0			0		O=C(O)CCCC(=O)NCCc1c[nH]cn1			0.32	3	3	95.08	7			16	1	O=C(O)CCCC(=O)NCCc1c[nH]cn1	ok
CHEMBL4297305	NB-001	3		Small molecule	0	0	0	1	0			0		Nc1ncnc2c1ncn2CCNCCCCCO			0.16	7	3	101.88	8			19	2	Nc1ncnc2c1ncn2CCNCCCCCO	ok
CHEMBL4297310	DORDAVIPRONE	3		Small molecule	0	0	0	0	0			0		Cc1ccccc1CN1C(=O)C2=C(CCN(Cc3ccccc3)C2)N2CCN=C12			3.17	4	0	39.15	4			29	2	Cc1ccccc1CN1C(=O)C2=C(CCN(Cc3ccccc3)C2)N2CCN=C12	RISK
CHEMBL4297334	PIFLUFOLASTAT F18	4	2021	Small molecule	0	1	0	0	0			0		O=C(O)CC[C@H](NC(=O)N[C@@H](CCCCNC(=O)c1ccc([18F])nc1)C(=O)O)C(=O)O			0.19	6	6	195.02	13			31	1	O=C(O)CC[C@H](NC(=O)N[C@@H](CCCCNC(=O)c1ccc([18F])nc1)C(=O)O)C(=O)O	ok
CHEMBL4297344	OBEFAZIMOD	3		Small molecule	0	0	0	0	0			0		FC(F)(F)Oc1ccc(Nc2ccc3cccc(Cl)c3n2)cc1			5.53	3	1	34.15	3			23	3	FC(F)(F)Oc1ccc(Nc2ccc3cccc(Cl)c3n2)cc1	ok
CHEMBL4297349	ASPARTYL-ALANYL-DIKETOPIPERAZINE	3		Small molecule	0	0	0	0	0			0		C[C@@H]1NC(=O)[C@H](CC(=O)O)NC1=O			-1.54	3	3	95.5	2			13	0	C[C@@H]1NC(=O)[C@H](CC(=O)O)NC1=O	ok
CHEMBL429736	RETOSIBAN	3		Small molecule	0	0	0	1	0			0		CC[C@H](C)[C@@H]1C(=O)N[C@H](C2Cc3ccccc3C2)C(=O)N1[C@@H](C(=O)N1CCOCC1)c1coc(C)n1			2.04	6	1	104.98	6			36	2	CC[C@H](C)[C@@H]1C(=O)N[C@H](C2Cc3ccccc3C2)C(=O)N1[C@@H](C(=O)N1CCOCC1)c1coc(C)n1	ok
CHEMBL4297364	OXITROPIUM	3		Small molecule	0	0	0	1	0			0		CC[N+]1(C)[C@@H]2CC(OC(=O)[C@H](CO)c3ccccc3)C[C@H]1[C@@H]1O[C@@H]12			1.45	4	1	59.06	5			24	1	CC[N+]1(C)[C@@H]2CC(OC(=O)[C@H](CO)c3ccccc3)C[C@H]1[C@@H]1O[C@@H]12	ok
CHEMBL4297378	DURLOBACTAM SODIUM	4	2023	Small molecule	0	1	0	0	0			0		CC1=C[C@@H]2CN(C(=O)N2OS(=O)(=O)[O-])[C@@H]1C(N)=O.[Na+]			-1.36	5	2	130.24	3			18	0	CC1=C[C@@H]2CN(C(=O)N2OS(=O)(=O)[O-])[C@@H]1C(N)=O	ok
CHEMBL4297389	HYZETIMIBE	3		Small molecule	0	0	0	0	0			0		O=C1[C@H](C/C=C(\CO)c2ccc(F)cc2)[C@@H](c2ccc(O)cc2)N1c1ccc(F)cc1			4.84	3	2	60.77	6			31	3	O=C1[C@H](C/C=C(\CO)c2ccc(F)cc2)[C@@H](c2ccc(O)cc2)N1c1ccc(F)cc1	ok
CHEMBL4297404	MK-0767	3		Small molecule	0	0	0	0	0			0		COc1ccc(CC2OC(=O)NC2=O)cc1C(=O)NCc1ccc(C(F)(F)F)cc1			2.82	5	2	93.73	6			30	2	COc1ccc(CC2OC(=O)NC2=O)cc1C(=O)NCc1ccc(C(F)(F)F)cc1	ok
CHEMBL4297407	ALTROPANE I-123	3		Small molecule	0	0	0	0	0			0		COC(=O)[C@H]1[C@@H](c2ccc(F)cc2)C[C@@H]2CC[C@H]1N2C/C=C/[123I]			3.88	3	0	29.54	4			23	1	COC(=O)[C@H]1[C@@H](c2ccc(F)cc2)C[C@@H]2CC[C@H]1N2C/C=C/[123I]	ok
CHEMBL4297409	BIPHENYL DIMETHYL DICARBOXYLATE	3		Small molecule	0	0	0	1	0			0		COC(=O)c1ccc(-c2ccc(C(=O)OC)cc2)cc1			2.93	4	0	52.6	3			20	2	COC(=O)c1ccc(-c2ccc(C(=O)OC)cc2)cc1	ok
CHEMBL4297412	PAFOLACIANINE	4	2021	Small molecule	0	1	0	0	0			0		CC1(C)C(/C=C/C2=C(Oc3ccc(C[C@H](NC(=O)c4ccc(NCc5cnc6nc(N)[nH]c(=O)c6n5)cc4)C(=O)[O-])cc3)/C(=C/C=C3\N(CCCCS(=O)(=O)[O-])c4ccc(S(=O)(=O)[O-])cc4C3(C)C)CCC2)=[N+](CCCCS(=O)(=O)[O-])c2ccc(S(=O)(=O)[O-])cc21.[H+].[H+].[H+].[H+]												CC1(C)C(/C=C/C2=C(Oc3ccc(C[C@H](NC(=O)c4ccc(NCc5cnc6nc(N)[nH]c(=O)c6n5)cc4)C(=O)[O-])cc3)/C(=C/C=C3\N(CCCCS(=O)(=O)[O-])c4ccc(S(=O)(=O)[O-])cc4C3(C)C)CCC2)=[N+](CCCCS(=O)(=O)[O-])c2ccc(S(=O)(=O)[O-])cc21	ok
CHEMBL4297417	BUNTANETAP	3		Small molecule	0	0	0	1	0			0		CN1CC[C@]2(C)c3cc(OC(=O)Nc4ccccc4)ccc3N(C)[C@H]12			3.67	4	1	44.81	2			25	2	CN1CC[C@]2(C)c3cc(OC(=O)Nc4ccccc4)ccc3N(C)[C@H]12	ok
CHEMBL4297431	HENAGLIFLOZIN	3		Small molecule	0	0	0	0	0			0		CCOc1ccc(Cc2cc([C@@]34OC[C@@](CO)(O3)[C@@H](O)[C@H](O)[C@H]4O)ccc2Cl)cc1F			1.5	7	4	108.61	6			31	2	CCOc1ccc(Cc2cc([C@@]34OC[C@@](CO)(O3)[C@@H](O)[C@H](O)[C@H]4O)ccc2Cl)cc1F	ok
CHEMBL4297435	RETAGLIPTIN	3		Small molecule	0	0	0	0	0			0		COC(=O)c1nc(C(F)(F)F)n2c1CN(C(=O)C[C@H](N)Cc1cc(F)c(F)cc1F)CC2			2.41	6	1	90.45	5			32	2	COC(=O)c1nc(C(F)(F)F)n2c1CN(C(=O)C[C@H](N)Cc1cc(F)c(F)cc1F)CC2	ok
CHEMBL4297441	PACLITAXEL DOCOSAHEXAENOIC ACID	3		Small molecule	0	0	0	1	1			0		CC/C=C\C/C=C\C/C=C\C/C=C\C/C=C\C/C=C\CCC(=O)O[C@@H](C(=O)O[C@H]1C[C@@]2(O)[C@@H](OC(=O)c3ccccc3)[C@@H]3[C@]4(OC(C)=O)CO[C@@H]4C[C@H](O)[C@@]3(C)C(=O)[C@H](OC(C)=O)C(=C1C)C2(C)C)[C@@H](NC(=O)c1ccccc1)c1ccccc1												CC/C=C\C/C=C\C/C=C\C/C=C\C/C=C\C/C=C\CCC(=O)O[C@@H](C(=O)O[C@H]1C[C@@]2(O)[C@@H](OC(=O)c3ccccc3)[C@@H]3[C@]4(OC(C)=O)CO[C@@H]4C[C@H](O)[C@@]3(C)C(=O)[C@H](OC(C)=O)C(=C1C)C2(C)C)[C@@H](NC(=O)c1ccccc1)c1ccccc1	ok
CHEMBL4297445	TRC-150094	3		Small molecule	0	0	0	0	0			0		Cc1cc(Cc2c(C)nn(CCC(=O)O)c2C)c2c(c1O)CCC2			3.07	4	2	75.35	5			24	2	Cc1cc(Cc2c(C)nn(CCC(=O)O)c2C)c2c(c1O)CCC2	ok
CHEMBL4297455	CAFICRESTAT	3		Small molecule	0	0	0	0	0			0		O=C(O)Cc1nn(Cc2nc3cc(C(F)(F)F)ccc3s2)c(=O)c2nccnc12			2.49	8	1	110.86	4			29	4	O=C(O)Cc1nn(Cc2nc3cc(C(F)(F)F)ccc3s2)c(=O)c2nccnc12	ok
CHEMBL4297477	BREPOCITINIB	3		Small molecule	0	0	0	0	0			0		Cn1cc(Nc2nccc(N3C[C@H]4CC[C@@H](C3)N4C(=O)[C@@H]3CC3(F)F)n2)cn1			1.79	7	1	79.18	4			28	2	Cn1cc(Nc2nccc(N3C[C@H]4CC[C@@H](C3)N4C(=O)[C@@H]3CC3(F)F)n2)cn1	ok
CHEMBL4297490	CM-4307	3		Small molecule	0	0	0	0	0			0		[2H]C([2H])([2H])NC(=O)c1cc(Oc2ccc(NC(=O)Nc3ccc(Cl)c(C(F)(F)F)c3)cc2)ccn1			5.55	4	3	92.35	5			32	3	[2H]C([2H])([2H])NC(=O)c1cc(Oc2ccc(NC(=O)Nc3ccc(Cl)c(C(F)(F)F)c3)cc2)ccn1	ok
CHEMBL4297502	AVORALSTAT	3		Small molecule	0	0	0	1	0			0		C=Cc1cc(C(=O)Nc2ccc(C(=N)N)cc2)c(-c2ccc(C(=O)NCC3CC3)nc2C(=O)O)cc1OC			3.77	6	5	167.49	10			38	3	C=Cc1cc(C(=O)Nc2ccc(C(=N)N)cc2)c(-c2ccc(C(=O)NCC3CC3)nc2C(=O)O)cc1OC	ok
CHEMBL4297503	BALOXAVIR MARBOXIL	4	2018	Small molecule	1	0	0	0	1			0		COC(=O)OCOc1c2n(ccc1=O)N([C@@H]1c3ccccc3SCc3c1ccc(F)c3F)[C@@H]1COCCN1C2=O			3.39	10	0	99.54	4			40	3	COC(=O)OCOc1c2n(ccc1=O)N([C@@H]1c3ccccc3SCc3c1ccc(F)c3F)[C@@H]1COCCN1C2=O	ok
CHEMBL4297504	BELORANIB	3		Small molecule	0	0	0	1	0			0		CO[C@@H]1[C@H](OC(=O)/C=C/c2ccc(OCCN(C)C)cc2)CC[C@]2(CO2)[C@H]1[C@@]1(C)O[C@@H]1CC=C(C)C			4.26	7	0	73.06	11			36	1	CO[C@@H]1[C@H](OC(=O)/C=C/c2ccc(OCCN(C)C)cc2)CC[C@]2(CO2)[C@H]1[C@@]1(C)O[C@@H]1CC=C(C)C	ok
CHEMBL4297505	CENERIMOD	3		Small molecule	0	0	0	1	0			0		CCc1cc(-c2noc(-c3cc(OC)nc(C4CCCC4)c3)n2)cc(C)c1OC[C@@H](O)CO			4.07	8	2	110.73	9			33	3	CCc1cc(-c2noc(-c3cc(OC)nc(C4CCCC4)c3)n2)cc(C)c1OC[C@@H](O)CO	ok
CHEMBL4297506	DAPACONAZOLE	3		Small molecule	0	0	0	0	0			0		FC(F)(F)c1ccc(COC(Cn2ccnc2)c2ccc(Cl)cc2Cl)cc1			6.17	3	0	27.05	6			27	3	FC(F)(F)c1ccc(COC(Cn2ccnc2)c2ccc(Cl)cc2Cl)cc1	ok
CHEMBL4297507	DELGOCITINIB	3		Small molecule	0	0	0	0	0			0		C[C@H]1CN(C(=O)CC#N)[C@]12CCN(c1ncnc3[nH]ccc13)C2			1.3	5	1	88.91	2			23	2	C[C@H]1CN(C(=O)CC#N)[C@]12CCN(c1ncnc3[nH]ccc13)C2	ok
CHEMBL4297508	DORZAGLIATIN	3		Small molecule	0	0	0	0	0			0		CC(C)C[C@@H](C(=O)Nc1ccn(C[C@@H](O)CO)n1)N1CC(Oc2ccccc2Cl)=CC1=O			2.05	7	3	116.92	10			32	2	CC(C)C[C@@H](C(=O)Nc1ccn(C[C@@H](O)CO)n1)N1CC(Oc2ccccc2Cl)=CC1=O	ok
CHEMBL4297509	ELACESTRANT	4	2023	Small molecule	1	0	0	0	0			0		CCNCCc1ccc(CN(CC)c2cc(OC)ccc2[C@@H]2CCc3cc(O)ccc3C2)cc1			5.85	4	2	44.73	10			34	3	CCNCCc1ccc(CN(CC)c2cc(OC)ccc2[C@@H]2CCc3cc(O)ccc3C2)cc1	ok
CHEMBL4297511	FIRIBASTAT	3		Small molecule	0	0	0	1	1			0		N[C@@H](CCS(=O)(=O)O)CSSC[C@@H](N)CCS(=O)(=O)O			-0.42	8	4	160.78	11			20	0	N[C@@H](CCS(=O)(=O)O)CSSC[C@@H](N)CCS(=O)(=O)O	ok
CHEMBL4297513	IBREXAFUNGERP	4	2021	Small molecule	1	0	0	1	0			0		CC(C)[C@@H](C)[C@@]1(C)CC[C@]2(C)[C@H]3CC[C@@H]4[C@@]5(COC[C@@]4(C)[C@@H](OC[C@](C)(N)C(C)(C)C)[C@H](n4ncnc4-c4ccncc4)C5)C3=CC[C@@]2(C)[C@@H]1C(=O)O			8.62	8	2	125.38	8			53	2	CC(C)[C@@H](C)[C@@]1(C)CC[C@]2(C)[C@H]3CC[C@@H]4[C@@]5(COC[C@@]4(C)[C@@H](OC[C@](C)(N)C(C)(C)C)[C@H](n4ncnc4-c4ccncc4)C5)C3=CC[C@@]2(C)[C@@H]1C(=O)O	ok
CHEMBL4297516	LURBINECTEDIN	4	2020	Small molecule	0	1	0	1	0			0		COc1ccc2[nH]c3c(c2c1)CCN[C@]31CS[C@@H]2c3c(OC(C)=O)c(C)c4c(c3[C@H](COC1=O)N1[C@@H]2[C@H]2c3c(cc(C)c(OC)c3O)C[C@@H]([C@@H]1O)N2C)OCO4			4.19	14	4	164.28	3			56	4	COc1ccc2[nH]c3c(c2c1)CCN[C@]31CS[C@@H]2c3c(OC(C)=O)c(C)c4c(c3[C@H](COC1=O)N1[C@@H]2[C@H]2c3c(cc(C)c(OC)c3O)C[C@@H]([C@@H]1O)N2C)OCO4	ok
CHEMBL4297517	MAVACAMTEN	4	2022	Small molecule	1	0	0	0	0			0		CC(C)n1c(=O)cc(N[C@@H](C)c2ccccc2)[nH]c1=O			2.29	4	2	66.89	4			20	2	CC(C)n1c(=O)cc(N[C@@H](C)c2ccccc2)[nH]c1=O	ok
CHEMBL4297521	PADSEVONIL	3		Small molecule	0	0	0	0	0			0		COCc1nn2c(CN3C[C@@H](CC(F)(F)Cl)CC3=O)c(C(F)(F)F)nc2s1			3.53	6	0	59.73	6			27	2	COCc1nn2c(CN3C[C@@H](CC(F)(F)Cl)CC3=O)c(C(F)(F)F)nc2s1	ok
CHEMBL4297522	PEMIGATINIB	4	2020	Small molecule	1	0	0	0	0			0		CCN1C(=O)N(c2c(F)c(OC)cc(OC)c2F)Cc2cnc3[nH]c(CN4CCOCC4)cc3c21			3.66	6	1	83.16	6			35	3	CCN1C(=O)N(c2c(F)c(OC)cc(OC)c2F)Cc2cnc3[nH]c(CN4CCOCC4)cc3c21	ok
CHEMBL4297524	RADOTINIB	3		Small molecule	0	0	0	0	0			0		Cc1cn(-c2cc(NC(=O)c3ccc(C)c(Nc4nccc(-c5cnccn5)n4)c3)cc(C(F)(F)F)c2)cn1			5.75	8	2	110.51	6			39	5	Cc1cn(-c2cc(NC(=O)c3ccc(C)c(Nc4nccc(-c5cnccn5)n4)c3)cc(C(F)(F)F)c2)cn1	ok
CHEMBL4297525	RELAMORELIN	3		Small molecule	0	0	0	1	0			0		NC(=O)C1(NC(=O)[C@H](Cc2ccccc2)NC(=O)[C@@H](Cc2c[nH]c3ccccc23)NC(=O)[C@@H](Cc2csc3ccccc23)NC(=O)C2CCNCC2)CCNCC1			2.59	8	8	199.34	15			57	5	NC(=O)C1(NC(=O)[C@H](Cc2ccccc2)NC(=O)[C@@H](Cc2c[nH]c3ccccc23)NC(=O)[C@@H](Cc2csc3ccccc23)NC(=O)C2CCNCC2)CCNCC1	ok
CHEMBL4297526	REMIMAZOLAM	4	2020	Small molecule	0	1	0	1	0			0		COC(=O)CC[C@@H]1N=C(c2ccccn2)c2cc(Br)ccc2-n2c(C)cnc21			4.18	6	0	69.37	4			28	3	COC(=O)CC[C@@H]1N=C(c2ccccn2)c2cc(Br)ccc2-n2c(C)cnc21	ok
CHEMBL4297528	RISDIPLAM	4	2020	Small molecule	1	0	0	0	0			0		Cc1cn2nc(-c3cc(=O)n4cc(N5CCNC6(CC6)C5)ccc4n3)cc(C)c2n1			1.96	8	1	79.83	2			30	4	Cc1cn2nc(-c3cc(=O)n4cc(N5CCNC6(CC6)C5)ccc4n3)cc(C)c2n1	ok
CHEMBL4297530	SAROGLITAZAR	3		Small molecule	0	0	0	1	0			0		CCO[C@@H](Cc1ccc(OCCn2c(C)ccc2-c2ccc(SC)cc2)cc1)C(=O)O			5.3	5	1	60.69	11			31	3	CCO[C@@H](Cc1ccc(OCCn2c(C)ccc2-c2ccc(SC)cc2)cc1)C(=O)O	ok
CHEMBL4297544	2-OCTYL CYANOACRYLATE	3		Small molecule	0	0	0	1	0			0		C=C(C#N)C(=O)OC(C)CCCCCC			2.97	3	0	50.09	7			15	0	C=C(C#N)C(=O)OC(C)CCCCCC	ok
CHEMBL4297583	TEGOPRAZAN	3		Small molecule	0	0	0	0	0			0		Cc1nc2cc(C(=O)N(C)C)cc(O[C@H]3CCOc4cc(F)cc(F)c43)c2[nH]1			3.75	4	1	67.45	3			28	3	Cc1nc2cc(C(=O)N(C)C)cc(O[C@H]3CCOc4cc(F)cc(F)c43)c2[nH]1	ok
CHEMBL4297585	TRIHEPTANOIN	4	2020	Small molecule	1	0	0	1	0			0		CCCCCCC(=O)OCC(COC(=O)CCCCCC)OC(=O)CCCCCC			5.9	6	0	78.9	20			30	0	CCCCCCC(=O)OCC(COC(=O)CCCCCC)OC(=O)CCCCCC	ok
CHEMBL4297588	ODEVIXIBAT	4	2021	Small molecule	1	0	0	0	0			0		CCCCC1(CCCC)CN(c2ccccc2)c2cc(SC)c(OCC(=O)N[C@@H](C(=O)N[C@@H](CC)C(=O)O)c3ccc(O)cc3)cc2S(=O)(=O)N1			5.88	9	5	174.37	17			51	3	CCCCC1(CCCC)CN(c2ccccc2)c2cc(SC)c(OCC(=O)N[C@@H](C(=O)N[C@@H](CC)C(=O)O)c3ccc(O)cc3)cc2S(=O)(=O)N1	ok
CHEMBL4297589	SELATOGREL	3		Small molecule	0	0	0	0	0			0		CCCCOC(=O)N1CCN(C(=O)[C@H](CP(=O)(O)O)NC(=O)c2cc(N3CC[C@H](OC)C3)nc(-c3ccccc3)n2)CC1			1.73	9	3	174.73	11			43	2	CCCCOC(=O)N1CCN(C(=O)[C@H](CP(=O)(O)O)NC(=O)c2cc(N3CC[C@H](OC)C3)nc(-c3ccccc3)n2)CC1	ok
CHEMBL4297590	DARIDOREXANT	4	2022	Small molecule	1	0	0	0	0			0		COc1ccc(-n2nccn2)c(C(=O)N2CCC[C@@]2(C)c2nc3c(C)c(Cl)ccc3[nH]2)c1			4.27	6	1	88.93	4			32	4	COc1ccc(-n2nccn2)c(C(=O)N2CCC[C@@]2(C)c2nc3c(C)c(Cl)ccc3[nH]2)c1	ok
CHEMBL4297591	FOSMANOGEPIX	3		Small molecule	0	0	0	0	1			0		Nc1c(-c2cc(Cc3ccc(COc4ccccn4)cc3)no2)ccc[n+]1COP(=O)([O-])O			2.21	8	2	147.64	9			33	4	Nc1c(-c2cc(Cc3ccc(COc4ccccn4)cc3)no2)ccc[n+]1COP(=O)([O-])O	ok
CHEMBL4297592	AMENAMEVIR	4	2017	Small molecule	0	0	0	1	0			0		Cc1cccc(C)c1N(CC(=O)Nc1ccc(-c2ncon2)cc1)C(=O)C1CCS(=O)(=O)CC1			3.15	7	1	122.47	6			34	3	Cc1cccc(C)c1N(CC(=O)Nc1ccc(-c2ncon2)cc1)C(=O)C1CCS(=O)(=O)CC1	ok
CHEMBL4297594	VERDIPERSTAT	3		Small molecule	0	0	0	1	0			0		CC(C)OCCn1c(=S)[nH]c(=O)c2[nH]ccc21			1.81	4	2	62.81	4			17	2	CC(C)OCCn1c(=S)[nH]c(=O)c2[nH]ccc21	ok
CHEMBL4297598	LINRODOSTAT	3		Small molecule	0	0	0	0	0			0		C[C@@H](C(=O)Nc1ccc(Cl)cc1)C1CCC(c2ccnc3ccc(F)cc23)CC1			6.58	2	1	41.99	4			29	3	C[C@@H](C(=O)Nc1ccc(Cl)cc1)C1CCC(c2ccnc3ccc(F)cc23)CC1	ok
CHEMBL4297600	RELDESEMTIV	3		Small molecule	0	0	0	0	0			0		NC(=O)c1ccn(-c2cnc(NC[C@]3(c4ncccc4F)C[C@H](F)C3)nc2)c1			2.38	6	2	98.72	6			28	3	NC(=O)c1ccn(-c2cnc(NC[C@]3(c4ncccc4F)C[C@H](F)C3)nc2)c1	ok
CHEMBL4297603	DEUTIVACAFTOR	4	2024	Small molecule	1	0	0	0	0			0		[2H]C([2H])([2H])C(c1cc(C(C)(C)C)c(NC(=O)c2c[nH]c3ccccc3c2=O)cc1O)(C([2H])([2H])[2H])C([2H])([2H])[2H]			5.08	3	3	82.19	2			29	3	[2H]C([2H])([2H])C(c1cc(C(C)(C)C)c(NC(=O)c2c[nH]c3ccccc3c2=O)cc1O)(C([2H])([2H])[2H])C([2H])([2H])[2H]	ok
CHEMBL4297605	ROLUPERIDONE	3		Small molecule	0	0	0	0	0			0		O=C(CN1CCC(CN2Cc3ccccc3C2=O)CC1)c1ccc(F)cc1			3.38	3	0	40.62	5			27	2	O=C(CN1CCC(CN2Cc3ccccc3C2=O)CC1)c1ccc(F)cc1	ok
CHEMBL4297606	RECOFLAVONE	3		Small molecule	0	0	0	1	0			0		COc1ccc(-c2cc(=O)c3c(OC)cc(OCC(=O)O)cc3o2)cc1OC			2.95	7	1	104.43	7			28	3	COc1ccc(-c2cc(=O)c3c(OC)cc(OCC(=O)O)cc3o2)cc1OC	ok
CHEMBL4297608	ELDECALCITOL	3		Small molecule	0	0	0	1	0			0		C=C1/C(=C\C=C2/CCC[C@]3(C)[C@@H]([C@H](C)CCCC(C)(C)O)CC[C@@H]23)C[C@@H](O)[C@@H](OCCCO)[C@@H]1O			5.08	5	4	90.15	10			35	0	C=C1/C(=C\C=C2/CCC[C@]3(C)[C@@H]([C@H](C)CCCC(C)(C)O)CC[C@@H]23)C[C@@H](O)[C@@H](OCCCO)[C@@H]1O	ok
CHEMBL4297609	OLOROFIM	3		Small molecule	0	0	0	0	0			0		Cc1cc(-c2ccccc2)c(C(=O)C(=O)Nc2ccc(N3CCN(c4ncc(F)cn4)CC3)cc2)n1C			4.08	7	1	83.36	6			37	4	Cc1cc(-c2ccccc2)c(C(=O)C(=O)Nc2ccc(N3CCN(c4ncc(F)cn4)CC3)cc2)n1C	ok
CHEMBL4297610	OLUTASIDENIB	4	2022	Small molecule	1	0	0	0	0			0		C[C@H](Nc1ccc(C#N)n(C)c1=O)c1cc2cc(Cl)ccc2[nH]c1=O			2.92	5	2	90.68	3			25	3	C[C@H](Nc1ccc(C#N)n(C)c1=O)c1cc2cc(Cl)ccc2[nH]c1=O	ok
CHEMBL4297611	VENGLUSTAT	3		Small molecule	0	0	0	0	0			0		CC(C)(NC(=O)O[C@@H]1CN2CCC1CC2)c1csc(-c2ccc(F)cc2)n1			4	5	1	54.46	4			27	2	CC(C)(NC(=O)O[C@@H]1CN2CCC1CC2)c1csc(-c2ccc(F)cc2)n1	ok
CHEMBL4297613	CILOFEXOR	3		Small molecule	0	0	0	0	0			0		O=C(O)c1ccnc(N2CC(O)(c3ccc(OCc4c(-c5c(Cl)cccc5Cl)noc4C4CC4)cc3Cl)C2)c1			6.56	7	2	108.92	8			39	4	O=C(O)c1ccnc(N2CC(O)(c3ccc(OCc4c(-c5c(Cl)cccc5Cl)noc4C4CC4)cc3Cl)C2)c1	ok
CHEMBL4297615	PARSACLISIB	3		Small molecule	0	0	0	0	0			0		CCOc1c([C@H](C)n2nc(C)c3c(N)ncnc32)cc(Cl)c(F)c1[C@@H]1CNC(=O)C1			3.12	7	2	107.95	5			30	3	CCOc1c([C@H](C)n2nc(C)c3c(N)ncnc32)cc(Cl)c(F)c1[C@@H]1CNC(=O)C1	ok
CHEMBL4297619	ENARODUSTAT	3		Small molecule	0	0	0	0	0			0		O=C(O)CNC(=O)c1c(O)cc(CCc2ccccc2)n2ncnc12			1.03	6	3	116.82	6			25	3	O=C(O)CNC(=O)c1c(O)cc(CCc2ccccc2)n2ncnc12	ok
CHEMBL4297620	SOLRIAMFETOL	4	2019	Small molecule	1	0	0	0	0			0		NC(=O)OC[C@H](N)Cc1ccccc1			0.65	3	2	78.34	4			14	1	NC(=O)OC[C@H](N)Cc1ccccc1	ok
CHEMBL4297621	EVOCALCET	3		Small molecule	0	0	0	1	0			0		C[C@@H](N[C@H]1CCN(c2ccc(CC(=O)O)cc2)C1)c1cccc2ccccc12			4.4	3	2	52.57	6			28	3	C[C@@H](N[C@H]1CCN(c2ccc(CC(=O)O)cc2)C1)c1cccc2ccccc12	ok
CHEMBL4297622	ROVATIRELIN	3		Small molecule	0	0	0	0	0			0		C[C@@H]1OC(=O)N[C@@H]1C(=O)N[C@@H](Cc1cscn1)C(=O)N1CCC[C@H]1C			0.68	6	2	100.63	5			25	1	C[C@@H]1OC(=O)N[C@@H]1C(=O)N[C@@H](Cc1cscn1)C(=O)N1CCC[C@H]1C	ok
CHEMBL4297632	OXYCODEGOL	3		Small molecule	0	0	0	1	0			0		COCCOCCOCCOCCOCCOCCO[C@H]1CCC2(O)[C@H]3Cc4ccc(OC)c5c4[C@@]2(CCN3C)[C@H]1O5			1.59	11	1	106.54	20			42	1	COCCOCCOCCOCCOCCOCCO[C@H]1CCC2(O)[C@H]3Cc4ccc(OC)c5c4[C@@]2(CCN3C)[C@H]1O5	ok
CHEMBL4297633	SEPETAPROST	3		Small molecule	0	0	0	0	1			0		CC(C)OC(=O)CCC[C@H]1CC[C@@H]2[C@@H](/C=C/[C@@H](O)COc3cc(F)ccc3F)[C@H](O)C[C@@H]2OC1			4.17	6	2	85.22	10			34	1	CC(C)OC(=O)CCC[C@H]1CC[C@@H]2[C@@H](/C=C/[C@@H](O)COc3cc(F)ccc3F)[C@H](O)C[C@@H]2OC1	ok
CHEMBL4297639	LORECIVIVINT	3		Small molecule	0	0	0	0	0			0		CC(C)CC(=O)Nc1cncc(-c2ccc3[nH]nc(-c4nc5cncc(-c6cccc(F)c6)c5[nH]4)c3c2)c1			6.35	5	3	112.24	6			38	6	CC(C)CC(=O)Nc1cncc(-c2ccc3[nH]nc(-c4nc5cncc(-c6cccc(F)c6)c5[nH]4)c3c2)c1	ok
CHEMBL4297646	AMPRELOXETINE	3		Small molecule	0	0	0	0	0			0		Fc1cc(F)c(OCc2ccccc2C2CCNCC2)c(F)c1			4.15	2	1	21.26	4			23	2	Fc1cc(F)c(OCc2ccccc2C2CCNCC2)c(F)c1	ok
CHEMBL4297647	FURAPREVIR	3		Small molecule	0	0	0	1	0			0		CC(C)Oc1ccc(-c2nc(O[C@@H]3C[C@H]4C(=O)N[C@]5(C(=O)NS(=O)(=O)C6(C)CC6)C[C@H]5/C=C\CCCCC[C@H](NC(=O)OC5CCCC5)C(=O)N4C3)c3oc4ccccc4c3n2)cc1			6.61	12	3	208.36	10			64	4	CC(C)Oc1ccc(-c2nc(O[C@@H]3C[C@H]4C(=O)N[C@]5(C(=O)NS(=O)(=O)C6(C)CC6)C[C@H]5/C=C\CCCCC[C@H](NC(=O)OC5CCCC5)C(=O)N4C3)c3oc4ccccc4c3n2)cc1	ok
CHEMBL4297654	BIGUANIDE	3		Small molecule	0	0	0	1	0			0		N=C(N)NC(=N)N			-1.64	2	5	111.77	0			7	0	N=C(N)NC(=N)N	ok
CHEMBL4297666	OMIDENEPAG ISOPROPYL	4	2022	Small molecule	0	0	1	0	1			0		CC(C)OC(=O)CNc1cccc(CN(Cc2ccc(-n3cccn3)cc2)S(=O)(=O)c2cccnc2)n1			3.42	9	1	119.31	11			37	4	CC(C)OC(=O)CNc1cccc(CN(Cc2ccc(-n3cccn3)cc2)S(=O)(=O)c2cccnc2)n1	ok
CHEMBL4297849	BAMOCAFTOR	3		Small molecule	0	0	0	0	0			0		C[C@@H]1CN(c2nc(-n3ccc(OCCC4(C(F)(F)F)CC4)n3)ccc2C(=O)NS(=O)(=O)c2ccccc2)C(C)(C)C1			5.12	8	1	106.42	9			41	3	C[C@@H]1CN(c2nc(-n3ccc(OCCC4(C(F)(F)F)CC4)n3)ccc2C(=O)NS(=O)(=O)c2ccccc2)C(C)(C)C1	ok
CHEMBL4297865	ABIVERTINIB	3		Small molecule	0	0	0	0	0			0		C=CC(=O)Nc1cccc(Oc2nc(Nc3ccc(N4CCN(C)CC4)c(F)c3)nc3[nH]ccc23)c1			4.51	7	3	98.41	7			36	4	C=CC(=O)Nc1cccc(Oc2nc(Nc3ccc(N4CCN(C)CC4)c(F)c3)nc3[nH]ccc23)c1	ok
CHEMBL4298128	ELEXACAFTOR	4	2019	Small molecule	1	0	0	0	0			0		Cc1nn(C)cc1S(=O)(=O)NC(=O)c1ccc(-n2ccc(OCC(C)(C)C(F)(F)F)n2)nc1N1C[C@@H](C)CC1(C)C			4.02	10	1	124.24	8			41	3	Cc1nn(C)cc1S(=O)(=O)NC(=O)c1ccc(-n2ccc(OCC(C)(C)C(F)(F)F)n2)nc1N1C[C@@H](C)CC1(C)C	ok
CHEMBL4298137	DURLOBACTAM	4	2023	Small molecule	0	1	0	0	0			0		CC1=C[C@@H]2CN(C(=O)N2OS(=O)(=O)O)[C@@H]1C(N)=O			-1.36	5	2	130.24	3			18	0	CC1=C[C@@H]2CN(C(=O)N2OS(=O)(=O)O)[C@@H]1C(N)=O	ok
CHEMBL4298138	REPOTRECTINIB	4	2023	Small molecule	1	0	0	0	0			0		C[C@H]1CNC(=O)c2cnn3ccc(nc23)N[C@H](C)c2cc(F)ccc2O1			2.55	6	2	80.55	0			26	3	C[C@H]1CNC(=O)c2cnn3ccc(nc23)N[C@H](C)c2cc(F)ccc2O1	ok
CHEMBL4298171	LINZAGOLIX CHOLINE	4	2022	Small molecule	0	0	0	0	0			0		COc1cc(F)c(-n2c(=O)[nH]c3csc(C(=O)[O-])c3c2=O)cc1OCc1c(OC)ccc(F)c1F.C[N+](C)(C)CCO			3.45	8	2	119.85	7			35	4	COc1cc(F)c(-n2c(=O)[nH]c3csc(C(=O)[O-])c3c2=O)cc1OCc1c(OC)ccc(F)c1F	ok
CHEMBL4298172	SOTICLESTAT	3		Small molecule	0	0	0	0	0			0		O=C(c1cccnc1-c1ccncc1)N1CCC(O)(Cc2ccccc2)CC1			3.35	4	1	66.32	4			28	3	O=C(c1cccnc1-c1ccncc1)N1CCC(O)(Cc2ccccc2)CC1	ok
CHEMBL429910	DAPAGLIFLOZIN	4	2012	Small molecule	1	0	0	1	0			0		CCOc1ccc(Cc2cc([C@@H]3O[C@H](CO)[C@@H](O)[C@H](O)[C@H]3O)ccc2Cl)cc1			1.84	6	4	99.38	6			28	2	CCOc1ccc(Cc2cc([C@@H]3O[C@H](CO)[C@@H](O)[C@H](O)[C@H]3O)ccc2Cl)cc1	ok
CHEMBL4299851	PIFLUFOLASTAT	4	2021	Small molecule	0	1	0	0	0			0		O=C(O)CC[C@H](NC(=O)N[C@@H](CCCCNC(=O)c1ccc(F)nc1)C(=O)O)C(=O)O			0.19	6	6	195.02	13			31	1	O=C(O)CC[C@H](NC(=O)N[C@@H](CCCCNC(=O)c1ccc(F)nc1)C(=O)O)C(=O)O	ok
CHEMBL4299940	MITAPIVAT	4	2022	Small molecule	1	0	0	0	0			0		O=C(c1ccc(NS(=O)(=O)c2cccc3cccnc23)cc1)N1CCN(CC2CC2)CC1			3.2	5	1	82.61	6			32	3	O=C(c1ccc(NS(=O)(=O)c2cccc3cccnc23)cc1)N1CCN(CC2CC2)CC1	ok
CHEMBL43	AMSACRINE	4	1987	Small molecule	0	1	0	1	0			0		COc1cc(NS(C)(=O)=O)ccc1Nc1c2ccccc2nc2ccccc12			4.51	5	2	80.32	5			28	4	COc1cc(NS(C)(=O)=O)ccc1Nc1c2ccccc2nc2ccccc12	RISK
CHEMBL430	GEMIFLOXACIN	4	2003	Small molecule	1	0	0	0	0			0		CO/N=C1\CN(c2nc3c(cc2F)c(=O)c(C(=O)O)cn3C2CC2)CC1CN			0.97	8	2	123.04	5			28	2	CO/N=C1\CN(c2nc3c(cc2F)c(=O)c(C(=O)O)cn3C2CC2)CC1CN	ok
CHEMBL4300944	VALNIVUDINE	3		Small molecule	0	0	0	0	0			0		CCCCCc1ccc(-c2cc3cn([C@H]4C[C@H](O)[C@@H](COC(=O)[C@@H](N)C(C)C)O4)c(=O)nc3o2)cc1			3.56	9	2	129.81	10			36	3	CCCCCc1ccc(-c2cc3cn([C@H]4C[C@H](O)[C@@H](COC(=O)[C@@H](N)C(C)C)O4)c(=O)nc3o2)cc1	ok
CHEMBL4301162	SERDEXMETHYLPHENIDATE	4	2021	Small molecule	1	0	0	0	1			0		COC(=O)[C@H](c1ccccc1)[C@H]1CCCCN1C(=O)OC[n+]1cccc(C(=O)N[C@@H](CO)C(=O)O)c1			1.05	7	3	146.35	9			36	2	COC(=O)[C@H](c1ccccc1)[C@H]1CCCCN1C(=O)OC[n+]1cccc(C(=O)N[C@@H](CO)C(=O)O)c1	ok
CHEMBL4301492	ALTROPANE	3		Small molecule	0	0	0	0	0			0		COC(=O)[C@H]1[C@@H](c2ccc(F)cc2)C[C@@H]2CC[C@H]1N2C/C=C/I			3.88	3	0	29.54	4			23	1	COC(=O)[C@H]1[C@@H](c2ccc(F)cc2)C[C@@H]2CC[C@H]1N2C/C=C/I	ok
CHEMBL4301898	BRILLIANT BLUE G FREE ACID	4	2019	Small molecule	0	0	1	1	0			0		CCOc1ccc(Nc2ccc(/C(=C3/C=C/C(=[N+](/CC)Cc4cccc(S(=O)(=O)[O-])c4)C=C3C)c3ccc(N(CC)Cc4cccc(S(=O)(=O)O)c4)cc3C)cc2)cc1			9.31	8	2	139.08	15			59	5	CCOc1ccc(Nc2ccc(/C(=C3/C=C/C(=[N+](/CC)Cc4cccc(S(=O)(=O)[O-])c4)C=C3C)c3ccc(N(CC)Cc4cccc(S(=O)(=O)O)c4)cc3C)cc2)cc1	ok
CHEMBL4301914	MRX-4	3		Small molecule	0	0	0	0	1			0		CC(=O)OP(=O)(O)N(C[C@H]1CN(c2cc(F)c(N3C=CC(=O)CC3)c(F)c2F)C(=O)O1)c1ccon1			2.88	9	1	142.72	7			36	2	CC(=O)OP(=O)(O)N(C[C@H]1CN(c2cc(F)c(N3C=CC(=O)CC3)c(F)c2F)C(=O)O1)c1ccon1	ok
CHEMBL4303060	MELPHALAN FLUFENAMIDE	4	2021	Small molecule	0	1	0	0	1			0		CCOC(=O)[C@H](Cc1ccc(F)cc1)NC(=O)[C@@H](N)Cc1ccc(N(CCCl)CCCl)cc1			3.27	5	2	84.66	13			33	2	CCOC(=O)[C@H](Cc1ccc(F)cc1)NC(=O)[C@@H](N)Cc1ccc(N(CCCl)CCCl)cc1	ok
CHEMBL4303201	CATEQUENTINIB	3		Small molecule	0	0	0	0	0			0		COc1cc2c(Oc3ccc4[nH]c(C)cc4c3F)ccnc2cc1OCC1(N)CC1			4.83	5	2	82.39	6			30	4	COc1cc2c(Oc3ccc4[nH]c(C)cc4c3F)ccnc2cc1OCC1(N)CC1	ok
CHEMBL4303209	PAEONIFLORIN	3		Small molecule	0	0	0	1	0			0		C[C@@]12C[C@@]3(O)O[C@@H](O1)[C@]1(COC(=O)c4ccccc4)[C@H]3C[C@@]12O[C@@H]1O[C@H](CO)[C@@H](O)[C@H](O)[C@H]1O			-1.36	11	5	164.37	6			34	1	C[C@@]12C[C@@]3(O)O[C@@H](O1)[C@]1(COC(=O)c4ccccc4)[C@H]3C[C@@]12O[C@@H]1O[C@H](CO)[C@@H](O)[C@H](O)[C@H]1O	ok
CHEMBL4303214	FRUQUINTINIB	4	2023	Small molecule	1	0	0	1	0			0		CNC(=O)c1c(C)oc2cc(Oc3ncnc4cc(OC)c(OC)cc34)ccc12			3.85	7	1	95.71	5			29	4	CNC(=O)c1c(C)oc2cc(Oc3ncnc4cc(OC)c(OC)cc34)ccc12	ok
CHEMBL4303228	PERETINOIN	3		Small molecule	0	0	0	0	0			0		CC(C)=CCC/C(C)=C/CC/C(C)=C/C=C/C(C)=C/C(=O)O			5.99	1	1	37.3	9			22	0	CC(C)=CCC/C(C)=C/CC/C(C)=C/C=C/C(C)=C/C(=O)O	ok
CHEMBL4303280	FLUOROCHOLINE	3		Small molecule	0	0	0	0	0			0		C[N+](C)(CF)CCO			-0.02	1	1	20.23	3			8	0	C[N+](C)(CF)CCO	ok
CHEMBL4303404	PELABRESIB	3		Small molecule	0	0	0	0	0			0		Cc1noc2c1-c1ccccc1C(c1ccc(Cl)cc1)=N[C@H]2CC(N)=O			4.07	4	1	81.48	3			26	3	Cc1noc2c1-c1ccccc1C(c1ccc(Cl)cc1)=N[C@H]2CC(N)=O	ok
CHEMBL4303525	OMAVELOXOLONE	4	2023	Small molecule	1	0	0	0	0			0		CC1(C)CC[C@]2(NC(=O)C(C)(F)F)CC[C@]3(C)[C@H](C(=O)C=C4[C@@]5(C)C=C(C#N)C(=O)C(C)(C)[C@@H]5CC[C@]43C)[C@@H]2C1			6.73	4	1	87.03	2			40	0	CC1(C)CC[C@]2(NC(=O)C(C)(F)F)CC[C@]3(C)[C@H](C(=O)C=C4[C@@]5(C)C=C(C#N)C(=O)C(C)(C)[C@@H]5CC[C@]43C)[C@@H]2C1	ok
CHEMBL4303665	BENFOTIAMINE	3		Small molecule	0	0	0	1	0			0		C/C(=C(\CCOP(=O)(O)O)SC(=O)c1ccccc1)N(C=O)Cc1cnc(C)nc1N			2.63	8	3	155.94	10			31	2	C/C(=C(\CCOP(=O)(O)O)SC(=O)c1ccccc1)N(C=O)Cc1cnc(C)nc1N	ok
CHEMBL4303793	.BETA.-HYDROXYISOVALERIC ACID	3		Small molecule	0	0	0	1	0			0		CC(C)(O)CC(=O)O			0.23	2	2	57.53	2			8	0	CC(C)(O)CC(=O)O	ok
CHEMBL43048	MIDOMAFETAMINE	3		Small molecule	0	0	0	1	0			0		CNC(C)Cc1ccc2c(c1)OCO2			1.57	3	1	30.49	3			14	1	CNC(C)Cc1ccc2c(c1)OCO2	ok
CHEMBL43064	CINNARIZINE	4		Small molecule	1	0	0	1	0			0		C(=C/c1ccccc1)\CN1CCN(C(c2ccccc2)c2ccccc2)CC1			5.11	2	0	6.48	6			28	3	C(=C/c1ccccc1)\CN1CCN(C(c2ccccc2)c2ccccc2)CC1	ok
CHEMBL431	SPIRAPRIL	4	1994	Small molecule	1	0	0	1	1			0		CCOC(=O)[C@H](CCc1ccccc1)N[C@@H](C)C(=O)N1CC2(C[C@H]1C(=O)O)SCCS2			2.39	7	2	95.94	9			31	1	CCOC(=O)[C@H](CCc1ccccc1)N[C@@H](C)C(=O)N1CC2(C[C@H]1C(=O)O)SCCS2	ok
CHEMBL431701	SILYBIN A	3		Small molecule	0	0	0	1	0			0		COc1cc([C@H]2Oc3cc([C@H]4Oc5cc(O)cc(O)c5C(=O)[C@@H]4O)ccc3O[C@@H]2CO)ccc1O			2.36	10	5	155.14	4			35	3	COc1cc([C@H]2Oc3cc([C@H]4Oc5cc(O)cc(O)c5C(=O)[C@@H]4O)ccc3O[C@@H]2CO)ccc1O	ok
CHEMBL431733	NAMODENOSON	3		Small molecule	0	0	0	1	0			0		CNC(=O)[C@H]1O[C@@H](n2cnc3c(NCc4cccc(I)c4)nc(Cl)nc32)[C@H](O)[C@@H]1O			1.06	9	4	134.42	5			30	3	CNC(=O)[C@H]1O[C@@H](n2cnc3c(NCc4cccc(I)c4)nc(Cl)nc32)[C@H](O)[C@@H]1O	ok
CHEMBL431770	ISTRADEFYLLINE	4		Small molecule	1	0	0	1	0			0		CCn1c(=O)c2c(nc(/C=C/c3ccc(OC)c(OC)c3)n2C)n(CC)c1=O			2.12	8	0	80.28	6			28	3	CCn1c(=O)c2c(nc(/C=C/c3ccc(OC)c(OC)c3)n2C)n(CC)c1=O	ok
CHEMBL433	VALPROATE SODIUM	4	1996	Small molecule	0	1	0	1	0			0		CCCC(CCC)C(=O)[O-].[Na+]			2.29	1	1	37.3	5			10	0	CCCC(CCC)C(=O)[O-]	ok
CHEMBL434	ISOPROTERENOL	4	1956	Small molecule	0	1	1	1	0			0		CC(C)NCC(O)c1ccc(O)c(O)c1			1.13	4	4	72.72	4			15	1	CC(C)NCC(O)c1ccc(O)c(O)c1	ok
CHEMBL434200	TERTATOLOL	4		Small molecule	0	0	0	1	0			0		CC(C)(C)NCC(O)COc1cccc2c1SCCC2			2.85	4	2	41.49	5			20	1	CC(C)(C)NCC(O)COc1cccc2c1SCCC2	ok
CHEMBL434394	NEBIVOLOL	4	2007	Small molecule	1	0	0	0	0			0		OC(CNCC(O)C1CCc2cc(F)ccc2O1)C1CCc2cc(F)ccc2O1			2.36	5	3	70.95	6			29	2	OC(CNCC(O)C1CCc2cc(F)ccc2O1)C1CCc2cc(F)ccc2O1	RISK
CHEMBL43452	POMALIDOMIDE	4	2013	Small molecule	1	0	0	1	0			0		Nc1cccc2c1C(=O)N(C1CCC(=O)NC1=O)C2=O			-0.33	5	2	109.57	1			20	1	Nc1cccc2c1C(=O)N(C1CCC(=O)NC1=O)C2=O	ok
CHEMBL435	HYDROCHLOROTHIAZIDE	4	1959	Small molecule	1	0	0	1	0			0		NS(=O)(=O)c1cc2c(cc1Cl)NCNS2(=O)=O			-0.35	5	3	118.36	1			17	1	NS(=O)(=O)c1cc2c(cc1Cl)NCNS2(=O)=O	ok
CHEMBL435191	EDOTECARIN	3		Small molecule	0	0	0	1	0			0		O=C1c2c(c3c4ccc(O)cc4n([C@@H]4O[C@H](CO)[C@@H](O)[C@H](O)[C@H]4O)c3c3[nH]c4cc(O)ccc4c23)C(=O)N1NC(CO)CO			-0.73	13	10	241.2	6			44	5	O=C1c2c(c3c4ccc(O)cc4n([C@@H]4O[C@H](CO)[C@@H](O)[C@H](O)[C@H]4O)c3c3[nH]c4cc(O)ccc4c23)C(=O)N1NC(CO)CO	ok
CHEMBL435224	LAPAQUISTAT ACETATE	3		Small molecule	0	0	0	0	0			0		COc1cccc([C@H]2O[C@H](CC(=O)N3CCC(CC(=O)O)CC3)C(=O)N(CC(C)(C)COC(C)=O)c3ccc(Cl)cc32)c1OC			4.87	8	1	131.91	11			45	2	COc1cccc([C@H]2O[C@H](CC(=O)N3CCC(CC(=O)O)CC3)C(=O)N(CC(C)(C)COC(C)=O)c3ccc(Cl)cc32)c1OC	ok
CHEMBL435298	ESFLURBIPROFEN	4	2015	Small molecule	0	0	1	0	0			0		C[C@H](C(=O)O)c1ccc(-c2ccccc2)c(F)c1			3.68	1	1	37.3	3			18	2	C[C@H](C(=O)O)c1ccc(-c2ccccc2)c(F)c1	ok
CHEMBL435883	BERAPROST SODIUM	3		Small molecule	0	0	0	1	0			0		CC#CCC(C)[C@H](O)/C=C/[C@@H]1[C@H]2c3cccc(CCCC(=O)[O-])c3O[C@H]2C[C@H]1O.[Na+]			3.29	4	3	86.99	8			29	1	CC#CCC(C)[C@H](O)/C=C/[C@@H]1[C@H]2c3cccc(CCCC(=O)[O-])c3O[C@H]2C[C@H]1O	ok
CHEMBL435966	NIMORAZOLE	3		Small molecule	0	0	0	1	0			0		O=[N+]([O-])c1cncn1CCN1CCOCC1			0.12	6	0	73.43	4			16	1	O=[N+]([O-])c1cncn1CCN1CCOCC1	ok
CHEMBL436	TOLRESTAT	4	1989	Small molecule	0	0	0	0	0			0		COc1ccc2c(C(=S)N(C)CC(=O)O)cccc2c1C(F)(F)F			3.56	3	1	49.77	4			24	2	COc1ccc2c(C(=S)N(C)CC(=O)O)cccc2c1C(F)(F)F	ok
CHEMBL437	SULFATHIAZOLE	4	1945	Small molecule	0	0	1	1	0			0		Nc1ccc(S(=O)(=O)Nc2nccs2)cc1			1.53	5	2	85.08	3			16	2	Nc1ccc(S(=O)(=O)Nc2nccs2)cc1	ok
CHEMBL437765	RIFAMYCIN	4	2018	Small molecule	1	0	0	1	0			0		CO[C@H]1/C=C/O[C@@]2(C)Oc3c(C)c(O)c4c(O)c(cc(O)c4c3C2=O)NC(=O)/C(C)=C\C=C\[C@H](C)[C@H](O)[C@@H](C)[C@@H](O)[C@@H](C)[C@H](OC(C)=O)[C@@H]1C			4.75	12	6	201.31	2			50	2	CO[C@H]1/C=C/O[C@@]2(C)Oc3c(C)c(O)c4c(O)c(cc(O)c4c3C2=O)NC(=O)/C(C)=C\C=C\[C@H](C)[C@H](O)[C@@H](C)[C@@H](O)[C@@H](C)[C@H](OC(C)=O)[C@@H]1C	ok
CHEMBL438	SULFAMERAZINE	4	1982	Small molecule	1	0	0	1	0			0		Cc1ccnc(NS(=O)(=O)c2ccc(N)cc2)n1			1.17	5	2	97.97	3			18	2	Cc1ccnc(NS(=O)(=O)c2ccc(N)cc2)n1	ok
CHEMBL438497	NICOTINAMIDE RIBOSIDE	3		Small molecule	0	0	0	1	0			0		NC(=O)c1ccc[n+]([C@@H]2O[C@H](CO)[C@@H](O)[C@H]2O)c1			-2.32	5	4	116.89	3			18	1	NC(=O)c1ccc[n+]([C@@H]2O[C@H](CO)[C@@H](O)[C@H]2O)c1	ok
CHEMBL439	SULFADIAZINE	4	1941	Small molecule	1	1	1	1	0			0		Nc1ccc(S(=O)(=O)Nc2ncccn2)cc1			0.86	5	2	97.97	3			17	2	Nc1ccc(S(=O)(=O)Nc2ncccn2)cc1	ok
CHEMBL439849	VILAZODONE	4	2011	Small molecule	1	0	0	1	0			0		N#Cc1ccc2[nH]cc(CCCCN3CCN(c4ccc5oc(C(N)=O)cc5c4)CC3)c2c1			4.03	5	2	102.29	7			33	4	N#Cc1ccc2[nH]cc(CCCCN3CCN(c4ccc5oc(C(N)=O)cc5c4)CC3)c2c1	RISK
CHEMBL440	THIAMYLAL	4	1982	Small molecule	0	1	0	1	0			0		C=CCC1(C(C)CCC)C(=O)NC(=S)NC1=O			1.52	3	2	58.2	5			17	0	C=CCC1(C(C)CCC)C(=O)NC(=S)NC1=O	ok
CHEMBL440294	PIPAMPERONE	3		Small molecule	0	0	0	0	0			0		NC(=O)C1(N2CCCCC2)CCN(CCCC(=O)c2ccc(F)cc2)CC1			2.59	4	1	66.64	7			27	1	NC(=O)C1(N2CCCCC2)CCN(CCCC(=O)c2ccc(F)cc2)CC1	ok
CHEMBL441	THIOPENTAL	4	1982	Small molecule	0	0	1	1	0			0		CCCC(C)C1(CC)C(=O)NC(=S)NC1=O			1.35	3	2	58.2	4			16	0	CCCC(C)C1(CC)C(=O)NC(=S)NC1=O	ok
CHEMBL442	ERGOTAMINE	4	1948	Small molecule	1	0	1	1	0			0		CN1C[C@H](C(=O)N[C@]2(C)O[C@@]3(O)[C@@H]4CCCN4C(=O)[C@H](Cc4ccccc4)N3C2=O)C=C2c3cccc4[nH]cc(c34)C[C@H]21			1.99	6	3	118.21	4			43	3	CN1C[C@H](C(=O)N[C@]2(C)O[C@@]3(O)[C@@H]4CCCN4C(=O)[C@H](Cc4ccccc4)N3C2=O)C=C2c3cccc4[nH]cc(c34)C[C@H]21	ok
CHEMBL443	SULFAMETHOXAZOLE	4	1973	Small molecule	1	1	0	1	0			0		Cc1cc(NS(=O)(=O)c2ccc(N)cc2)no1			1.37	5	2	98.22	3			17	2	Cc1cc(NS(=O)(=O)c2ccc(N)cc2)no1	ok
CHEMBL443052	TAVABOROLE	4	2014	Small molecule	0	0	1	0	0			0		OB1OCc2cc(F)ccc21												OB1OCc2cc(F)ccc21	ok
CHEMBL4435170	DEUCRAVACITINIB	4	2022	Small molecule	1	0	0	0	0			0		[2H]C([2H])([2H])NC(=O)c1nnc(NC(=O)C2CC2)cc1Nc1cccc(-c2ncn(C)n2)c1OC			1.73	9	3	135.95	7			31	3	[2H]C([2H])([2H])NC(=O)c1nnc(NC(=O)C2CC2)cc1Nc1cccc(-c2ncn(C)n2)c1OC	ok
CHEMBL44354	CEFTAZIDIME	4	1985	Small molecule	0	1	0	1	0			0		CC(C)(O/N=C(\C(=O)N[C@@H]1C(=O)N2C(C(=O)[O-])=C(C[n+]3ccccc3)CS[C@H]12)c1csc(N)n1)C(=O)O			-1.3	11	3	191.22	9			37	2	CC(C)(O/N=C(\C(=O)N[C@@H]1C(=O)N2C(C(=O)[O-])=C(C[n+]3ccccc3)CS[C@H]12)c1csc(N)n1)C(=O)O	ok
CHEMBL443605	HEXYLRESORCINOL	4	2004	Small molecule	0	0	0	1	0			0		CCCCCCc1ccc(O)cc1O			3.22	2	2	40.46	5			14	1	CCCCCCc1ccc(O)cc1O	ok
CHEMBL443684	NAVITOCLAX	3		Small molecule	0	0	0	0	0			0		CC1(C)CCC(c2ccc(Cl)cc2)=C(CN2CCN(c3ccc(C(=O)NS(=O)(=O)c4ccc(N[C@H](CCN5CCOCC5)CSc5ccccc5)c(S(=O)(=O)C(F)(F)F)c4)cc3)CC2)C1			8.83	11	2	128.36	16			65	4	CC1(C)CCC(c2ccc(Cl)cc2)=C(CN2CCN(c3ccc(C(=O)NS(=O)(=O)c4ccc(N[C@H](CCN5CCOCC5)CSc5ccccc5)c(S(=O)(=O)C(F)(F)F)c4)cc3)CC2)C1	ok
CHEMBL4437054	RILEMATOVIR	3		Small molecule	0	0	0	0	0			0		CS(=O)(=O)CCCn1c(Cn2c(=O)n(CC(F)(F)F)c3ccncc32)cc2cc(Cl)ccc21			3.85	7	0	78.89	7			33	4	CS(=O)(=O)CCCn1c(Cn2c(=O)n(CC(F)(F)F)c3ccncc32)cc2cc(Cl)ccc21	ok
CHEMBL444	BARBITAL	4		Small molecule	0	0	0	1	0			0		CCC1(CC)C(=O)NC(=O)NC1=O			0.16	3	2	75.27	2			13	0	CCC1(CC)C(=O)NC(=O)NC1=O	ok
CHEMBL444172	ZOSUQUIDAR	3		Small molecule	0	0	0	0	0			0		O[C@@H](COc1cccc2ncccc12)CN1CCN([C@@H]2c3ccccc3[C@@H]3[C@H](c4ccccc42)C3(F)F)CC1			5.21	5	1	48.83	6			39	4	O[C@@H](COc1cccc2ncccc12)CN1CCN([C@@H]2c3ccccc3[C@@H]3[C@H](c4ccccc42)C3(F)F)CC1	ok
CHEMBL444633	RIFABUTIN	4	1992	Small molecule	1	0	0	1	0			0		CO[C@H]1/C=C/O[C@@]2(C)Oc3c(C)c(O)c4c(c3C2=O)C2=NC3(CCN(CC(C)C)CC3)NC2=C(NC(=O)/C(C)=C\C=C\[C@H](C)[C@H](O)[C@@H](C)[C@@H](O)[C@@H](C)[C@H](OC(C)=O)[C@@H]1C)C4=O			4.62	14	5	205.55	4			61	1	CO[C@H]1/C=C/O[C@@]2(C)Oc3c(C)c(O)c4c(c3C2=O)C2=NC3(CCN(CC(C)C)CC3)NC2=C(NC(=O)/C(C)=C\C=C\[C@H](C)[C@H](O)[C@@H](C)[C@@H](O)[C@@H](C)[C@H](OC(C)=O)[C@@H]1C)C4=O	ok
CHEMBL4446782	ORFORGLIPRON	3		Small molecule	0	0	0	0	0			0		Cc1cc(-n2nc3c(c2-n2ccn(-c4ccc5c(cnn5C)c4F)c2=O)[C@H](C)N(C(=O)c2cc4cc([C@H]5CCOC(C)(C)C5)ccc4n2[C@@]2(c4noc(=O)[nH]4)C[C@@H]2C)CC3)cc(C)c1F			7.44	13	1	155.93	7			65	8	Cc1cc(-n2nc3c(c2-n2ccn(-c4ccc5c(cnn5C)c4F)c2=O)[C@H](C)N(C(=O)c2cc4cc([C@H]5CCOC(C)(C)C5)ccc4n2[C@@]2(c4noc(=O)[nH]4)C[C@@H]2C)CC3)cc(C)c1F	ok
CHEMBL444814	L-CITRULLINE	3		Small molecule	0	0	0	1	0			0		NC(=O)NCCC[C@H](N)C(=O)O			-1.15	3	4	118.44	5			12	0	NC(=O)NCCC[C@H](N)C(=O)O	ok
CHEMBL444929	SQUALAMINE	3		Small molecule	0	0	0	1	0			0		CC(C)[C@@H](CC[C@@H](C)[C@H]1CC[C@H]2[C@@H]3[C@H](O)C[C@H]4C[C@@H](NCCCNCCCCN)CC[C@]4(C)[C@H]3CC[C@]12C)OS(=O)(=O)O			5.55	7	5	133.91	16			43	0	CC(C)[C@@H](CC[C@@H](C)[C@H]1CC[C@H]2[C@@H]3[C@H](O)C[C@H]4C[C@@H](NCCCNCCCCN)CC[C@]4(C)[C@H]3CC[C@]12C)OS(=O)(=O)O	ok
CHEMBL445	NORTRIPTYLINE	4	1964	Small molecule	1	0	0	1	0			0		CNCCC=C1c2ccccc2CCc2ccccc21			3.83	1	1	12.03	3			20	2	CNCCC=C1c2ccccc2CCc2ccccc21	ok
CHEMBL4458276	ENMETAZOBACTAM	4	2024	Small molecule	0	1	0	0	0			0		Cn1cc[n+](C[C@@]2(C)[C@H](C(=O)[O-])N3C(=O)C[C@H]3S2(=O)=O)n1			-3.43	7	0	116.28	3			21	1	Cn1cc[n+](C[C@@]2(C)[C@H](C(=O)[O-])N3C(=O)C[C@H]3S2(=O)=O)n1	ok
CHEMBL446	SULFAMETHAZINE	4	1949	Small molecule	1	0	0	1	0			0		Cc1cc(C)nc(NS(=O)(=O)c2ccc(N)cc2)n1			1.48	5	2	97.97	3			19	2	Cc1cc(C)nc(NS(=O)(=O)c2ccc(N)cc2)n1	ok
CHEMBL446143	ORNITHINE	3		Small molecule	0	0	0	1	0			0		NCCC[C@H](N)C(=O)O			-0.86	3	3	89.34	4			9	0	NCCC[C@H](N)C(=O)O	ok
CHEMBL44618	CHLOROFORM	4		Small molecule	0	0	0	1	0			0		ClC(Cl)Cl			1.99	0	0	0	0			4	0	ClC(Cl)Cl	ok
CHEMBL446452	ARUNDINE	3		Small molecule	0	0	0	1	0			0		c1ccc2c(Cc3c[nH]c4ccccc34)c[nH]c2c1			4.24	0	2	31.58	2			19	4	c1ccc2c(Cc3c[nH]c4ccccc34)c[nH]c2c1	ok
CHEMBL44657	ETOPOSIDE	4	1983	Small molecule	1	1	0	1	0			0		COc1cc([C@@H]2c3cc4c(cc3[C@@H](O[C@@H]3O[C@@H]5CO[C@@H](C)O[C@H]5[C@H](O)[C@H]3O)[C@H]3COC(=O)[C@H]23)OCO4)cc(OC)c1O			1.34	13	3	160.83	5			42	2	COc1cc([C@@H]2c3cc4c(cc3[C@@H](O[C@@H]3O[C@@H]5CO[C@@H](C)O[C@H]5[C@H](O)[C@H]3O)[C@H]3COC(=O)[C@H]23)OCO4)cc(OC)c1O	ok
CHEMBL4468815	ZIRESOVIR	3		Small molecule	0	0	0	0	0			0		Cc1ccc2nc(N3CCS(=O)(=O)c4ccccc4C3)nc(NCC3(N)COC3)c2c1			1.87	8	2	110.44	4			31	3	Cc1ccc2nc(N3CCS(=O)(=O)c4ccccc4C3)nc(NCC3(N)COC3)c2c1	ok
CHEMBL447	SECOBARBITAL	4	1950	Small molecule	1	1	1	1	0			0		C=CCC1(C(C)CCC)C(=O)NC(=O)NC1=O			1.35	3	2	75.27	5			17	0	C=CCC1(C(C)CCC)C(=O)NC(=O)NC1=O	ok
CHEMBL4475463	AMCENESTRANT	3		Small molecule	0	0	0	0	0			0		O=C(O)c1ccc2c(c1)CCCC(c1ccc(Cl)cc1Cl)=C2c1ccc(O[C@H]2CCN(CCCF)C2)cc1			7.8	3	1	49.77	8			38	3	O=C(O)c1ccc2c(c1)CCCC(c1ccc(Cl)cc1Cl)=C2c1ccc(O[C@H]2CCN(CCCF)C2)cc1	ok
CHEMBL447955	SERLOPITANT	3		Small molecule	0	0	0	0	0			0		C[C@@H](O[C@H]1CC[C@@H]2CN(C3=CC(=O)CC3)C[C@H]2[C@@H]1c1ccc(F)cc1)c1cc(C(F)(F)F)cc(C(F)(F)F)c1			7.68	3	0	29.54	5			39	2	C[C@@H](O[C@H]1CC[C@@H]2CN(C3=CC(=O)CC3)C[C@H]2[C@@H]1c1ccc(F)cc1)c1cc(C(F)(F)F)cc(C(F)(F)F)c1	ok
CHEMBL448	PENTOBARBITAL	4	1973	Small molecule	1	1	1	1	0			0		CCCC(C)C1(CC)C(=O)NC(=O)NC1=O			1.18	3	2	75.27	4			16	0	CCCC(C)C1(CC)C(=O)NC(=O)NC1=O	ok
CHEMBL4483575	REMIBRUTINIB	3		Small molecule	0	0	0	0	0			0		C=CC(=O)N(C)CCOc1c(N)ncnc1-c1cc(F)cc(NC(=O)c2ccc(C3CC3)cc2F)c1C			4.47	6	2	110.44	9			37	3	C=CC(=O)N(C)CCOc1c(N)ncnc1-c1cc(F)cc(NC(=O)c2ccc(C3CC3)cc2F)c1C	RISK
CHEMBL44884	ETHAMBUTOL	4	1967	Small molecule	1	0	0	1	0			0		CC[C@@H](CO)NCCN[C@@H](CC)CO			-0.29	4	4	64.52	9			14	0	CC[C@@H](CO)NCCN[C@@H](CC)CO	ok
CHEMBL449	BUTABARBITAL	4	1939	Small molecule	1	0	0	1	0			0		CCC(C)C1(CC)C(=O)NC(=O)NC1=O			0.79	3	2	75.27	3			15	0	CCC(C)C1(CC)C(=O)NC(=O)NC1=O	ok
CHEMBL449317	HESPERIDIN	3		Small molecule	0	0	0	1	0			0		COc1ccc([C@@H]2CC(=O)c3c(O)cc(O[C@@H]4O[C@H](CO[C@@H]5O[C@@H](C)[C@H](O)[C@@H](O)[C@H]5O)[C@@H](O)[C@H](O)[C@H]4O)cc3O2)cc1O			-1.16	15	8	234.29	7			43	2	COc1ccc([C@@H]2CC(=O)c3c(O)cc(O[C@@H]4O[C@H](CO[C@@H]5O[C@@H](C)[C@H](O)[C@@H](O)[C@H]5O)[C@@H](O)[C@H](O)[C@H]4O)cc3O2)cc1O	ok
CHEMBL45	MELATONIN	4	2007	Small molecule	1	0	0	1	0			0		COc1ccc2[nH]cc(CCNC(C)=O)c2c1			1.86	2	2	54.12	4			17	2	COc1ccc2[nH]cc(CCNC(C)=O)c2c1	ok
CHEMBL450	METHARBITAL	4	1982	Small molecule	1	0	0	1	0			0		CCC1(CC)C(=O)NC(=O)N(C)C1=O			0.5	3	1	66.48	2			14	0	CCC1(CC)C(=O)NC(=O)N(C)C1=O	ok
CHEMBL45029	MEPHOBARBITAL	4		Small molecule	0	0	0	1	0			0		CCC1(c2ccccc2)C(=O)NC(=O)N(C)C1=O			1.04	3	1	66.48	2			18	1	CCC1(c2ccccc2)C(=O)NC(=O)N(C)C1=O	ok
CHEMBL450449	TRABECTEDIN	4	2007	Small molecule	0	1	0	1	0			0		COc1cc2c(cc1O)CCN[C@]21CS[C@@H]2c3c(OC(C)=O)c(C)c4c(c3[C@H](COC1=O)N1[C@@H]2[C@H]2c3c(cc(C)c(OC)c3O)C[C@@H]([C@@H]1O)N2C)OCO4			3.41	15	4	168.72	3			54	3	COc1cc2c(cc1O)CCN[C@]21CS[C@@H]2c3c(OC(C)=O)c(C)c4c(c3[C@H](COC1=O)N1[C@@H]2[C@H]2c3c(cc(C)c(OC)c3O)C[C@@H]([C@@H]1O)N2C)OCO4	ok
CHEMBL451	CHLORDIAZEPOXIDE	4	1960	Small molecule	1	1	0	1	0			0		CNC1=Nc2ccc(Cl)cc2C(c2ccccc2)=[N+]([O-])C1			2.95	3	1	50.46	1			21	2	CNC1=Nc2ccc(Cl)cc2C(c2ccccc2)=[N+]([O-])C1	ok
CHEMBL451930	PLITIDEPSIN	4	2018	Small molecule	0	0	0	1	0			0		CC[C@H](C)[C@H]1NC(=O)[C@@H](NC(=O)[C@@H](CC(C)C)N(C)C(=O)[C@@H]2CCCN2C(=O)C(C)=O)[C@@H](C)OC(=O)[C@H](Cc2ccc(OC)cc2)N(C)C(=O)[C@@H]2CCCN2C(=O)[C@H](CC(C)C)NC(=O)[C@@H](C)C(=O)[C@H](C(C)C)OC(=O)C[C@@H]1O												CC[C@H](C)[C@H]1NC(=O)[C@@H](NC(=O)[C@@H](CC(C)C)N(C)C(=O)[C@@H]2CCCN2C(=O)C(C)=O)[C@@H](C)OC(=O)[C@H](Cc2ccc(OC)cc2)N(C)C(=O)[C@@H]2CCCN2C(=O)[C@H](CC(C)C)NC(=O)[C@@H](C)C(=O)[C@H](C(C)C)OC(=O)C[C@@H]1O	ok
CHEMBL452	CLONAZEPAM	4	1975	Small molecule	1	0	0	1	0			0		O=C1CN=C(c2ccccc2Cl)c2cc([N+](=O)[O-])ccc2N1			3.04	4	1	84.6	2			22	2	O=C1CN=C(c2ccccc2Cl)c2cc([N+](=O)[O-])ccc2N1	ok
CHEMBL452076	CILNIDIPINE	3		Small molecule	0	0	0	1	0			0		COCCOC(=O)C1=C(C)NC(C)=C(C(=O)OC/C=C/c2ccccc2)C1c1cccc([N+](=O)[O-])c1			4.28	8	1	117	10			36	2	COCCOC(=O)C1=C(C)NC(C)=C(C(=O)OC/C=C/c2ccccc2)C1c1cccc([N+](=O)[O-])c1	ok
CHEMBL452231	TENIPOSIDE	4	1992	Small molecule	0	1	0	1	0			0		COc1cc([C@@H]2c3cc4c(cc3[C@@H](O[C@@H]3O[C@@H]5CO[C@@H](c6cccs6)O[C@H]5[C@H](O)[C@H]3O)[C@H]3COC(=O)[C@H]23)OCO4)cc(OC)c1O			2.75	14	3	160.83	6			46	3	COc1cc([C@@H]2c3cc4c(cc3[C@@H](O[C@@H]3O[C@@H]5CO[C@@H](c6cccs6)O[C@H]5[C@H](O)[C@H]3O)[C@H]3COC(=O)[C@H]23)OCO4)cc(OC)c1O	ok
CHEMBL4525964	VANIPREVIR	3		Small molecule	0	0	0	1	0			0		CC[C@@H]1C[C@]1(NC(=O)[C@@H]1C[C@@H]2CN1C(=O)[C@H](C(C)(C)C)NC(=O)OCC(C)(C)CCCCc1cccc3c1CN(C3)C(=O)O2)C(=O)NS(=O)(=O)C1CC1			3.9	9	3	180.52	6			53	1	CC[C@@H]1C[C@]1(NC(=O)[C@@H]1C[C@@H]2CN1C(=O)[C@H](C(C)(C)C)NC(=O)OCC(C)(C)CCCCc1cccc3c1CN(C3)C(=O)O2)C(=O)NS(=O)(=O)C1CC1	ok
CHEMBL453	SULFISOXAZOLE	4	1971	Small molecule	1	1	1	1	0			0		Cc1noc(NS(=O)(=O)c2ccc(N)cc2)c1C			1.67	5	2	98.22	3			18	2	Cc1noc(NS(=O)(=O)c2ccc(N)cc2)c1C	ok
CHEMBL4533605	ZIDEBACTAM	3		Small molecule	0	0	0	1	0			0		O=C(NNC(=O)[C@@H]1CC[C@@H]2CN1C(=O)N2OS(=O)(=O)O)[C@@H]1CCCNC1			-1.86	7	4	157.38	4			26	0	O=C(NNC(=O)[C@@H]1CC[C@@H]2CN1C(=O)N2OS(=O)(=O)O)[C@@H]1CCCNC1	ok
CHEMBL4535757	SOTORASIB	4	2021	Small molecule	1	0	0	0	0			0		C=CC(=O)N1CCN(c2nc(=O)n(-c3c(C)ccnc3C(C)C)c3nc(-c4c(O)cccc4F)c(F)cc23)[C@@H](C)C1			4.48	8	1	104.45	5			41	4	C=CC(=O)N1CCN(c2nc(=O)n(-c3c(C)ccnc3C(C)C)c3nc(-c4c(O)cccc4F)c(F)cc23)[C@@H](C)C1	ok
CHEMBL454	BUTALBITAL	4	1983	Small molecule	1	0	0	1	0			0		C=CCC1(CC(C)C)C(=O)NC(=O)NC1=O			0.96	3	2	75.27	4			16	0	C=CCC1(CC(C)C)C(=O)NC(=O)NC1=O	ok
CHEMBL4541964	ZATOLMILAST	3		Small molecule	0	0	0	0	0			0		O=C(O)Cc1ccc(Cc2cc(-c3cccc(Cl)c3)nc(C(F)(F)F)c2)cc1			5.64	2	1	50.19	5			28	3	O=C(O)Cc1ccc(Cc2cc(-c3cccc(Cl)c3)nc(C(F)(F)F)c2)cc1	ok
CHEMBL454446	CEFDITOREN PIVOXIL	4	2001	Small molecule	1	0	0	1	1			0		CO/N=C(\C(=O)N[C@@H]1C(=O)N2C(C(=O)OCOC(=O)C(C)(C)C)=C(/C=C\c3scnc3C)CS[C@H]12)c1csc(N)n1			2.3	14	2	175.4	9			41	2	CO/N=C(\C(=O)N[C@@H]1C(=O)N2C(C(=O)OCOC(=O)C(C)(C)C)=C(/C=C\c3scnc3C)CS[C@H]12)c1csc(N)n1	ok
CHEMBL454801	UBIDECARENONE	3		Small molecule	0	0	0	1	0			0		COC1=C(OC)C(=O)C(C/C=C(\C)CC/C=C(\C)CC/C=C(\C)CC/C=C(\C)CC/C=C(\C)CC/C=C(\C)CC/C=C(\C)CC/C=C(\C)CC/C=C(\C)CCC=C(C)C)=C(C)C1=O			17.85	4	0	52.6	31			63	0	COC1=C(OC)C(=O)C(C/C=C(\C)CC/C=C(\C)CC/C=C(\C)CC/C=C(\C)CC/C=C(\C)CC/C=C(\C)CC/C=C(\C)CC/C=C(\C)CC/C=C(\C)CCC=C(C)C)=C(C)C1=O	ok
CHEMBL455	SULFACETAMIDE	4	1945	Small molecule	0	0	1	1	0			0		CC(=O)NS(=O)(=O)c1ccc(N)cc1			0.09	4	2	89.26	2			14	1	CC(=O)NS(=O)(=O)c1ccc(N)cc1	ok
CHEMBL455136	ALMOREXANT	3		Small molecule	0	0	0	0	0			0		CNC(=O)[C@@H](c1ccccc1)N1CCc2cc(OC)c(OC)cc2[C@@H]1CCc1ccc(C(F)(F)F)cc1			5.74	4	1	50.8	8			37	3	CNC(=O)[C@@H](c1ccccc1)N1CCc2cc(OC)c(OC)cc2[C@@H]1CCc1ccc(C(F)(F)F)cc1	ok
CHEMBL455186	TREOSULFAN	4	2019	Small molecule	0	0	0	1	0			0		CS(=O)(=O)OC[C@H](O)[C@@H](O)COS(C)(=O)=O			-2.34	8	2	127.2	7			16	0	CS(=O)(=O)OC[C@H](O)[C@@H](O)COS(C)(=O)=O	ok
CHEMBL4558324	LAZERTINIB	4	2024	Small molecule	1	0	0	0	0			0		C=CC(=O)Nc1cc(Nc2nccc(-n3cc(CN(C)C)c(-c4ccccc4)n3)n2)c(OC)cc1N1CCOCC1			4.1	10	2	109.67	10			41	4	C=CC(=O)Nc1cc(Nc2nccc(-n3cc(CN(C)C)c(-c4ccccc4)n3)n2)c(OC)cc1N1CCOCC1	ok
CHEMBL4559134	SELPERCATINIB	4	2020	Small molecule	1	0	0	0	0			0		COc1ccc(CN2C3CC2CN(c2ccc(-c4cc(OCC(C)(C)O)cn5ncc(C#N)c45)cn2)C3)cn1			3.28	10	1	112.04	8			39	4	COc1ccc(CN2C3CC2CN(c2ccc(-c4cc(OCC(C)(C)O)cn5ncc(C#N)c45)cn2)C3)cn1	ok
CHEMBL455917	CHLORAL HYDRATE	4		Small molecule	0	0	0	1	0			0		OC(O)C(Cl)(Cl)Cl			0.67	2	2	40.46	0			7	0	OC(O)C(Cl)(Cl)Cl	ok
CHEMBL456	ETHACRYNIC ACID	4	1967	Small molecule	1	1	0	1	0			0		C=C(CC)C(=O)c1ccc(OCC(=O)O)c(Cl)c1Cl			3.61	3	1	63.6	6			19	1	C=C(CC)C(=O)c1ccc(OCC(=O)O)c(Cl)c1Cl	ok
CHEMBL456341	LENABASUM	3		Small molecule	0	0	0	1	0			0		CCCCCCC(C)(C)c1cc(O)c2c(c1)OC(C)(C)[C@@H]1CC=C(C(=O)O)C[C@@H]21			6.32	3	2	66.76	7			29	1	CCCCCCC(C)(C)c1cc(O)c2c(c1)OC(C)(C)[C@@H]1CC=C(C(=O)O)C[C@@H]21	ok
CHEMBL457	GEMFIBROZIL	4	1981	Small molecule	1	0	0	1	0			0		Cc1ccc(C)c(OCCCC(C)(C)C(=O)O)c1			3.57	2	1	46.53	6			18	1	Cc1ccc(C)c(OCCCC(C)(C)C(=O)O)c1	ok
CHEMBL457547	MICAFUNGIN	4	2005	Small molecule	0	1	0	1	0			0		CCCCCOc1ccc(-c2cc(-c3ccc(C(=O)N[C@H]4C[C@@H](O)[C@@H](O)NC(=O)[C@@H]5[C@@H](O)[C@@H](C)CN5C(=O)[C@H]([C@H](O)CC(N)=O)NC(=O)[C@H]([C@H](O)[C@@H](O)c5ccc(O)c(OS(=O)(=O)O)c5)NC(=O)[C@@H]5C[C@@H](O)CN5C(=O)[C@H]([C@@H](C)O)NC4=O)cc3)no2)cc1												CCCCCOc1ccc(-c2cc(-c3ccc(C(=O)N[C@H]4C[C@@H](O)[C@@H](O)NC(=O)[C@@H]5[C@@H](O)[C@@H](C)CN5C(=O)[C@H]([C@H](O)CC(N)=O)NC(=O)[C@H]([C@H](O)[C@@H](O)c5ccc(O)c(OS(=O)(=O)O)c5)NC(=O)[C@@H]5C[C@@H](O)CN5C(=O)[C@H]([C@@H](C)O)NC4=O)cc3)no2)cc1	ok
CHEMBL45816	MIBEFRADIL	4	1997	Small molecule	1	0	0	0	0			0		COCC(=O)O[C@]1(CCN(C)CCCc2nc3ccccc3[nH]2)CCc2cc(F)ccc2[C@@H]1C(C)C			5.27	5	1	67.45	11			36	3	COCC(=O)O[C@]1(CCN(C)CCCc2nc3ccccc3[nH]2)CCc2cc(F)ccc2[C@@H]1C(C)C	RISK
CHEMBL4582651	PRALSETINIB	4	2020	Small molecule	1	0	0	0	0			0		CO[C@]1(C(=O)N[C@@H](C)c2ccc(-n3cc(F)cn3)nc2)CC[C@H](c2nc(C)cc(Nc3cc(C)[nH]n3)n2)CC1			4.2	9	3	135.53	8			39	4	CO[C@]1(C(=O)N[C@@H](C)c2ccc(-n3cc(F)cn3)nc2)CC[C@H](c2nc(C)cc(Nc3cc(C)[nH]n3)n2)CC1	ok
CHEMBL4583691	NAPORAFENIB	3		Small molecule	0	0	0	0	0			0		Cc1ccc(NC(=O)c2ccnc(C(F)(F)F)c2)cc1-c1cc(OCCO)nc(N2CCOCC2)c1			3.93	7	2	96.81	7			36	3	Cc1ccc(NC(=O)c2ccnc(C(F)(F)F)c2)cc1-c1cc(OCCO)nc(N2CCOCC2)c1	ok
CHEMBL4585668	BELZUTIFAN	4	2021	Small molecule	1	0	0	0	0			0		CS(=O)(=O)c1ccc(Oc2cc(F)cc(C#N)c2)c2c1[C@H](O)[C@H](F)[C@@H]2F			3.29	5	1	87.39	3			26	2	CS(=O)(=O)c1ccc(Oc2cc(F)cc(C#N)c2)c2c1[C@H](O)[C@H](F)[C@@H]2F	ok
CHEMBL458875	CLEVUDINE	3		Small molecule	0	0	0	0	1			0		Cc1cn([C@H]2O[C@@H](CO)[C@H](O)[C@H]2F)c(=O)[nH]c1=O			-1.57	6	3	104.55	2			18	1	Cc1cn([C@H]2O[C@@H](CO)[C@H](O)[C@H]2F)c(=O)[nH]c1=O	ok
CHEMBL459	METHYLDOPA	4	1962	Small molecule	1	0	0	1	0			0		C[C@](N)(Cc1ccc(O)c(O)c1)C(=O)O			0.44	4	4	103.78	3			15	1	C[C@](N)(Cc1ccc(O)c(O)c1)C(=O)O	ok
CHEMBL459016	GENIPIN	3		Small molecule	0	0	0	1	0			0		COC(=O)C1=CO[C@@H](O)[C@@H]2C(CO)=CC[C@H]12			-0.05	5	2	75.99	2			16	0	COC(=O)C1=CO[C@@H](O)[C@@H]2C(CO)=CC[C@H]12	ok
CHEMBL4592045	NAVACAPRANT	3		Small molecule	0	0	0	0	0			0		CCc1cc(F)c2nc(N3CCC(NC4CCOCC4)CC3)c(-c3nc(C)no3)c(C)c2c1			4.34	7	1	76.31	5			33	3	CCc1cc(F)c2nc(N3CCC(NC4CCOCC4)CC3)c(-c3nc(C)no3)c(C)c2c1	RISK
CHEMBL459265	HEXAMETHYL PARAROSANILINE	4	1982	Small molecule	0	0	1	1	0			0		CN(C)c1ccc(C(=C2C=CC(=[N+](C)C)C=C2)c2ccc(N(C)C)cc2)cc1			4.46	2	0	9.49	4			28	2	CN(C)c1ccc(C(=C2C=CC(=[N+](C)C)C=C2)c2ccc(N(C)C)cc2)cc1	ok
CHEMBL459324	DIACETYLMORPHINE	3		Small molecule	0	0	0	1	0			0		CC(=O)Oc1ccc2c3c1O[C@H]1[C@@H](OC(C)=O)C=C[C@H]4[C@@H](C2)N(C)CC[C@@]341			1.99	6	0	65.07	2			27	1	CC(=O)Oc1ccc2c3c1O[C@H]1[C@@H](OC(C)=O)C=C[C@H]4[C@@H](C2)N(C)CC[C@@]341	ok
CHEMBL4594246	SULOPENEM ETZADROXIL	4	2024	Small molecule	1	0	0	1	1			0		CCC(CC)C(=O)OCOC(=O)C1=C(S[C@H]2CC[S+]([O-])C2)S[C@@H]2[C@@H]([C@@H](C)O)C(=O)N12			1.8	9	1	116.2	9			30	0	CCC(CC)C(=O)OCOC(=O)C1=C(S[C@H]2CC[S+]([O-])C2)S[C@@H]2[C@@H]([C@@H](C)O)C(=O)N12	ok
CHEMBL4594250	NETARSUDIL	4	2017	Small molecule	0	0	1	1	1			0		Cc1ccc(C(=O)OCc2ccc([C@@H](CN)C(=O)Nc3ccc4cnccc4c3)cc2)c(C)c1			4.89	5	2	94.31	7			34	4	Cc1ccc(C(=O)OCc2ccc([C@@H](CN)C(=O)Nc3ccc4cnccc4c3)cc2)c(C)c1	ok
CHEMBL4594261	FLUOROESTRADIOL F-18	4	2020	Small molecule	0	1	0	0	0			0		C[C@]12CC[C@@H]3c4ccc(O)cc4CC[C@H]3[C@@H]1C[C@@H]([18F])[C@@H]2O			3.56	2	2	40.46	0			21	1	C[C@]12CC[C@@H]3c4ccc(O)cc4CC[C@H]3[C@@H]1C[C@@H]([18F])[C@@H]2O	ok
CHEMBL4594287	ENSIFENTRINE	4	2024	Small molecule	0	0	1	0	0			0		COc1cc2c(cc1OC)-c1c/c(=N\c3c(C)cc(C)cc3C)n(CCNC(N)=O)c(=O)n1CC2			2.72	7	2	112.87	6			35	3	COc1cc2c(cc1OC)-c1c/c(=N\c3c(C)cc(C)cc3C)n(CCNC(N)=O)c(=O)n1CC2	ok
CHEMBL4594290	TANIBORBACTAM	3		Small molecule	0	0	0	0	0			0		NCCNC1CCC(CC(=O)N[C@H]2Cc3cccc(C(=O)O)c3OB2O)CC1												NCCNC1CCC(CC(=O)N[C@H]2Cc3cccc(C(=O)O)c3OB2O)CC1	ok
CHEMBL4594298	ENCEQUIDAR	3		Small molecule	0	0	0	1	0			0		COc1cc2c(cc1OC)CN(CCc1ccc(-n3nnc(-c4cc(OC)c(OC)cc4NC(=O)c4cc(=O)c5ccccc5o4)n3)cc1)CC2			5.32	12	1	143.07	11			51	6	COc1cc2c(cc1OC)CN(CCc1ccc(-n3nnc(-c4cc(OC)c(OC)cc4NC(=O)c4cc(=O)c5ccccc5o4)n3)cc1)CC2	ok
CHEMBL4594350	ADAGRASIB	4	2022	Small molecule	1	0	0	0	0			0		C=C(F)C(=O)N1CCN(c2nc(OC[C@@H]3CCCN3C)nc3c2CCN(c2cccc4cccc(Cl)c24)C3)C[C@@H]1CC#N			4.73	8	0	88.83	7			43	3	C=C(F)C(=O)N1CCN(c2nc(OC[C@@H]3CCCN3C)nc3c2CCN(c2cccc4cccc(Cl)c24)C3)C[C@@H]1CC#N	ok
CHEMBL4594371	CEFTAROLINE	3		Small molecule	0	0	0	0	0			0		CCO/N=C(\C(=O)N[C@@H]1C(=O)N2C(C(=O)[O-])=C(Sc3nc(-c4cc[n+](C)cc4)cs3)CS[C@H]12)c1nsc(N)n1			-0.04	14	2	179.7	9			39	3	CCO/N=C(\C(=O)N[C@@H]1C(=O)N2C(C(=O)[O-])=C(Sc3nc(-c4cc[n+](C)cc4)cs3)CS[C@H]12)c1nsc(N)n1	ok
CHEMBL4594379	FOSLEVODOPA	4	2024	Small molecule	0	1	0	0	1			0		N[C@@H](Cc1ccc(OP(=O)(O)O)c(O)c1)C(=O)O			-0.18	5	5	150.31	5			18	1	N[C@@H](Cc1ccc(OP(=O)(O)O)c(O)c1)C(=O)O	ok
CHEMBL4594381	DEURUXOLITINIB	3		Small molecule	0	0	0	0	0			0		[2H]C1([2H])C([C@@H](CC#N)n2cc(-c3ncnc4[nH]ccc34)cn2)C([2H])([2H])C([2H])([2H])C1([2H])[2H]			3.47	5	1	83.18	4			23	3	[2H]C1([2H])C([C@@H](CC#N)n2cc(-c3ncnc4[nH]ccc34)cn2)C([2H])([2H])C([2H])([2H])C1([2H])[2H]	ok
CHEMBL4594401	RAFUTROMBOPAG	3		Small molecule	0	0	0	0	0			0		CC1=NN(c2ccc3c(c2)CCCC3)C(=O)/C1=N\Nc1cccc(-c2ccc(C(=O)O)o2)c1O			4.42	7	3	127.73	5			34	3	CC1=NN(c2ccc3c(c2)CCCC3)C(=O)/C1=N\Nc1cccc(-c2ccc(C(=O)O)o2)c1O	ok
CHEMBL4594417	PRUXELUTAMIDE	3		Small molecule	0	0	0	0	0			0		CC1(C)C(=O)N(c2ccc(C#N)c(C(F)(F)F)c2F)C(=S)N1c1ccc(CCCc2ncco2)nc1			5.19	6	0	86.26	6			36	3	CC1(C)C(=O)N(c2ccc(C#N)c(C(F)(F)F)c2F)C(=S)N1c1ccc(CCCc2ncco2)nc1	ok
CHEMBL4594421	DEUTENZALUTAMIDE	3		Small molecule	0	0	0	0	0			0		[2H]C([2H])([2H])NC(=O)c1ccc(N2C(=S)N(c3ccc(C#N)c(C(F)(F)F)c3)C(=O)C2(C)C)cc1F			3.99	4	1	76.44	3			32	2	[2H]C([2H])([2H])NC(=O)c1ccc(N2C(=S)N(c3ccc(C#N)c(C(F)(F)F)c3)C(=O)C2(C)C)cc1F	ok
CHEMBL4594437	CENTHAQUINE	3		Small molecule	0	0	0	0	0			0		Cc1cccc(N2CCN(CCc3ccc4ccccc4n3)CC2)c1			3.91	3	0	19.37	4			25	3	Cc1cccc(N2CCN(CCc3ccc4ccccc4n3)CC2)c1	ok
CHEMBL4594438	LENACAPAVIR	4	2022	Small molecule	1	1	0	0	0			0		CC(C)(C#Cc1ccc(-c2ccc(Cl)c3c(NS(C)(=O)=O)nn(CC(F)(F)F)c23)c([C@H](Cc2cc(F)cc(F)c2)NC(=O)Cn2nc(C(F)(F)F)c3c2C(F)(F)[C@@H]2C[C@H]32)n1)S(C)(=O)=O			7.66	10	2	157.94	11			64	5	CC(C)(C#Cc1ccc(-c2ccc(Cl)c3c(NS(C)(=O)=O)nn(CC(F)(F)F)c23)c([C@H](Cc2cc(F)cc(F)c2)NC(=O)Cn2nc(C(F)(F)F)c3c2C(F)(F)[C@@H]2C[C@H]32)n1)S(C)(=O)=O	ok
CHEMBL4594445	ABEPRAZAN	3		Small molecule	0	0	0	0	0			0		CNCc1cn(S(=O)(=O)c2cccc(F)c2)c(-c2ccc(F)cc2F)c1OC			3.54	5	1	60.33	6			28	3	CNCc1cn(S(=O)(=O)c2cccc(F)c2)c(-c2ccc(F)cc2F)c1OC	ok
CHEMBL4594446	DOTINURAD	3		Small molecule	0	0	0	0	0			0		O=C(c1cc(Cl)c(O)c(Cl)c1)N1CS(=O)(=O)c2ccccc21			3.09	4	1	74.68	1			22	2	O=C(c1cc(Cl)c(O)c(Cl)c1)N1CS(=O)(=O)c2ccccc21	ok
CHEMBL4594448	IPTACOPAN	4	2023	Small molecule	1	0	0	0	0			0		CCO[C@H]1CCN(Cc2c(OC)cc(C)c3[nH]ccc23)[C@H](c2ccc(C(=O)O)cc2)C1			4.93	4	2	74.79	7			31	3	CCO[C@H]1CCN(Cc2c(OC)cc(C)c3[nH]ccc23)[C@H](c2ccc(C(=O)O)cc2)C1	ok
CHEMBL4596392	CRAVACITINIB	4	2022	Small molecule	1	0	0	0	0			0		CNC(=O)c1nnc(NC(=O)C2CC2)cc1Nc1cccc(-c2ncn(C)n2)c1OC			1.73	9	3	135.95	7			31	3	CNC(=O)c1nnc(NC(=O)C2CC2)cc1Nc1cccc(-c2ncn(C)n2)c1OC	ok
CHEMBL46	ONDANSETRON	4	1991	Small molecule	1	1	0	1	0			0		Cc1nccn1CC1CCc2c(c3ccccc3n2C)C1=O			3.13	4	0	39.82	2			22	3	Cc1nccn1CC1CCc2c(c3ccccc3n2C)C1=O	RISK
CHEMBL460	MOLINDONE	4	1974	Small molecule	1	0	0	1	0			0		CCc1c(C)[nH]c2c1C(=O)C(CN1CCOCC1)CC2			1.96	3	1	45.33	3			20	1	CCc1c(C)[nH]c2c1C(=O)C(CN1CCOCC1)CC2	ok
CHEMBL460026	ICOSAPENT	3		Small molecule	0	0	0	1	0			0		CC/C=C\C/C=C\C/C=C\C/C=C\C/C=C\CCCC(=O)O			5.99	1	1	37.3	13			22	0	CC/C=C\C/C=C\C/C=C\C/C=C\C/C=C\CCCC(=O)O	ok
CHEMBL460291	LACIDIPINE	3		Small molecule	0	0	0	1	0			0		CCOC(=O)C1=C(C)NC(C)=C(C(=O)OCC)C1c1ccccc1/C=C/C(=O)OC(C)(C)C			4.4	7	1	90.93	7			33	1	CCOC(=O)C1=C(C)NC(C)=C(C(=O)OCC)C1c1ccccc1/C=C/C(=O)OC(C)(C)C	ok
CHEMBL46058	ETHYL CHLORIDE	4		Small molecule	0	0	0	1	0			0		CCCl			1.25	0	0	0	0			3	0	CCCl	ok
CHEMBL461101	ELTROMBOPAG	4	2008	Small molecule	1	0	0	1	0			0		CC1=NN(c2ccc(C)c(C)c2)C(=O)/C1=N\Nc1cccc(-c2cccc(C(=O)O)c2)c1O			4.56	6	3	114.59	5			33	3	CC1=NN(c2ccc(C)c(C)c2)C(=O)/C1=N\Nc1cccc(-c2cccc(C(=O)O)c2)c1O	RISK
CHEMBL461522	METAMIZOLE	4		Small molecule	0	0	0	1	0			0		Cc1c(N(C)CS(=O)(=O)O)c(=O)n(-c2ccccc2)n1C			0.77	6	1	84.54	4			21	2	Cc1c(N(C)CS(=O)(=O)O)c(=O)n(-c2ccccc2)n1C	ok
CHEMBL462019	TROFOSFAMIDE	3		Small molecule	0	0	0	1	0			0		O=P1(N(CCCl)CCCl)OCCCN1CCCl			2.84	2	0	32.78	7			17	0	O=P1(N(CCCl)CCCl)OCCCN1CCCl	ok
CHEMBL462394	METRIZAMIDE	4	1978	Small molecule	0	1	0	1	0			0		CC(=O)Nc1c(I)c(C(=O)N[C@H]2C(O)O[C@H](CO)[C@@H](O)[C@@H]2O)c(I)c(N(C)C(C)=O)c1I			-0.03	8	6	168.66	5			32	1	CC(=O)Nc1c(I)c(C(=O)N[C@H]2C(O)O[C@H](CO)[C@@H](O)[C@@H]2O)c(I)c(N(C)C(C)=O)c1I	ok
CHEMBL462547	URETHANE	4		Small molecule	0	0	0	1	0			0		CCOC(N)=O			0.1	2	1	52.32	1			6	0	CCOC(N)=O	ok
CHEMBL46257	PUTRESCINE	3		Small molecule	0	0	0	1	0			0		NCCCCN			-0.32	2	2	52.04	3			6	0	NCCCCN	ok
CHEMBL462605	PITOLISANT	4	2016	Small molecule	1	0	0	1	0			0		Clc1ccc(CCCOCCCN2CCCCC2)cc1			4.17	2	0	12.47	8			20	1	Clc1ccc(CCCOCCCN2CCCCC2)cc1	RISK
CHEMBL46286	OMACETAXINE MEPESUCCINATE	4	2009	Small molecule	0	1	0	1	0			0		COC(=O)C[C@](O)(CCCC(C)(C)O)C(=O)O[C@@H]1C(OC)=C[C@]23CCCN2CCc2cc4c(cc2[C@H]13)OCO4			2.58	10	2	123.99	9			39	1	COC(=O)C[C@](O)(CCCC(C)(C)O)C(=O)O[C@@H]1C(OC)=C[C@]23CCCN2CCc2cc4c(cc2[C@H]13)OCO4	ok
CHEMBL463	AMINOHIPPURIC ACID	4	1982	Small molecule	0	1	0	1	0			0		Nc1ccc(C(=O)NCC(=O)O)cc1			0.08	3	3	92.42	3			14	1	Nc1ccc(C(=O)NCC(=O)O)cc1	ok
CHEMBL463763	TRIPTOLIDE	3		Small molecule	0	0	0	1	0			0		CC(C)[C@]12O[C@H]1[C@@H]1O[C@]13[C@]1(O[C@H]1C[C@H]1C4=C(CC[C@@]13C)C(=O)OC4)[C@@H]2O			1.1	6	1	84.12	1			26	0	CC(C)[C@]12O[C@H]1[C@@H]1O[C@]13[C@]1(O[C@H]1C[C@H]1C4=C(CC[C@@]13C)C(=O)OC4)[C@@H]2O	ok
CHEMBL464	ETRETINATE	4	1986	Small molecule	1	0	0	1	0			0		CCOC(=O)/C=C(C)/C=C/C=C(C)/C=C/c1c(C)cc(OC)c(C)c1C			5.65	3	0	35.53	7			26	1	CCOC(=O)/C=C(C)/C=C/C=C(C)/C=C/c1c(C)cc(OC)c(C)c1C	ok
CHEMBL464792	TRANSCROCETIN	3		Small molecule	0	0	0	1	0			0		CC(/C=C/C=C(\C)C(=O)O)=C\C=C\C=C(C)\C=C\C=C(/C)C(=O)O			4.61	2	2	74.6	8			24	0	CC(/C=C/C=C(\C)C(=O)O)=C\C=C\C=C(C)\C=C\C=C(/C)C(=O)O	ok
CHEMBL4648616	MEZIGDOMIDE	3		Small molecule	0	0	0	0	0			0		N#Cc1ccc(N2CCN(Cc3ccc(COc4cccc5c4CN([C@H]4CCC(=O)NC4=O)C5=O)cc3)CC2)c(F)c1			3.36	7	1	105.98	7			42	3	N#Cc1ccc(N2CCN(Cc3ccc(COc4cccc5c4CN([C@H]4CCC(=O)NC4=O)C5=O)cc3)CC2)c(F)c1	ok
CHEMBL464982	GAMOLENIC ACID	3		Small molecule	0	0	0	1	0			0		CCCCC/C=C\C/C=C\C/C=C\CCCCC(=O)O			5.66	1	1	37.3	13			20	0	CCCCC/C=C\C/C=C\C/C=C\CCCCC(=O)O	ok
CHEMBL465	DRONABINOL	4	1985	Small molecule	1	0	0	1	0			0		CCCCCc1cc(O)c2c(c1)OC(C)(C)[C@@H]1CCC(C)=C[C@@H]21			5.74	2	1	29.46	4			23	1	CCCCCc1cc(O)c2c(c1)OC(C)(C)[C@@H]1CCC(C)=C[C@@H]21	ok
CHEMBL4650214	ZANDELISIB	3		Small molecule	0	0	0	0	0			0		CN1CCC(c2ccccc2CC(C)(C)Nc2nc(N3CCOCC3)nc(-n3c(C(F)F)nc4ccccc43)n2)CC1			5.23	9	1	84.23	8			42	4	CN1CCC(c2ccccc2CC(C)(C)Nc2nc(N3CCOCC3)nc(-n3c(C(F)F)nc4ccccc43)n2)CC1	ok
CHEMBL4650215	INAVOLISIB	4	2024	Small molecule	1	0	0	0	0			0		C[C@H](Nc1ccc2c(c1)OCCn1cc(N3C(=O)OC[C@H]3C(F)F)nc1-2)C(N)=O			1.82	7	2	111.71	5			29	2	C[C@H](Nc1ccc2c(c1)OCCn1cc(N3C(=O)OC[C@H]3C(F)F)nc1-2)C(N)=O	ok
CHEMBL4650221	OMEGA-3-PENTAENOIC ACIDS	3		Small molecule	0	0	0	0	0			0		CC/C=C/C/C=C/C/C=C/C/C=C/C/C=C/CCCC(=O)O.CC/C=C/C/C=C/C/C=C/C/C=C/C/C=C/CCCCC(=O)O.CC/C=C/C/C=C/C/C=C/C/C=C/C/C=C/CCCCCC(=O)O												CC/C=C/C/C=C/C/C=C/C/C=C/C/C=C/CCCCCC(=O)O	ok
CHEMBL4650230	SIMUFILAM	3		Small molecule	0	0	0	0	0			0		CN1CCC2(CC1)NCC(=O)N2Cc1ccccc1			1.04	3	1	35.58	2			19	1	CN1CCC2(CC1)NCC(=O)N2Cc1ccccc1	ok
CHEMBL465026	NEFOPAM	4		Small molecule	0	0	0	1	0			0		CN1CCOC(c2ccccc2)c2ccccc2C1			3.24	2	0	12.47	1			19	2	CN1CCOC(c2ccccc2)c2ccccc2C1	ok
CHEMBL4650276	REZVILUTAMIDE	3		Small molecule	0	0	0	0	0			0		CC1(C)C(=O)N(c2ccc(C#N)c(C(F)(F)F)c2)C(=S)N1c1ccc(OC[C@@H](O)CO)cc1			3.23	6	2	97.03	6			33	2	CC1(C)C(=O)N(c2ccc(C#N)c(C(F)(F)F)c2)C(=S)N1c1ccc(OC[C@@H](O)CO)cc1	ok
CHEMBL4650281	CLN-081	3		Small molecule	0	0	0	0	0			0		C=CC(=O)N[C@H]1C=C(C)c2c(-c3cnc4ccccc4c3)c3c(N)ncnc3n2C1			3.32	6	2	98.72	3			30	4	C=CC(=O)N[C@H]1C=C(C)c2c(-c3cnc4ccccc4c3)c3c(N)ncnc3n2C1	ok
CHEMBL4650301	VALILTRAMIPROSATE	3		Small molecule	0	0	0	0	1			0		CC(C)[C@H](N)C(=O)NCCCS(=O)(=O)O			-0.64	4	3	109.49	6			15	0	CC(C)[C@H](N)C(=O)NCCCS(=O)(=O)O	ok
CHEMBL4650314	DESIDUSTAT	3		Small molecule	0	0	0	0	0			0		O=C(O)CNC(=O)c1c(O)c2ccccc2n(OCC2CC2)c1=O			0.36	6	3	117.86	6			24	2	O=C(O)CNC(=O)c1c(O)c2ccccc2n(OCC2CC2)c1=O	ok
CHEMBL4650316	GIREDESTRANT	3		Small molecule	0	0	0	0	0			0		C[C@@H]1Cc2c([nH]c3ccccc23)[C@@H](c2c(F)cc(NC3CN(CCCF)C3)cc2F)N1CC(F)(F)CO			4.87	4	3	54.53	9			37	3	C[C@@H]1Cc2c([nH]c3ccccc23)[C@@H](c2c(F)cc(NC3CN(CCCF)C3)cc2F)N1CC(F)(F)CO	RISK
CHEMBL4650319	MOBOCERTINIB	4	2021	Small molecule	1	0	0	0	0			0		C=CC(=O)Nc1cc(Nc2ncc(C(=O)OC(C)C)c(-c3cn(C)c4ccccc34)n2)c(OC)cc1N(C)CCN(C)C			5.08	10	2	113.85	12			43	4	C=CC(=O)Nc1cc(Nc2ncc(C(=O)OC(C)C)c(-c3cn(C)c4ccccc34)n2)c(OC)cc1N(C)CCN(C)C	ok
CHEMBL4650320	MOLNUPIRAVIR	3		Small molecule	0	0	0	0	1			0		CC(C)C(=O)OC[C@H]1O[C@@H](n2cc/c(=N\O)[nH]c2=O)[C@H](O)[C@@H]1O			-1.72	9	4	146.37	4			23	1	CC(C)C(=O)OC[C@H]1O[C@@H](n2cc/c(=N\O)[nH]c2=O)[C@H](O)[C@@H]1O	ok
CHEMBL4650321	ORELABRUTINIB	3		Small molecule	0	0	0	0	0			0		C=CC(=O)N1CCC(c2ccc(C(N)=O)c(-c3ccc(Oc4ccccc4)cc3)n2)CC1			4.53	4	1	85.52	6			32	3	C=CC(=O)N1CCC(c2ccc(C(N)=O)c(-c3ccc(Oc4ccccc4)cc3)n2)CC1	ok
CHEMBL4650323	TOLEBRUTINIB	3		Small molecule	0	0	0	0	0			0		C=CC(=O)N1CCC[C@@H](n2c(=O)n(-c3ccc(Oc4ccccc4)cc3)c3c(N)nccc32)C1			3.91	7	1	95.38	5			34	4	C=CC(=O)N1CCC[C@@H](n2c(=O)n(-c3ccc(Oc4ccccc4)cc3)c3c(N)nccc32)C1	ok
CHEMBL4650326	TEREVALEFIM	3		Small molecule	0	0	0	0	0			0		C(=C/c1cccs1)\c1cc[nH]n1			2.64	2	1	28.68	2			12	2	C(=C/c1cccs1)\c1cc[nH]n1	ok
CHEMBL4650327	GOVORESTAT	3		Small molecule	0	0	0	0	0			0		O=C(O)Cc1nn(Cc2nc3cc(C(F)(F)F)ccc3s2)c(=O)c2cscc12			3.76	7	1	85.08	4			28	4	O=C(O)Cc1nn(Cc2nc3cc(C(F)(F)F)ccc3s2)c(=O)c2cscc12	ok
CHEMBL4650333	SERALUTINIB	3		Small molecule	0	0	0	0	0			0		COc1ccc(-c2cncc(N[C@@H](C)c3cccc(NC(=O)c4cncc(C)c4)c3)n2)cc1OC			5.29	7	2	98.26	8			35	4	COc1ccc(-c2cncc(N[C@@H](C)c3cccc(NC(=O)c4cncc(C)c4)c3)n2)cc1OC	ok
CHEMBL4650337	ULOTARONT	3		Small molecule	0	0	0	0	0			0		CNC[C@@H]1OCCc2ccsc21			1.58	3	1	21.26	2			12	1	CNC[C@@H]1OCCc2ccsc21	ok
CHEMBL4650347	ANAPRAZOLE SODIUM	3		Small molecule	0	0	0	0	0			0		COCCCOc1cccc(C[S+]([O-])c2nc3cc4c(cc3[n-]2)OCC4)c1C.[Na+]			3.53	5	1	79.43	8			28	3	COCCCOc1cccc(C[S+]([O-])c2nc3cc4c(cc3[n-]2)OCC4)c1C	ok
CHEMBL4650349	CHIGLITAZAR	3		Small molecule	0	0	0	0	0			0		O=C(c1ccc(F)cc1)c1ccccc1N[C@@H](Cc1ccc(OCCn2c3ccccc3c3ccccc32)cc1)C(=O)O			7.35	5	2	80.56	11			43	6	O=C(c1ccc(F)cc1)c1ccccc1N[C@@H](Cc1ccc(OCCn2c3ccccc3c3ccccc32)cc1)C(=O)O	ok
CHEMBL4650351	PARPI	3		Small molecule	0	0	0	0	0			0		O=C(c1ccc(F)cc1)N1CCN(C(=O)c2cc(Cc3n[nH]c(=O)c4ccccc34)ccc2F)CC1			3.39	4	1	86.37	4			36	4	O=C(c1ccc(F)cc1)N1CCN(C(=O)c2cc(Cc3n[nH]c(=O)c4ccccc34)ccc2F)CC1	ok
CHEMBL4650354	FLORBENGUANE F18	3		Small molecule	0	0	0	0	0			0		N=C(N)NCc1cccc([18F])c1			0.81	1	3	61.9	2			12	1	N=C(N)NCc1cccc([18F])c1	ok
CHEMBL4650355	GOZETOTIDE ALF-18	3		Small molecule	0	0	0	0	0			0		O=C([O-])CN(CCN(CC(=O)[O-])Cc1cc(CCC(=O)NCCCCCC(=O)NCCCC[C@H](NC(=O)N[C@@H](CCC(=O)O)C(=O)O)C(=O)O)ccc1O)Cc1cc(CCC(=O)O)ccc1O.[18F-].[Al+3]			1.55	13	12	370.07	35			67	2	O=C([O-])CN(CCN(CC(=O)[O-])Cc1cc(CCC(=O)NCCCCCC(=O)NCCCC[C@H](NC(=O)N[C@@H](CCC(=O)O)C(=O)O)C(=O)O)ccc1O)Cc1cc(CCC(=O)O)ccc1O	ok
CHEMBL4650362	OPELCONAZOLE	3		Small molecule	0	0	0	0	0			0		Cc1cc(N2CCN(c3ccc(C(=O)Nc4ccc(F)cc4)cc3)CC2)ccc1OC[C@@H]1CO[C@@](Cn2cncn2)(c2ccc(F)cc2F)C1			6.59	8	1	84.75	10			50	5	Cc1cc(N2CCN(c3ccc(C(=O)Nc4ccc(F)cc4)cc3)CC2)ccc1OC[C@@H]1CO[C@@](Cn2cncn2)(c2ccc(F)cc2F)C1	ok
CHEMBL4650365	CAMIZESTRANT	3		Small molecule	0	0	0	0	0			0		C[C@@H]1Cc2c(ccc3[nH]ncc23)[C@@H](c2ccc(NC3CN(CCCF)C3)cn2)N1CC(F)(F)F			4.31	5	2	60.08	7			34	3	C[C@@H]1Cc2c(ccc3[nH]ncc23)[C@@H](c2ccc(NC3CN(CCCF)C3)cn2)N1CC(F)(F)F	RISK
CHEMBL4650485	PIRTOBRUTINIB	4	2023	Small molecule	1	0	0	0	0			0		COc1ccc(F)cc1C(=O)NCc1ccc(-c2nn([C@@H](C)C(F)(F)F)c(N)c2C(N)=O)cc1			3.43	6	3	125.26	7			34	3	COc1ccc(F)cc1C(=O)NCc1ccc(-c2nn([C@@H](C)C(F)(F)F)c(N)c2C(N)=O)cc1	ok
CHEMBL4650827	REVUMENIB	4	2024	Small molecule	1	0	0	0	0			0		CCN(C(=O)c1cc(F)ccc1Oc1cncnc1N1CC2(CCN(C[C@H]3CC[C@H](NS(=O)(=O)CC)CC3)CC2)C1)C(C)C			4.68	8	1	107.97	11			44	2	CCN(C(=O)c1cc(F)ccc1Oc1cncnc1N1CC2(CCN(C[C@H]3CC[C@H](NS(=O)(=O)CC)CC3)CC2)C1)C(C)C	RISK
CHEMBL4651083	ANAPRAZOLE	3		Small molecule	0	0	0	0	0			0		COCCCOc1cccc(C[S+]([O-])c2nc3cc4c(cc3[nH]2)OCC4)c1C			3.53	5	1	79.43	8			28	3	COCCCOc1cccc(C[S+]([O-])c2nc3cc4c(cc3[nH]2)OCC4)c1C	ok
CHEMBL46516	FLUSPIRILENE	4		Small molecule	0	0	0	0	0			0		O=C1NCN(c2ccccc2)C12CCN(CCCC(c1ccc(F)cc1)c1ccc(F)cc1)CC2			5.31	3	1	35.58	7			35	3	O=C1NCN(c2ccccc2)C12CCN(CCCC(c1ccc(F)cc1)c1ccc(F)cc1)CC2	RISK
CHEMBL46618	OTAMIXABAN	3		Small molecule	0	0	0	1	0			0		COC(=O)[C@H](Cc1cccc(C(=N)N)c1)[C@@H](C)NC(=O)c1ccc(-c2cc[n+]([O-])cc2)cc1			2.42	5	3	132.21	8			33	3	COC(=O)[C@H](Cc1cccc(C(=N)N)c1)[C@@H](C)NC(=O)c1ccc(-c2cc[n+]([O-])cc2)cc1	ok
CHEMBL466659	PENTAERYTHRITOL TETRANITRATE	3		Small molecule	0	0	0	1	0			0		O=[N+]([O-])OCC(CO[N+](=O)[O-])(CO[N+](=O)[O-])CO[N+](=O)[O-]			-1.19	12	0	209.48	12			21	0	O=[N+]([O-])OCC(CO[N+](=O)[O-])(CO[N+](=O)[O-])CO[N+](=O)[O-]	ok
CHEMBL467	HYDROXYUREA	4	1967	Small molecule	1	0	0	1	0			0		NC(=O)NO			-0.96	2	3	75.35	0			5	0	NC(=O)NO	ok
CHEMBL467058	LANINAMIVIR OCTANOATE	4	2010	Small molecule	0	0	1	1	1			0		CCCCCCCC(=O)OC[C@@H](O)[C@@H](OC)[C@@H]1OC(C(=O)O)=C[C@H](NC(=N)N)[C@H]1NC(C)=O			-0.01	8	6	193.29	14			33	0	CCCCCCCC(=O)OC[C@@H](O)[C@@H](OC)[C@@H]1OC(C(=O)O)=C[C@H](NC(=N)N)[C@H]1NC(C)=O	ok
CHEMBL46740	BAZEDOXIFENE	4	2009	Small molecule	1	0	0	1	0			0		Cc1c(-c2ccc(O)cc2)n(Cc2ccc(OCCN3CCCCCC3)cc2)c2ccc(O)cc12			6.33	5	2	57.86	7			35	4	Cc1c(-c2ccc(O)cc2)n(Cc2ccc(OCCN3CCCCCC3)cc2)c2ccc(O)cc12	ok
CHEMBL468	THALIDOMIDE	4	1956	Small molecule	1	0	0	1	0			0		O=C1CCC(N2C(=O)c3ccccc3C2=O)C(=O)N1			0.09	4	1	83.55	1			19	1	O=C1CCC(N2C(=O)c3ccccc3C2=O)C(=O)N1	ok
CHEMBL468837	HEPTABARBITAL	4		Small molecule	0	0	0	1	0			0		CCC1(C2=CCCCCC2)C(=O)NC(=O)NC1=O			1.64	3	2	75.27	2			18	0	CCC1(C2=CCCCCC2)C(=O)NC(=O)NC1=O	ok
CHEMBL469	KETOROLAC	4	1989	Small molecule	1	1	1	1	0			0		O=C(c1ccccc1)c1ccc2n1CCC2C(=O)O			2.29	3	1	59.3	3			19	2	O=C(c1ccccc1)c1ccc2n1CCC2C(=O)O	ok
CHEMBL46917	CARBARIL	4		Small molecule	0	0	0	1	0			0		CNC(=O)Oc1cccc2ccccc12			2.56	2	1	38.33	1			15	2	CNC(=O)Oc1cccc2ccccc12	ok
CHEMBL470670	LEVOMENTHOL	3		Small molecule	0	0	0	1	0			0		CC(C)[C@@H]1CC[C@@H](C)C[C@H]1O			2.44	1	1	20.23	1			11	0	CC(C)[C@@H]1CC[C@@H](C)C[C@H]1O	ok
CHEMBL471	SOTALOL	4	1992	Small molecule	1	1	0	1	0			0		CC(C)NCC(O)c1ccc(NS(C)(=O)=O)cc1			1.09	4	3	78.43	6			18	1	CC(C)NCC(O)c1ccc(NS(C)(=O)=O)cc1	ok
CHEMBL471498	MITIGLINIDE	3		Small molecule	0	0	0	1	0			0		O=C(O)[C@H](CC(=O)N1C[C@H]2CCCC[C@H]2C1)Cc1ccccc1			2.97	2	1	57.61	5			23	1	O=C(O)[C@H](CC(=O)N1C[C@H]2CCCC[C@H]2C1)Cc1ccccc1	ok
CHEMBL471737	IVABRADINE	4	2005	Small molecule	1	0	0	1	0			0		COc1cc2c(cc1OC)CC(=O)N(CCCN(C)C[C@H]1Cc3cc(OC)c(OC)cc31)CC2			3.31	6	0	60.47	10			34	2	COc1cc2c(cc1OC)CC(=O)N(CCCN(C)C[C@H]1Cc3cc(OC)c(OC)cc31)CC2	ok
CHEMBL472	GLYBURIDE	4	1984	Small molecule	1	0	0	1	0			0		COc1ccc(Cl)cc1C(=O)NCCc1ccc(S(=O)(=O)NC(=O)NC2CCCCC2)cc1			3.64	5	3	113.6	8			33	2	COc1ccc(Cl)cc1C(=O)NCCc1ccc(S(=O)(=O)NC(=O)NC2CCCCC2)cc1	ok
CHEMBL473	DOFETILIDE	4	1999	Small molecule	1	0	0	1	0			0		CN(CCOc1ccc(NS(C)(=O)=O)cc1)CCc1ccc(NS(C)(=O)=O)cc1			1.98	6	2	104.81	11			29	2	CN(CCOc1ccc(NS(C)(=O)=O)cc1)CCc1ccc(NS(C)(=O)=O)cc1	RISK
CHEMBL473159	PHLOROGLUCINOL	3		Small molecule	0	0	0	1	0			0		Oc1cc(O)cc(O)c1			0.8	3	3	60.69	0			9	1	Oc1cc(O)cc(O)c1	ok
CHEMBL473417	VISMODEGIB	4	2012	Small molecule	1	0	0	1	0			0		CS(=O)(=O)c1ccc(C(=O)Nc2ccc(Cl)c(-c3ccccn3)c2)c(Cl)c1			4.71	4	1	76.13	4			27	3	CS(=O)(=O)c1ccc(C(=O)Nc2ccc(Cl)c(-c3ccccn3)c2)c(Cl)c1	ok
CHEMBL474579	CEFOTETAN	4	1985	Small molecule	0	1	0	1	0			0		CO[C@@]1(NC(=O)C2SC(=C(C(N)=O)C(=O)O)S2)C(=O)N2C(C(=O)O)=C(CSc3nnnn3C)CS[C@@H]21			-1.4	14	4	219.93	9			36	1	CO[C@@]1(NC(=O)C2SC(=C(C(N)=O)C(=O)O)S2)C(=O)N2C(C(=O)O)=C(CSc3nnnn3C)CS[C@@H]21	ok
CHEMBL475534	NITRENDIPINE	3		Small molecule	0	0	0	1	0			0		CCOC(=O)C1=C(C)NC(C)=C(C(=O)OC)C1c1cccc([N+](=O)[O-])c1			2.57	7	1	107.77	5			26	1	CCOC(=O)C1=C(C)NC(C)=C(C(=O)OC)C1c1cccc([N+](=O)[O-])c1	ok
CHEMBL4756476	NEMTABRUTINIB	3		Small molecule	0	0	0	0	0			0		O=C(c1ccc(Oc2ccccc2)cc1Cl)c1c[nH]c2ncnc(N[C@@H]3CC[C@@H](CO)OC3)c12			4.59	7	3	109.36	7			34	4	O=C(c1ccc(Oc2ccccc2)cc1Cl)c1c[nH]c2ncnc(N[C@@H]3CC[C@@H](CO)OC3)c12	ok
CHEMBL476	DACARBAZINE	4	1975	Small molecule	0	1	0	1	0			0		CN(C)/N=N/c1[nH]cnc1C(N)=O			0.07	4	2	99.73	3			13	1	CN(C)/N=N/c1[nH]cnc1C(N)=O	ok
CHEMBL4761468	AUMOLERTINIB	3		Small molecule	0	0	0	0	0			0		C=CC(=O)Nc1cc(Nc2nccc(-c3cn(C4CC4)c4ccccc34)n2)c(OC)cc1N(C)CCN(C)C			5.31	8	2	87.55	11			39	4	C=CC(=O)Nc1cc(Nc2nccc(-c3cn(C4CC4)c4ccccc34)n2)c(OC)cc1N(C)CCN(C)C	ok
CHEMBL476960	VOGLIBOSE	4	1994	Small molecule	1	0	0	1	0			0		OCC(CO)N[C@H]1C[C@](O)(CO)[C@@H](O)[C@H](O)[C@H]1O			-4.49	8	8	153.64	5			18	0	OCC(CO)N[C@H]1C[C@](O)(CO)[C@@H](O)[C@H](O)[C@H]1O	ok
CHEMBL477	ADENOSINE	4	1989	Small molecule	0	1	0	1	0			0		Nc1ncnc2c1ncn2[C@@H]1O[C@H](CO)[C@@H](O)[C@H]1O			-1.98	9	4	139.54	2			19	2	Nc1ncnc2c1ncn2[C@@H]1O[C@H](CO)[C@@H](O)[C@H]1O	ok
CHEMBL477772	PAZOPANIB	4	2009	Small molecule	1	0	0	1	0			0		Cc1ccc(Nc2nccc(N(C)c3ccc4c(C)n(C)nc4c3)n2)cc1S(N)(=O)=O			3.14	8	2	119.03	5			31	4	Cc1ccc(Nc2nccc(N(C)c3ccc4c(C)n(C)nc4c3)n2)cc1S(N)(=O)=O	ok
CHEMBL4779850	ANISODINE HYDROBROMIDE	3		Small molecule	0	0	0	1	0			0		CN1C2CC(OC(=O)C(O)(CO)c3ccccc3)CC1C1OC12			0.02	6	2	82.53	4			23	1	CN1C2CC(OC(=O)C(O)(CO)c3ccccc3)CC1C1OC12	ok
CHEMBL479	THIORIDAZINE	4	1962	Small molecule	1	0	0	1	0			0		CSc1ccc2c(c1)N(CCC1CCCCN1C)c1ccccc1S2			5.89	4	0	6.48	4			25	2	CSc1ccc2c(c1)N(CCC1CCCCN1C)c1ccccc1S2	RISK
CHEMBL479527	TORCETRAPIB	3		Small molecule	0	0	0	0	0			0		CCOC(=O)N1c2ccc(C(F)(F)F)cc2[C@@H](N(Cc2cc(C(F)(F)F)cc(C(F)(F)F)c2)C(=O)OC)C[C@H]1CC			8.2	4	0	59.08	5			41	2	CCOC(=O)N1c2ccc(C(F)(F)F)cc2[C@@H](N(Cc2cc(C(F)(F)F)cc(C(F)(F)F)c2)C(=O)OC)C[C@H]1CC	ok
CHEMBL480	LANSOPRAZOLE	4	1995	Small molecule	1	1	0	0	0			0		Cc1c(OCC(F)(F)F)ccnc1C[S+]([O-])c1nc2ccccc2[nH]1			3.52	4	1	73.86	5			25	3	Cc1c(OCC(F)(F)F)ccnc1C[S+]([O-])c1nc2ccccc2[nH]1	ok
CHEMBL4802135	NIRMATRELVIR	4	2023	Small molecule	1	0	0	0	0			0		CC(C)(C)[C@H](NC(=O)C(F)(F)F)C(=O)N1C[C@H]2[C@@H]([C@H]1C(=O)N[C@H](C#N)C[C@@H]1CCNC1=O)C2(C)C			1.1	5	3	131.4	6			35	0	CC(C)(C)[C@H](NC(=O)C(F)(F)F)C(=O)N1C[C@H]2[C@@H]([C@H]1C(=O)N[C@H](C#N)C[C@@H]1CCNC1=O)C2(C)C	ok
CHEMBL4802153	SONLICROMANOL	3		Small molecule	0	0	0	0	0			0		Cc1c(C)c2c(c(C)c1O)CC[C@@](C)(C(=O)N[C@@H]1CCCNC1)O2			2.27	4	3	70.59	2			24	1	Cc1c(C)c2c(c(C)c1O)CC[C@@](C)(C(=O)N[C@@H]1CCCNC1)O2	ok
CHEMBL4802157	ELINZANETANT	3		Small molecule	0	0	0	0	0			0		Cc1cc(F)ccc1-c1cc(N2C[C@H]3COCCN3C[C@H]2CO)ncc1N(C)C(=O)C(C)(C)c1cc(C(F)(F)F)cc(C(F)(F)F)c1			6.06	6	1	69.14	6			47	3	Cc1cc(F)ccc1-c1cc(N2C[C@H]3COCCN3C[C@H]2CO)ncc1N(C)C(=O)C(C)(C)c1cc(C(F)(F)F)cc(C(F)(F)F)c1	ok
CHEMBL4802160	DERSIMELAGON	3		Small molecule	0	0	0	0	0			0		COC[C@H]1CN(C(=O)[C@]2(F)CN(C3CCCC3)C[C@H]2c2ccc(OC)cc2)C[C@@H]1c1ccc(C(F)(F)F)cc1N1CCC(C(=O)O)CC1			5.95	6	1	82.55	9			48	2	COC[C@H]1CN(C(=O)[C@]2(F)CN(C3CCCC3)C[C@H]2c2ccc(OC)cc2)C[C@@H]1c1ccc(C(F)(F)F)cc1N1CCC(C(=O)O)CC1	ok
CHEMBL4802161	DALPICICLIB	3		Small molecule	0	0	0	0	0			0		CC(=O)c1c(C)c2cnc(Nc3ccc(C4CCNCC4)cn3)nc2n(C2CCCC2)c1=O			4.02	8	2	101.8	5			33	3	CC(=O)c1c(C)c2cnc(Nc3ccc(C4CCNCC4)cn3)nc2n(C2CCCC2)c1=O	ok
CHEMBL4802214	LUFOTRELVIR	3		Small molecule	0	0	0	0	1			0		COc1cccc2[nH]c(C(=O)N[C@@H](CC(C)C)C(=O)N[C@@H](C[C@@H]3CCNC3=O)C(=O)COP(=O)(O)O)cc12			1.01	7	6	196.15	13			38	2	COc1cccc2[nH]c(C(=O)N[C@@H](CC(C)C)C(=O)N[C@@H](C[C@@H]3CCNC3=O)C(=O)COP(=O)(O)O)cc12	ok
CHEMBL4802240	FOSCARBIDOPA	4	2024	Small molecule	0	1	0	0	1			0		C[C@@](Cc1ccc(OP(=O)(O)O)c(O)c1)(NN)C(=O)O			-0.29	6	6	162.34	6			20	1	C[C@@](Cc1ccc(OP(=O)(O)O)c(O)c1)(NN)C(=O)O	ok
CHEMBL4802249	LENACAPAVIR SODIUM	4	2022	Small molecule	1	1	0	0	0			0		CC(C)(C#Cc1ccc(-c2ccc(Cl)c3c([N-]S(C)(=O)=O)nn(CC(F)(F)F)c23)c([C@H](Cc2cc(F)cc(F)c2)NC(=O)Cn2nc(C(F)(F)F)c3c2C(F)(F)[C@@H]2C[C@H]32)n1)S(C)(=O)=O.[Na+]			7.66	10	2	157.94	11			64	5	CC(C)(C#Cc1ccc(-c2ccc(Cl)c3c([N-]S(C)(=O)=O)nn(CC(F)(F)F)c23)c([C@H](Cc2cc(F)cc(F)c2)NC(=O)Cn2nc(C(F)(F)F)c3c2C(F)(F)[C@@H]2C[C@H]32)n1)S(C)(=O)=O	ok
CHEMBL4804173	FLORQUINITAU	3		Small molecule	0	0	0	0	0			0		Nc1c(F)ccc2cnc(-n3ccc4ccncc43)cc12			3.3	4	1	56.73	1			21	4	Nc1c(F)ccc2cnc(-n3ccc4ccncc43)cc12	ok
CHEMBL481	IRINOTECAN	4	1996	Small molecule	0	1	0	1	1			0		CCc1c2c(nc3ccc(OC(=O)N4CCC(N5CCCCC5)CC4)cc13)-c1cc3c(c(=O)n1C2)COC(=O)[C@]3(O)CC			4.09	9	1	114.2	4			43	3	CCc1c2c(nc3ccc(OC(=O)N4CCC(N5CCCCC5)CC4)cc13)-c1cc3c(c(=O)n1C2)COC(=O)[C@]3(O)CC	ok
CHEMBL481611	ODANACATIB	3		Small molecule	0	0	0	0	0			0		CC(C)(F)C[C@H](N[C@@H](c1ccc(-c2ccc(S(C)(=O)=O)cc2)cc1)C(F)(F)F)C(=O)NC1(C#N)CC1			4.63	5	2	99.06	9			36	2	CC(C)(F)C[C@H](N[C@@H](c1ccc(-c2ccc(S(C)(=O)=O)cc2)cc1)C(F)(F)F)C(=O)NC1(C#N)CC1	ok
CHEMBL482035	BICYCLOL	3		Small molecule	0	0	0	1	0			0		COC(=O)c1cc(OC)c2c(c1-c1c(CO)cc(OC)c3c1OCO3)OCO2			2.11	9	1	101.91	5			28	2	COC(=O)c1cc(OC)c2c(c1-c1c(CO)cc(OC)c3c1OCO3)OCO2	ok
CHEMBL482950	PEXACERFONT	3		Small molecule	0	0	0	1	0			0		CC[C@@H](C)Nc1nc(C)nc2c(-c3ccc(OC)nc3C)c(C)nn12			3.33	7	1	77.23	5			25	3	CC[C@@H](C)Nc1nc(C)nc2c(-c3ccc(OC)nc3C)c(C)nn12	ok
CHEMBL483	TENOFOVIR ANHYDROUS	3		Small molecule	0	0	0	1	1			0		C[C@H](Cn1cnc2c(N)ncnc21)OCP(=O)(O)O			-0.05	7	3	136.38	5			19	2	C[C@H](Cn1cnc2c(N)ncnc21)OCP(=O)(O)O	ok
CHEMBL483158	ALISERTIB	3		Small molecule	0	0	0	0	0			0		COc1cc(Nc2ncc3c(n2)-c2ccc(Cl)cc2C(c2c(F)cccc2OC)=NC3)ccc1C(=O)O			5.75	7	2	105.93	6			37	4	COc1cc(Nc2ncc3c(n2)-c2ccc(Cl)cc2C(c2c(F)cccc2OC)=NC3)ccc1C(=O)O	ok
CHEMBL483254	PANOBINOSTAT	4	2015	Small molecule	1	0	0	1	0			0		Cc1[nH]c2ccccc2c1CCNCc1ccc(/C=C/C(=O)NO)cc1			3.33	3	4	77.15	7			26	3	Cc1[nH]c2ccccc2c1CCNCc1ccc(/C=C/C(=O)NO)cc1	ok
CHEMBL48361	DABIGATRAN	3		Small molecule	0	0	0	0	0			0		Cn1c(CNc2ccc(C(=N)N)cc2)nc2cc(C(=O)N(CCC(=O)O)c3ccccn3)ccc21			2.99	7	4	150.22	9			35	4	Cn1c(CNc2ccc(C(=N)N)cc2)nc2cc(C(=O)N(CCC(=O)O)c3ccccn3)ccc21	ok
CHEMBL484	ADEFOVIR	3		Small molecule	0	0	0	1	1			0		Nc1ncnc2c1ncn2CCOCP(=O)(O)O			-0.44	7	3	136.38	5			18	2	Nc1ncnc2c1ncn2CCOCP(=O)(O)O	ok
CHEMBL48449	CANTHARIDIN	4	2023	Small molecule	0	0	1	1	0			0		C[C@@]12C(=O)OC(=O)[C@]1(C)[C@H]1CC[C@@H]2O1			0.64	4	0	52.6	0			14	0	C[C@@]12C(=O)OC(=O)[C@]1(C)[C@H]1CC[C@@H]2O1	ok
CHEMBL4847050	AFICAMTEN	3		Small molecule	0	0	0	0	0			0		CCc1nc(-c2ccc3c(c2)CC[C@H]3NC(=O)c2cnn(C)c2)no1			2.45	6	1	85.84	4			25	3	CCc1nc(-c2ccc3c(c2)CC[C@H]3NC(=O)c2cnn(C)c2)no1	ok
CHEMBL484785	CRISABOROLE	4	2016	Small molecule	0	0	1	1	0			0		N#Cc1ccc(Oc2ccc3c(c2)COB3O)cc1												N#Cc1ccc(Oc2ccc3c(c2)COB3O)cc1	ok
CHEMBL485	CODEINE	4	1952	Small molecule	1	0	0	1	0			0		COc1ccc2c3c1O[C@H]1[C@@H](O)C=C[C@H]4[C@@H](C2)N(C)CC[C@@]341			1.5	4	1	41.93	1			22	1	COc1ccc2c3c1O[C@H]1[C@@H](O)C=C[C@H]4[C@@H](C2)N(C)CC[C@@]341	ok
CHEMBL485259	EUCALYPTOL	3		Small molecule	0	0	0	1	0			0		CC12CCC(CC1)C(C)(C)O2			2.74	1	0	9.23	0			11	0	CC12CCC(CC1)C(C)(C)O2	ok
CHEMBL485696	SULFISOMIDINE	4		Small molecule	0	0	0	0	0			0		Cc1cc(NS(=O)(=O)c2ccc(N)cc2)nc(C)n1			1.48	5	2	97.97	3			19	2	Cc1cc(NS(=O)(=O)c2ccc(N)cc2)nc(C)n1	ok
CHEMBL486208	DEXBORNEOL	3		Small molecule	0	0	0	1	0			0		CC1(C)[C@@H]2CC[C@@]1(C)[C@@H](O)C2			2.19	1	1	20.23	0			11	0	CC1(C)[C@@H]2CC[C@@]1(C)[C@@H](O)C2	ok
CHEMBL4863829	OBELDESIVIR	3		Small molecule	0	0	0	0	0			0		CC(C)C(=O)OC[C@H]1O[C@@](C#N)(c2ccc3c(N)ncnn23)[C@H](O)[C@@H]1O			-0.65	10	3	155.99	4			26	2	CC(C)C(=O)OC[C@H]1O[C@@](C#N)(c2ccc3c(N)ncnn23)[C@H](O)[C@@H]1O	ok
CHEMBL486819	CHLORHEXIDINE DIACETATE	3		Small molecule	0	0	0	0	0			0		CC(=O)O.CC(=O)O.NC(=N\CCCCCC/N=C(N)/N=C(\N)Nc1ccc(Cl)cc1)/N=C(\N)Nc1ccc(Cl)cc1			4.18	4	10	167.58	9			34	2	NC(=N\CCCCCC/N=C(N)/N=C(\N)Nc1ccc(Cl)cc1)/N=C(\N)Nc1ccc(Cl)cc1	ok
CHEMBL487	DROLOXIFENE	3		Small molecule	0	0	0	0	0			0		CC/C(=C(/c1ccc(OCCN(C)C)cc1)c1cccc(O)c1)c1ccccc1			5.7	3	1	32.7	8			29	3	CC/C(=C(/c1ccc(OCCN(C)C)cc1)c1cccc(O)c1)c1ccccc1	ok
CHEMBL487253	BENDAMUSTINE	4	2008	Small molecule	0	1	0	1	0			0		Cn1c(CCCC(=O)O)nc2cc(N(CCCl)CCCl)ccc21			3.26	4	1	58.36	9			23	2	Cn1c(CCCC(=O)O)nc2cc(N(CCCl)CCCl)ccc21	ok
CHEMBL488	AMINOGLUTETHIMIDE	4	1980	Small molecule	1	0	0	1	0			0		CCC1(c2ccc(N)cc2)CCC(=O)NC1=O			1.35	3	2	72.19	2			17	1	CCC1(c2ccc(N)cc2)CCC(=O)NC1=O	ok
CHEMBL48802	SULFORAPHANE	3		Small molecule	0	0	0	1	0			0		C[S+]([O-])CCCCN=C=S			1.25	3	0	35.42	5			10	0	C[S+]([O-])CCCCN=C=S	ok
CHEMBL488025	EXISULIND	3		Small molecule	0	0	0	0	0			0		CC1=C(CC(=O)O)c2cc(F)ccc2/C1=C\c1ccc(S(C)(=O)=O)cc1			4.03	3	1	71.44	4			26	2	CC1=C(CC(=O)O)c2cc(F)ccc2/C1=C\c1ccc(S(C)(=O)=O)cc1	ok
CHEMBL488093	PYRITINOL	4		Small molecule	0	0	0	1	0			0		Cc1ncc(CSSCc2cnc(C)c(O)c2CO)c(CO)c1O			2.57	8	4	106.7	7			24	2	Cc1ncc(CSSCc2cnc(C)c(O)c2CO)c(CO)c1O	ok
CHEMBL488280	PROPATYL NITRATE	3		Small molecule	0	0	0	1	0			0		CCC(CO[N+](=O)[O-])(CO[N+](=O)[O-])CO[N+](=O)[O-]			0.01	9	0	157.11	10			18	0	CCC(CO[N+](=O)[O-])(CO[N+](=O)[O-])CO[N+](=O)[O-]	ok
CHEMBL489	AFIMOXIFENE	3		Small molecule	0	0	0	1	0			0		CC/C(=C(\c1ccc(O)cc1)c1ccc(OCCN(C)C)cc1)c1ccccc1			5.7	3	1	32.7	8			29	3	CC/C(=C(\c1ccc(O)cc1)c1ccc(OCCN(C)C)cc1)c1ccccc1	ok
CHEMBL489095	CAMICINAL	3		Small molecule	0	0	0	0	0			0		C[C@H]1CN(Cc2ccc(CC(=O)N3CCC(Nc4cccc(F)c4)CC3)cc2)CCN1			3.27	4	2	47.61	6			31	2	C[C@H]1CN(Cc2ccc(CC(=O)N3CCC(Nc4cccc(F)c4)CC3)cc2)CCN1	ok
CHEMBL489411	AMOROLFINE	4		Small molecule	0	0	0	1	0			0		CCC(C)(C)c1ccc(CC(C)CN2C[C@@H](C)O[C@@H](C)C2)cc1			4.66	2	0	12.47	6			23	1	CCC(C)(C)c1ccc(CC(C)CN2C[C@@H](C)O[C@@H](C)C2)cc1	ok
CHEMBL49	BUSPIRONE	4	1986	Small molecule	1	0	0	1	0			0		O=C1CC2(CCCC2)CC(=O)N1CCCCN1CCN(c2ncccn2)CC1			2.09	6	0	69.64	6			28	1	O=C1CC2(CCCC2)CC(=O)N1CCCCN1CCN(c2ncccn2)CC1	RISK
CHEMBL490	PAROXETINE	4	1992	Small molecule	1	0	0	0	0			0		Fc1ccc([C@@H]2CCNC[C@H]2COc2ccc3c(c2)OCO3)cc1			3.33	4	1	39.72	4			24	2	Fc1ccc([C@@H]2CCNC[C@H]2COc2ccc3c(c2)OCO3)cc1	RISK
CHEMBL490672	FILIBUVIR	3		Small molecule	0	0	0	1	0			0		CCc1cc(CC[C@]2(C3CCCC3)CC(O)=C(Cc3nc4nc(C)cc(C)n4n3)C(=O)O2)cc(CC)n1			5.12	8	1	102.5	8			37	3	CCc1cc(CC[C@]2(C3CCCC3)CC(O)=C(Cc3nc4nc(C)cc(C)n4n3)C(=O)O2)cc(CC)n1	ok
CHEMBL491473	CEDIRANIB	3		Small molecule	0	0	0	0	0			0		COc1cc2c(Oc3ccc4[nH]c(C)cc4c3F)ncnc2cc1OCCCN1CCCC1			5.22	6	1	72.5	8			33	4	COc1cc2c(Oc3ccc4[nH]c(C)cc4c3F)ncnc2cc1OCCCN1CCCC1	ok
CHEMBL491571	DORIPENEM	4	2007	Small molecule	0	1	0	1	0			0		C[C@@H](O)[C@H]1C(=O)N2C(C(=O)O)=C(S[C@@H]3CN[C@H](CNS(N)(=O)=O)C3)[C@H](C)[C@H]12			-1.6	7	5	162.06	7			27	0	C[C@@H](O)[C@H]1C(=O)N2C(C(=O)O)=C(S[C@@H]3CN[C@H](CNS(N)(=O)=O)C3)[C@H](C)[C@H]12	ok
CHEMBL492	ETIDOCAINE	4	1976	Small molecule	0	1	0	1	0			0		CCCN(CC)C(CC)C(=O)Nc1c(C)cccc1C			3.75	2	1	32.34	7			20	1	CCCN(CC)C(CC)C(=O)Nc1c(C)cccc1C	ok
CHEMBL493	BROMOCRIPTINE	4	1978	Small molecule	1	0	0	1	0			0		CC(C)C[C@H]1C(=O)N2CCC[C@H]2[C@]2(O)O[C@](NC(=O)[C@@H]3C=C4c5cccc6[nH]c(Br)c(c56)C[C@H]4N(C)C3)(C(C)C)C(=O)N12			3.19	6	3	118.21	5			43	2	CC(C)C[C@H]1C(=O)N2CCC[C@H]2[C@]2(O)O[C@](NC(=O)[C@@H]3C=C4c5cccc6[nH]c(Br)c(c56)C[C@H]4N(C)C3)(C(C)C)C(=O)N12	ok
CHEMBL493287	GLUCOSAMINE	4		Small molecule	0	0	0	1	0			0		N[C@H]1C(O)O[C@H](CO)[C@@H](O)[C@@H]1O			-3.25	6	5	116.17	1			12	0	N[C@H]1C(O)O[C@H](CO)[C@@H](O)[C@@H]1O	ok
CHEMBL493982	VORAPAXAR	4	2014	Small molecule	1	0	0	0	0			0		CCOC(=O)N[C@@H]1CC[C@@H]2[C@@H](C1)C[C@H]1C(=O)O[C@H](C)[C@H]1[C@H]2/C=C/c1ccc(-c2cccc(F)c2)cn1			5.63	5	1	77.52	5			36	2	CCOC(=O)N[C@@H]1CC[C@@H]2[C@@H](C1)C[C@H]1C(=O)O[C@H](C)[C@H]1[C@H]2/C=C/c1ccc(-c2cccc(F)c2)cn1	ok
CHEMBL494	ILOPROST	4	2003	Small molecule	0	1	1	1	0			0		CC#CCC(C)[C@H](O)/C=C/[C@@H]1[C@H]2C/C(=C/CCCC(=O)O)C[C@H]2C[C@H]1O			3.54	3	3	77.76	8			26	0	CC#CCC(C)[C@H](O)/C=C/[C@@H]1[C@H]2C/C(=C/CCCC(=O)O)C[C@H]2C[C@H]1O	ok
CHEMBL49429	LIXIVAPTAN	3		Small molecule	0	0	0	0	0			0		Cc1ccc(F)cc1C(=O)Nc1ccc(C(=O)N2Cc3cccn3Cc3ccccc32)c(Cl)c1			6.05	3	1	54.34	3			34	4	Cc1ccc(F)cc1C(=O)Nc1ccc(C(=O)N2Cc3cccn3Cc3ccccc32)c(Cl)c1	ok
CHEMBL494622	FLURPIRIDAZ	4	2024	Small molecule	0	1	0	0	0			0		CC(C)(C)n1ncc(OCc2ccc(COCCF)cc2)c(Cl)c1=O			3.72	5	0	53.35	7			25	2	CC(C)(C)n1ncc(OCc2ccc(COCCF)cc2)c(Cl)c1=O	ok
CHEMBL494753	ESTRONE SULFURIC ACID	4	1977	Small molecule	1	0	1	1	0			0		C[C@]12CC[C@@H]3c4ccc(OS(=O)(=O)O)cc4CC[C@H]3[C@@H]1CCC2=O			3.29	4	1	80.67	2			24	1	C[C@]12CC[C@@H]3c4ccc(OS(=O)(=O)O)cc4CC[C@H]3[C@@H]1CCC2=O	ok
CHEMBL495	ALPROSTADIL	4	1981	Small molecule	0	1	1	1	0			0		CCCCC[C@H](O)/C=C/[C@H]1[C@H](O)CC(=O)[C@@H]1CCCCCCC(=O)O			3.48	4	3	94.83	13			25	0	CCCCC[C@H](O)/C=C/[C@H]1[C@H](O)CC(=O)[C@@H]1CCCCCCC(=O)O	ok
CHEMBL496	HEXACHLOROPHENE	4	1949	Small molecule	0	0	1	1	0			0		Oc1c(Cl)cc(Cl)c(Cl)c1Cc1c(O)c(Cl)cc(Cl)c1Cl			6.61	2	2	40.46	2			21	2	Oc1c(Cl)cc(Cl)c(Cl)c1Cc1c(O)c(Cl)cc(Cl)c1Cl	ok
CHEMBL497	CLIOQUINOL	4	1934	Small molecule	0	0	1	1	0			0		Oc1c(I)cc(Cl)c2cccnc12			3.2	2	1	33.12	0			13	2	Oc1c(I)cc(Cl)c2cccnc12	ok
CHEMBL497939	CYTISINICLINE	3		Small molecule	0	0	0	1	0			0		O=c1cccc2n1C[C@@H]1CNC[C@H]2C1			0.56	3	1	34.03	0			14	1	O=c1cccc2n1C[C@@H]1CNC[C@H]2C1	ok
CHEMBL498	CHLORPROPAMIDE	4	1958	Small molecule	1	0	0	1	0			0		CCCNC(=O)NS(=O)(=O)c1ccc(Cl)cc1			1.74	3	2	75.27	4			17	1	CCCNC(=O)NS(=O)(=O)c1ccc(Cl)cc1	ok
CHEMBL498485	ICARITIN	3		Small molecule	0	0	0	1	0			0		COc1ccc(-c2oc3c(CC=C(C)C)c(O)cc(O)c3c(=O)c2O)cc1			4.09	6	3	100.13	4			27	3	COc1ccc(-c2oc3c(CC=C(C)C)c(O)cc(O)c3c(=O)c2O)cc1	ok
CHEMBL498847	SECNIDAZOLE	4	2017	Small molecule	1	0	0	1	0			0		Cc1ncc([N+](=O)[O-])n1CC(C)O			0.48	5	1	81.19	3			13	1	Cc1ncc([N+](=O)[O-])n1CC(C)O	ok
CHEMBL499	TIMOLOL	4	1978	Small molecule	1	0	1	1	0			0		CC(C)(C)NC[C@H](O)COc1nsnc1N1CCOCC1			0.5	8	2	79.74	6			21	1	CC(C)(C)NC[C@H](O)COc1nsnc1N1CCOCC1	ok
CHEMBL499915	CARBENOXOLONE	4		Small molecule	1	0	0	1	0			0		CC1(C)[C@@H](OC(=O)CCC(=O)O)CC[C@]2(C)[C@H]3C(=O)C=C4[C@@H]5C[C@@](C)(C(=O)O)CC[C@]5(C)CC[C@@]4(C)[C@]3(C)CC[C@@H]12			6.83	5	2	117.97	5			41	0	CC1(C)[C@@H](OC(=O)CCC(=O)O)CC[C@]2(C)[C@H]3C(=O)C=C4[C@@H]5C[C@@](C)(C(=O)O)CC[C@]5(C)CC[C@@]4(C)[C@]3(C)CC[C@@H]12	ok
CHEMBL5	NALIDIXIC ACID	4	1964	Small molecule	1	0	0	1	0			0		CCn1cc(C(=O)O)c(=O)c2ccc(C)nc21			1.42	4	1	72.19	2			17	2	CCn1cc(C(=O)O)c(=O)c2ccc(C)nc21	ok
CHEMBL50	QUERCETIN	3		Small molecule	0	0	0	1	0			0		O=c1c(O)c(-c2ccc(O)c(O)c2)oc2cc(O)cc(O)c12			1.99	7	5	131.36	1			22	3	O=c1c(O)c(-c2ccc(O)c(O)c2)oc2cc(O)cc(O)c12	ok
CHEMBL500	PINDOLOL	4	1982	Small molecule	1	0	0	1	0			0		CC(C)NCC(O)COc1cccc2[nH]ccc12			1.91	3	3	57.28	6			18	2	CC(C)NCC(O)COc1cccc2[nH]ccc12	ok
CHEMBL500576	TEMOPORFIN	4	2001	Small molecule	0	0	0	1	0			0		Oc1cccc(-c2c3nc(c(-c4cccc(O)c4)c4ccc([nH]4)c(-c4cccc(O)c4)c4nc(c(-c5cccc(O)c5)c5ccc2[nH]5)CC4)C=C3)c1			9.76	6	6	138.28	4			52	7	Oc1cccc(-c2c3nc(c(-c4cccc(O)c4)c4ccc([nH]4)c(-c4cccc(O)c4)c4nc(c(-c5cccc(O)c5)c5ccc2[nH]5)CC4)C=C3)c1	ok
CHEMBL501122	CEFTAROLINE FOSAMIL	4	2010	Small molecule	0	1	0	1	1			0		CCO/N=C(\C(=O)N[C@@H]1C(=O)N2C(C(=O)[O-])=C(Sc3nc(-c4cc[n+](C)cc4)cs3)CS[C@H]12)c1nsc(NP(=O)(O)O)n1			-0.11	14	4	223.24	11			43	3	CCO/N=C(\C(=O)N[C@@H]1C(=O)N2C(C(=O)[O-])=C(Sc3nc(-c4cc[n+](C)cc4)cs3)CS[C@H]12)c1nsc(NP(=O)(O)O)n1	ok
CHEMBL501174	LYCOPENE	3		Small molecule	0	0	0	1	0			0		CC(C)=CCC/C(C)=C/C=C/C(C)=C/C=C/C(C)=C/C=C/C=C(C)/C=C/C=C(C)/C=C/C=C(\C)CCC=C(C)C			12.94	0	0	0	16			40	0	CC(C)=CCC/C(C)=C/C=C/C(C)=C/C=C/C(C)=C/C=C/C=C(C)/C=C/C=C(C)/C=C/C=C(\C)CCC=C(C)C	ok
CHEMBL501259	ERITORAN	3		Small molecule	0	0	0	1	0			0		CCCCCC/C=C\CCCCCCCCCC(=O)N[C@H]1[C@H](OC[C@H]2O[C@H](OP(=O)(O)O)[C@H](NC(=O)CC(=O)CCCCCCCCCCC)[C@@H](OCCCCCCCCCC)[C@@H]2O)O[C@H](COC)[C@@H](OP(=O)(O)O)[C@@H]1OCC[C@@H](CCCCCCC)OC												CCCCCC/C=C\CCCCCCCCCC(=O)N[C@H]1[C@H](OC[C@H]2O[C@H](OP(=O)(O)O)[C@H](NC(=O)CC(=O)CCCCCCCCCCC)[C@@H](OCCCCCCCCCC)[C@@H]2O)O[C@H](COC)[C@@H](OP(=O)(O)O)[C@@H]1OCC[C@@H](CCCCCCC)OC	ok
CHEMBL501849	SIMEPREVIR	4	2013	Small molecule	1	0	0	1	0			0		COc1ccc2c(O[C@@H]3C[C@H]4C(=O)N[C@]5(C(=O)NS(=O)(=O)C6CC6)C[C@H]5/C=C\CCCCN(C)C(=O)[C@@H]4C3)cc(-c3nc(C(C)C)cs3)nc2c1C			5.25	10	2	156.89	8			52	3	COc1ccc2c(O[C@@H]3C[C@H]4C(=O)N[C@]5(C(=O)NS(=O)(=O)C6CC6)C[C@H]5/C=C\CCCCN(C)C(=O)[C@@H]4C3)cc(-c3nc(C(C)C)cs3)nc2c1C	ok
CHEMBL502	DONEPEZIL	4	1996	Small molecule	1	0	1	1	0			0		COc1cc2c(cc1OC)C(=O)C(CC1CCN(Cc3ccccc3)CC1)C2			4.36	4	0	38.77	6			28	2	COc1cc2c(cc1OC)C(=O)C(CC1CCN(Cc3ccccc3)CC1)C2	RISK
CHEMBL502182	ELAGOLIX SODIUM	4	2018	Small molecule	1	0	0	0	0			0		COc1cccc(-c2c(C)n(Cc3c(F)cccc3C(F)(F)F)c(=O)n(C[C@H](NCCCC(=O)[O-])c3ccccc3)c2=O)c1F.[Na+]			5.54	7	2	102.56	12			45	4	COc1cccc(-c2c(C)n(Cc3c(F)cccc3C(F)(F)F)c(=O)n(C[C@H](NCCCC(=O)[O-])c3ccccc3)c2=O)c1F	ok
CHEMBL502620	ACLARUBICIN	3		Small molecule	0	0	0	1	0			0		CC[C@@]1(O)C[C@H](O[C@H]2C[C@H](N(C)C)[C@H](O[C@H]3C[C@H](O)[C@H](O[C@H]4CCC(=O)[C@H](C)O4)[C@H](C)O3)[C@H](C)O2)c2c(cc3c(c2O)C(=O)c2c(O)cccc2C3=O)[C@H]1C(=O)OC			3.16	16	4	217.05	9			58	2	CC[C@@]1(O)C[C@H](O[C@H]2C[C@H](N(C)C)[C@H](O[C@H]3C[C@H](O)[C@H](O[C@H]4CCC(=O)[C@H](C)O4)[C@H](C)O3)[C@H](C)O2)c2c(cc3c(c2O)C(=O)c2c(O)cccc2C3=O)[C@H]1C(=O)OC	ok
CHEMBL502835	NINTEDANIB	4	2014	Small molecule	1	0	0	1	0			0		COC(=O)c1ccc2c(c1)NC(=O)/C2=C(\Nc1ccc(N(C)C(=O)CN2CCN(C)CC2)cc1)c1ccccc1			3.62	7	2	94.22	7			40	3	COC(=O)c1ccc2c(c1)NC(=O)/C2=C(\Nc1ccc(N(C)C(=O)CN2CCN(C)CC2)cc1)c1ccccc1	RISK
CHEMBL503	LOVASTATIN	4	1987	Small molecule	1	0	0	1	1			0		CC[C@H](C)C(=O)O[C@H]1C[C@@H](C)C=C2C=C[C@H](C)[C@H](CC[C@@H]3C[C@@H](O)CC(=O)O3)[C@H]21			4.2	5	1	72.83	6			29	0	CC[C@H](C)C(=O)O[C@H]1C[C@@H](C)C=C2C=C[C@H](C)[C@H](CC[C@@H]3C[C@@H](O)CC(=O)O3)[C@H]21	ok
CHEMBL503160	FUMARIC ACID	3		Small molecule	0	0	0	1	0			0		O=C(O)/C=C/C(=O)O			-0.29	2	2	74.6	2			8	0	O=C(O)/C=C/C(=O)O	ok
CHEMBL503481	PHOSPHATIDYLCHOLINE	3		Small molecule	0	0	0	0	0			0		CCCCCCCCCCCCCCSCC(=O)OC[C@H](COP(=O)([O-])OCC[N+](C)(C)C)OC(=O)CSCCCCCCCCCCCCCC			10.52	10	0	111.19	40			52	0	CCCCCCCCCCCCCCSCC(=O)OC[C@H](COP(=O)([O-])OCC[N+](C)(C)C)OC(=O)CSCCCCCCCCCCCCCC	ok
CHEMBL503565	VINBARBITAL	4		Small molecule	0	0	0	1	0			0		CC/C=C(\C)C1(CC)C(=O)NC(=O)NC1=O			1.11	3	2	75.27	3			16	0	CC/C=C(\C)C1(CC)C(=O)NC(=O)NC1=O	ok
CHEMBL504	DIMETHYL SULFOXIDE	4	1978	Small molecule	0	1	0	1	0			0		C[S+](C)[O-]			-0.01	1	0	23.06	0			4	0	C[S+](C)[O-]	ok
CHEMBL505	CHLORPHENIRAMINE	4	1950	Small molecule	1	1	0	1	0			0		CN(C)CCC(c1ccc(Cl)cc1)c1ccccn1			3.82	2	0	16.13	5			19	2	CN(C)CCC(c1ccc(Cl)cc1)c1ccccn1	RISK
CHEMBL50588	EMETINE	4		Small molecule	0	0	0	1	0			0		CC[C@H]1CN2CCc3cc(OC)c(OC)cc3[C@@H]2C[C@@H]1C[C@H]1NCCc2cc(OC)c(OC)cc21			4.94	6	1	52.19	7			35	2	CC[C@H]1CN2CCc3cc(OC)c(OC)cc3[C@@H]2C[C@@H]1C[C@H]1NCCc2cc(OC)c(OC)cc21	ok
CHEMBL506	PRIMAQUINE	4	1952	Small molecule	1	0	0	1	0			0		COc1cc(NC(C)CCCN)c2ncccc2c1			2.78	4	2	60.17	6			19	2	COc1cc(NC(C)CCCN)c2ncccc2c1	ok
CHEMBL506871	VELIPARIB	3		Small molecule	0	0	0	1	0			0		C[C@]1(c2nc3c(C(N)=O)cccc3[nH]2)CCCN1			1.26	3	3	83.8	2			18	2	C[C@]1(c2nc3c(C(N)=O)cccc3[nH]2)CCCN1	ok
CHEMBL506981	REMINERTANT	3		Small molecule	0	0	0	1	0			0		COc1cccc(OC)c1-c1cc(C(=O)NC2(C(=O)O)C3CC4CC(C3)CC2C4)nn1-c1ccnc2cc(Cl)ccc12			5.77	7	2	115.57	7			42	4	COc1cccc(OC)c1-c1cc(C(=O)NC2(C(=O)O)C3CC4CC(C3)CC2C4)nn1-c1ccnc2cc(Cl)ccc12	ok
CHEMBL507282	DENUFOSOL	3		Small molecule	0	0	0	1	0			0		Nc1ccn([C@H]2C[C@H](O)[C@@H](COP(=O)(O)OP(=O)(O)OP(=O)(O)OP(=O)(O)OC[C@H]3O[C@@H](n4ccc(=O)[nH]c4=O)[C@H](O)[C@@H]3O)O2)c(=O)n1			-2.87	21	9	390.27	14			48	2	Nc1ccn([C@H]2C[C@H](O)[C@@H](COP(=O)(O)OP(=O)(O)OP(=O)(O)OP(=O)(O)OC[C@H]3O[C@@H](n4ccc(=O)[nH]c4=O)[C@H](O)[C@@H]3O)O2)c(=O)n1	ok
CHEMBL507674	CEFOPERAZONE	4	1982	Small molecule	0	1	0	1	0			0		CCN1CCN(C(=O)N[C@@H](C(=O)N[C@@H]2C(=O)N3C(C(=O)O)=C(CSc4nnnn4C)CS[C@H]23)c2ccc(O)cc2)C(=O)C1=O			-1.11	13	4	220.26	9			44	2	CCN1CCN(C(=O)N[C@@H](C(=O)N[C@@H]2C(=O)N3C(C(=O)O)=C(CSc4nnnn4C)CS[C@H]23)c2ccc(O)cc2)C(=O)C1=O	ok
CHEMBL5077861	OPNURASIB	3		Small molecule	0	0	0	0	0			0		C=CC(=O)N1CC2(CC(n3nc(-c4ccc5c(cnn5C)c4)c(-c4c(Cl)c(C)cc5[nH]ncc45)c3C)C2)C1			5.6	6	1	84.63	4			38	5	C=CC(=O)N1CC2(CC(n3nc(-c4ccc5c(cnn5C)c4)c(-c4c(Cl)c(C)cc5[nH]ncc45)c3C)C2)C1	RISK
CHEMBL507974	TETRODOTOXIN	3		Small molecule	0	0	0	1	0			0		NC1=N[C@H](O)[C@H]2[C@H]3O[C@]4(O)O[C@@H]([C@@H](O)[C@@]2(N1)[C@@H]4O)[C@]3(O)CO			-5.52	11	8	190.25	1			22	0	NC1=N[C@H](O)[C@H]2[C@H]3O[C@]4(O)O[C@@H]([C@@H](O)[C@@]2(N1)[C@@H]4O)[C@]3(O)CO	ok
CHEMBL508102	CARBIMAZOLE	4		Small molecule	0	0	0	1	0			0		CCOC(=O)n1ccn(C)c1=S			1.56	5	0	36.16	1			12	1	CCOC(=O)n1ccn(C)c1=S	ok
CHEMBL5087506	ADMILPARANT	3		Small molecule	0	0	0	0	0			0		CCCN(C)C(=O)OCc1c(-c2ccc(O[C@H]3CCC[C@H](C(=O)O)C3)c(C)n2)nnn1C			3.19	8	1	119.67	8			32	2	CCCN(C)C(=O)OCc1c(-c2ccc(O[C@H]3CCC[C@H](C(=O)O)C3)c(C)n2)nnn1C	ok
CHEMBL50882	TIRAPAZAMINE	3		Small molecule	0	0	0	1	0			0		Nc1n[n+]([O-])c2ccccc2[n+]1[O-]			-0.92	4	1	92.79	0			13	2	Nc1n[n+]([O-])c2ccccc2[n+]1[O-]	ok
CHEMBL509	MECLOFENAMIC ACID	4	1980	Small molecule	1	0	0	1	0			0		Cc1ccc(Cl)c(Nc2ccccc2C(=O)O)c1Cl			4.74	2	2	49.33	3			19	2	Cc1ccc(Cl)c(Nc2ccccc2C(=O)O)c1Cl	ok
CHEMBL5095033	IBCASERTIB	3		Small molecule	0	0	0	0	0			0		COc1ccc2c(Oc3ccc4c(C(=O)Nc5ccccc5N)cccc4c3)ccnc2c1			6.02	5	2	86.47	5			33	5	COc1ccc2c(Oc3ccc4c(C(=O)Nc5ccccc5N)cccc4c3)ccnc2c1	ok
CHEMBL5095034	SOVLEPLENIB	3		Small molecule	0	0	0	0	0			0		CS(=O)(=O)N1CCC(c2ccc(-c3ncc4nccnc4c3NC[C@@H]3CNCCO3)cc2)CC1			2.23	8	2	109.34	6			34	3	CS(=O)(=O)N1CCC(c2ccc(-c3ncc4nccnc4c3NC[C@@H]3CNCCO3)cc2)CC1	ok
CHEMBL5095035	CAMLIPIXANT	3		Small molecule	0	0	0	0	0			0		CNC(=O)c1cc(F)c(-c2nc3cc(C)ccn3c2C[C@H]2CN(C(=O)OC)CCO2)c(F)c1			2.96	6	1	85.17	4			33	3	CNC(=O)c1cc(F)c(-c2nc3cc(C)ccn3c2C[C@H]2CN(C(=O)OC)CCO2)c(F)c1	ok
CHEMBL5095039	GALLIUM GA 68 GOZETOTIDE	4	2020	Small molecule	0	1	0	0	0			0		O=C([O-])CN(CCN(CC(=O)[O-])Cc1cc(CCC(=O)NCCCCCC(=O)NCCCC[C@H](NC(=O)N[C@@H](CCC(=O)O)C(=O)O)C(=O)O)ccc1[O-])Cc1cc(CCC(=O)O)ccc1[O-].[68Ga+3].[OH3+]			1.55	13	12	370.07	35			67	2	O=C([O-])CN(CCN(CC(=O)[O-])Cc1cc(CCC(=O)NCCCCCC(=O)NCCCC[C@H](NC(=O)N[C@@H](CCC(=O)O)C(=O)O)C(=O)O)ccc1[O-])Cc1cc(CCC(=O)O)ccc1[O-]	ok
CHEMBL5095042	FASEDIENOL	3		Small molecule	0	0	0	0	0			0		C[C@@]12C=CC[C@H]1[C@@H]1CCC3=C[C@@H](O)CC[C@]3(C)[C@H]1CC2			4.48	1	1	20.23	0			20	0	C[C@@]12C=CC[C@H]1[C@@H]1CCC3=C[C@@H](O)CC[C@]3(C)[C@H]1CC2	ok
CHEMBL5095049	PACRITINIB CITRATE	4	2022	Small molecule	1	0	0	0	0			0		C1=C/COCc2cc(ccc2OCCN2CCCC2)Nc2nccc(n2)-c2cccc(c2)COC/1.O=C(O)CC(O)(CC(=O)O)C(=O)O			4.47	7	1	67.68	4			35	2	C1=C/COCc2cc(ccc2OCCN2CCCC2)Nc2nccc(n2)-c2cccc(c2)COC/1	ok
CHEMBL5095056	BENZGALANTAMINE	4	2024	Small molecule	1	0	0	0	0			0		COc1ccc2c3c1O[C@H]1C[C@@H](OC(=O)c4ccccc4)C=C[C@@]31CCN(C)C2			3.72	5	0	48	3			29	2	COc1ccc2c3c1O[C@H]1C[C@@H](OC(=O)c4ccccc4)C=C[C@@]31CCN(C)C2	ok
CHEMBL5095079	POVORCITINIB	3		Small molecule	0	0	0	0	0			0		Cc1n[nH]c(C)c1-c1cnn(C2(CC#N)CN(c3cc(F)c(C(=O)N[C@@H](C)C(F)(F)F)cc3F)C2)c1			3.98	6	2	102.63	6			36	3	Cc1n[nH]c(C)c1-c1cnn(C2(CC#N)CN(c3cc(F)c(C(=O)N[C@@H](C)C(F)(F)F)cc3F)C2)c1	ok
CHEMBL5095095	DALZANEMDOR	3		Small molecule	0	0	0	0	0			0		C[C@H](CC[C@](C)(O)C(F)(F)F)[C@H]1CC[C@H]2[C@@H]3CC=C4C[C@@](C)(O)CC[C@]4(C)[C@H]3CC[C@]12C			7.05	2	2	40.46	4			32	0	C[C@H](CC[C@](C)(O)C(F)(F)F)[C@H]1CC[C@H]2[C@@H]3CC=C4C[C@@](C)(O)CC[C@]4(C)[C@H]3CC[C@]12C	ok
CHEMBL5095105	LORUNDROSTAT	3		Small molecule	0	0	0	0	0			0		CC(=O)N[C@H]1CC[C@H](NC(=O)CN2CCN(c3nncc(-c4ccc(C)cc4)n3)CC2)CC1			1.53	7	2	103.35	6			33	2	CC(=O)N[C@H]1CC[C@H](NC(=O)CN2CCN(c3nncc(-c4ccc(C)cc4)n3)CC2)CC1	ok
CHEMBL5095172	BRILAROXAZINE	3		Small molecule	0	0	0	0	0			0		O=C1COc2ccc(OCCCCN3CCN(c4cccc(Cl)c4Cl)CC3)cc2N1			4.31	5	1	54.04	7			30	2	O=C1COc2ccc(OCCCCN3CCN(c4cccc(Cl)c4Cl)CC3)cc2N1	ok
CHEMBL5095183	IMLUNESTRANT	3		Small molecule	0	0	0	0	0			0		Oc1ccc2c3c(cnc2c1)-c1ccc(C(F)(F)F)cc1O[C@@H]3c1ccc(OCCN2CC(CF)C2)cc1			6.39	5	1	54.82	6			38	4	Oc1ccc2c3c(cnc2c1)-c1ccc(C(F)(F)F)cc1O[C@@H]3c1ccc(OCCN2CC(CF)C2)cc1	ok
CHEMBL5095202	VIMSELTINIB	3		Small molecule	0	0	0	0	0			0		Cc1nc(-c2cnc(NC(C)C)n(C)c2=O)ccc1Oc1ccnc(-c2cnn(C)c2)c1			3.56	9	1	99.75	6			32	4	Cc1nc(-c2cnc(NC(C)C)n(C)c2=O)ccc1Oc1ccnc(-c2cnn(C)c2)c1	ok
CHEMBL5095203	YIMITASVIR	3		Small molecule	0	0	0	0	0			0		COC(=O)N[C@H](C(=O)N1CCC[C@H]1c1ncc(-c2ccc(-c3ccc(-c4ccc5nc([C@@H]6CCCN6C(=O)[C@@H](NC(=O)OC)C(C)C)[nH]c5c4)c4c3[C@@H]3CC[C@H]4C3)cc2)[nH]1)C(C)C			8.74	8	4	174.64	11			63	5	COC(=O)N[C@H](C(=O)N1CCC[C@H]1c1ncc(-c2ccc(-c3ccc(-c4ccc5nc([C@@H]6CCCN6C(=O)[C@@H](NC(=O)OC)C(C)C)[nH]c5c4)c4c3[C@@H]3CC[C@H]4C3)cc2)[nH]1)C(C)C	ok
CHEMBL5095206	25-HYDROXYERGOCALCIFEROL-	3		Small molecule	0	0	0	1	0			0		C=C1CC[C@H](O)C/C1=C/C=C1\CCC[C@]2(C)[C@@H]([C@H](C)/C=C/[C@H](C)C(C)(C)O)CC[C@@H]12			6.76	2	2	40.46	5			30	0	C=C1CC[C@H](O)C/C1=C/C=C1\CCC[C@]2(C)[C@@H]([C@H](C)/C=C/[C@H](C)C(C)(C)O)CC[C@@H]12	ok
CHEMBL5095210	VEPDEGESTRANT	3		Small molecule	0	0	0	0	0			0		O=C1CC[C@H](N2Cc3cc(N4CCN(CC5CCN(c6ccc([C@@H]7c8ccc(O)cc8CC[C@@H]7c7ccccc7)cc6)CC5)CC4)ccc3C2=O)C(=O)N1			6.05	7	2	96.43	7			54	4	O=C1CC[C@H](N2Cc3cc(N4CCN(CC5CCN(c6ccc([C@@H]7c8ccc(O)cc8CC[C@@H]7c7ccccc7)cc6)CC5)CC4)ccc3C2=O)C(=O)N1	ok
CHEMBL5095213	FOSGONIMETON SODIUM	3		Small molecule	0	0	0	0	0			0		CCCCCC(=O)N[C@@H](Cc1ccc(OP(=O)([O-])O)cc1)C(=O)N[C@H](C(=O)NCCCCCC(N)=O)[C@@H](C)CC.[Na+]			2.46	6	6	197.15	20			40	1	CCCCCC(=O)N[C@@H](Cc1ccc(OP(=O)([O-])O)cc1)C(=O)N[C@H](C(=O)NCCCCCC(N)=O)[C@@H](C)CC	ok
CHEMBL5095220	SARUPARIB	3		Small molecule	0	0	0	0	0			0		CCc1cc2ncc(CN3CCN(c4ccc(C(=O)NC)nc4)CC3)cc2[nH]c1=O			1.56	6	2	94.22	5			30	3	CCc1cc2ncc(CN3CCN(c4ccc(C(=O)NC)nc4)CC3)cc2[nH]c1=O	ok
CHEMBL5095226	GOLCADOMIDE	3		Small molecule	0	0	0	0	0			0		O=C1CC[C@H](N2C(=O)c3cccc(NCc4ccc(CN5CC(N6CCOCC6)C5)cc4F)c3C2=O)C(=O)N1			1.36	8	2	111.29	7			39	2	O=C1CC[C@H](N2C(=O)c3cccc(NCc4ccc(CN5CC(N6CCOCC6)C5)cc4F)c3C2=O)C(=O)N1	ok
CHEMBL5095229	BEZUCLASTINIB	3		Small molecule	0	0	0	0	0			0		Cc1[nH]nc(C(=O)Nc2cnc3[nH]c(-c4ccccc4)cc3c2)c1C			3.82	3	3	86.46	3			25	4	Cc1[nH]nc(C(=O)Nc2cnc3[nH]c(-c4ccccc4)cc3c2)c1C	ok
CHEMBL5095240	MUFEMILAST	3		Small molecule	0	0	0	0	0			0		CCOc1cc([C@@H](CS(C)(=O)=O)N2C(=O)c3csc(NC(C)=O)c3C2=O)ccc1OC			2.5	8	1	119.08	8			31	2	CCOc1cc([C@@H](CS(C)(=O)=O)N2C(=O)c3csc(NC(C)=O)c3C2=O)ccc1OC	ok
CHEMBL5095241	TUNLAMETINIB	3		Small molecule	0	0	0	0	0			0		O=C(NOCCO)c1cc2scnc2c(F)c1Nc1ccc(I)cc1F			3.58	6	3	83.48	6			26	3	O=C(NOCCO)c1cc2scnc2c(F)c1Nc1ccc(I)cc1F	ok
CHEMBL5095248	SEBETRALSTAT	3		Small molecule	0	0	0	0	0			0		COCc1nn(Cc2ccc(Cn3ccccc3=O)cc2)cc1C(=O)NCc1nccc(OC)c1F			2.76	8	1	100.27	10			36	4	COCc1nn(Cc2ccc(Cn3ccccc3=O)cc2)cc1C(=O)NCc1nccc(OC)c1F	ok
CHEMBL5095261	DAZDOTUFTIDE	3		Small molecule	0	0	0	0	0			0		C[C@@H](O)[C@H](N)C(=O)N[C@@H](CCCCN)C(=O)N1CCC[C@H]1C(=O)N[C@@H](CCCNC(=N)N)C(=O)NCC(=O)N[C@@H](Cc1ccc(O)c(/N=N/c2ccc(OP(=O)([O-])OCC[N+](C)(C)C)cc2)c1)C(=O)O												C[C@@H](O)[C@H](N)C(=O)N[C@@H](CCCCN)C(=O)N1CCC[C@H]1C(=O)N[C@@H](CCCNC(=N)N)C(=O)NCC(=O)N[C@@H](Cc1ccc(O)c(/N=N/c2ccc(OP(=O)([O-])OCC[N+](C)(C)C)cc2)c1)C(=O)O	ok
CHEMBL5095264	AZETUKALNER	3		Small molecule	0	0	0	0	0			0		Cc1cc(N2CCc3cc(F)ccc3C2)cc(C)c1NC(=O)CC(C)(C)C			5.38	2	1	32.34	3			27	2	Cc1cc(N2CCc3cc(F)ccc3C2)cc(C)c1NC(=O)CC(C)(C)C	ok
CHEMBL5095398	IVARMACITINIB	3		Small molecule	0	0	0	0	0			0		COc1nsc(NC(=O)N2C[C@H]3C[C@H](N(C)c4ncnc5[nH]ccc45)C[C@H]3C2)n1			2.2	8	2	112.16	4			29	3	COc1nsc(NC(=O)N2C[C@H]3C[C@H](N(C)c4ncnc5[nH]ccc45)C[C@H]3C2)n1	ok
CHEMBL5095404	BEMNIFOSBUVIR	3		Small molecule	0	0	0	0	1			0		CNc1nc(N)nc2c1ncn2[C@@H]1O[C@H](COP(=O)(N[C@@H](C)C(=O)OC(C)C)Oc2ccccc2)[C@@H](O)[C@@]1(C)F			2.57	13	4	184.97	11			40	3	CNc1nc(N)nc2c1ncn2[C@@H]1O[C@H](COP(=O)(N[C@@H](C)C(=O)OC(C)C)Oc2ccccc2)[C@@H](O)[C@@]1(C)F	ok
CHEMBL5095419	FOSGONIMETON	3		Small molecule	0	0	0	0	0			0		CCCCCC(=O)N[C@@H](Cc1ccc(OP(=O)(O)O)cc1)C(=O)N[C@H](C(=O)NCCCCCC(N)=O)[C@@H](C)CC			2.46	6	6	197.15	20			40	1	CCCCCC(=O)N[C@@H](Cc1ccc(OP(=O)(O)O)cc1)C(=O)N[C@H](C(=O)NCCCCCC(N)=O)[C@@H](C)CC	ok
CHEMBL51	KETANSERIN	4		Small molecule	0	0	0	0	0			0		O=C(c1ccc(F)cc1)C1CCN(CCn2c(=O)[nH]c3ccccc3c2=O)CC1			2.42	5	1	75.17	5			29	3	O=C(c1ccc(F)cc1)C1CCN(CCn2c(=O)[nH]c3ccccc3c2=O)CC1	ok
CHEMBL51085	EBSELEN	3		Small molecule	0	0	0	1	0			0		O=c1c2ccccc2[se]n1-c1ccccc1												O=c1c2ccccc2[se]n1-c1ccccc1	ok
CHEMBL511	PYRILAMINE	4	1973	Small molecule	1	0	1	1	0			0		COc1ccc(CN(CCN(C)C)c2ccccn2)cc1			2.66	4	0	28.6	7			21	2	COc1ccc(CN(CCN(C)C)c2ccccn2)cc1	RISK
CHEMBL511099	BICIFADINE	3		Small molecule	0	0	0	1	0			0		Cc1ccc(C23CNCC2C3)cc1			1.86	1	1	12.03	1			13	1	Cc1ccc(C23CNCC2C3)cc1	ok
CHEMBL511115	CILOMILAST	3		Small molecule	0	0	0	1	0			0		COc1ccc([C@]2(C#N)CC[C@@H](C(=O)O)CC2)cc1OC1CCCC1			4.05	4	1	79.55	5			25	1	COc1ccc([C@]2(C#N)CC[C@@H](C(=O)O)CC2)cc1OC1CCCC1	ok
CHEMBL511142	BUPRENORPHINE	4	1981	Small molecule	0	1	1	1	0			0		CO[C@@]12CC[C@@]3(C[C@@H]1[C@](C)(O)C(C)(C)C)[C@H]1Cc4ccc(O)c5c4[C@@]3(CCN1CC1CC1)[C@H]2O5			4.41	5	2	62.16	4			34	1	CO[C@@]12CC[C@@]3(C[C@@H]1[C@](C)(O)C(C)(C)C)[C@H]1Cc4ccc(O)c5c4[C@@]3(CCN1CC1CC1)[C@H]2O5	RISK
CHEMBL512351	BETRIXABAN	4	2017	Small molecule	1	0	0	1	0			0		COc1ccc(NC(=O)c2ccc(C(=N)N(C)C)cc2)c(C(=O)Nc2ccc(Cl)cn2)c1			4.14	5	3	107.41	6			32	3	COc1ccc(NC(=O)c2ccc(C(=N)N(C)C)cc2)c(C(=O)Nc2ccc(Cl)cn2)c1	RISK
CHEMBL513	CARMUSTINE	4	1977	Small molecule	0	1	0	1	0			0		O=NN(CCCl)C(=O)NCCCl			1.16	3	1	61.77	5			12	0	O=NN(CCCl)C(=O)NCCCl	ok
CHEMBL514	LOMUSTINE	4	1976	Small molecule	1	0	0	1	0			0		O=NN(CCCl)C(=O)NC1CCCCC1			2.25	3	1	61.77	4			15	0	O=NN(CCCl)C(=O)NC1CCCCC1	ok
CHEMBL514800	APREMILAST	4	2014	Small molecule	1	0	0	1	0			0		CCOc1cc([C@@H](CS(C)(=O)=O)N2C(=O)c3cccc(NC(C)=O)c3C2=O)ccc1OC			2.43	7	1	119.08	8			32	2	CCOc1cc([C@@H](CS(C)(=O)=O)N2C(=O)c3cccc(NC(C)=O)c3C2=O)ccc1OC	ok
CHEMBL51483	GOSSYPOL	3		Small molecule	0	0	0	1	0			0		Cc1cc2c(C(C)C)c(O)c(O)c(C=O)c2c(O)c1-c1c(C)cc2c(C(C)C)c(O)c(O)c(C=O)c2c1O			6.38	8	6	155.52	5			38	4	Cc1cc2c(C(C)C)c(O)c(O)c(C=O)c2c(O)c1-c1c(C)cc2c(C(C)C)c(O)c(O)c(C=O)c2c1O	ok
CHEMBL515	CHLORAMBUCIL	4	1957	Small molecule	1	0	0	1	0			0		O=C(O)CCCc1ccc(N(CCCl)CCCl)cc1			3.38	2	1	40.54	9			19	1	O=C(O)CCCc1ccc(N(CCCl)CCCl)cc1	ok
CHEMBL515387	GOSOGLIPTIN	4	2016	Small molecule	1	0	0	0	0			0		O=C([C@@H]1C[C@H](N2CCN(c3ncccn3)CC2)CN1)N1CCC(F)(F)C1			0.2	6	1	64.6	3			26	1	O=C([C@@H]1C[C@H](N2CCN(c3ncccn3)CC2)CN1)N1CCC(F)(F)C1	ok
CHEMBL515408	MARIBAVIR	4	2021	Small molecule	1	0	0	1	0			0		CC(C)Nc1nc2cc(Cl)c(Cl)cc2n1[C@H]1O[C@@H](CO)[C@H](O)[C@@H]1O			1.77	7	4	99.77	4			24	2	CC(C)Nc1nc2cc(Cl)c(Cl)cc2n1[C@H]1O[C@@H](CO)[C@H](O)[C@@H]1O	ok
CHEMBL515606	CILAZAPRIL	4		Small molecule	0	0	0	1	1			0		CCOC(=O)[C@H](CCc1ccccc1)N[C@H]1CCCN2CCC[C@@H](C(=O)O)N2C1=O			1.6	6	2	99.18	8			30	1	CCOC(=O)[C@H](CCc1ccccc1)N[C@H]1CCCN2CCC[C@@H](C(=O)O)N2C1=O	ok
CHEMBL515914	AZARIBINE	4		Small molecule	0	0	0	1	0			0		CC(=O)OC[C@H]1O[C@@H](n2ncc(=O)[nH]c2=O)[C@H](OC(C)=O)[C@@H]1OC(C)=O			-1.74	11	1	155.88	5			26	1	CC(=O)OC[C@H]1O[C@@H](n2ncc(=O)[nH]c2=O)[C@H](OC(C)=O)[C@@H]1OC(C)=O	ok
CHEMBL516	CYPROHEPTADINE	4	1961	Small molecule	1	0	0	1	0			0		CN1CCC(=C2c3ccccc3C=Cc3ccccc32)CC1			4.7	1	0	3.24	0			22	2	CN1CCC(=C2c3ccccc3C=Cc3ccccc32)CC1	ok
CHEMBL517	DISOPYRAMIDE	4	1977	Small molecule	1	0	0	1	0			0		CC(C)N(CCC(C(N)=O)(c1ccccc1)c1ccccn1)C(C)C			3.36	3	1	59.22	8			25	2	CC(C)N(CCC(C(N)=O)(c1ccccc1)c1ccccn1)C(C)C	ok
CHEMBL517231	ISLATRAVIR	3		Small molecule	0	0	0	0	0			0		C#C[C@]1(CO)O[C@@H](n2cnc3c(N)nc(F)nc32)C[C@@H]1O			-0.81	8	3	119.31	2			21	2	C#C[C@]1(CO)O[C@@H](n2cnc3c(N)nc(F)nc32)C[C@@H]1O	ok
CHEMBL5172403	RIFASUTENIZOL	3		Small molecule	0	0	0	0	0			0		CO[C@H]1/C=C/O[C@@]2(C)Oc3c(C)c(O)c4c(c3C2=O)C2=NC3(CCN(CCn5c([N+](=O)[O-])cnc5C)CC3)NC2=C(NC(=O)/C(C)=C\C=C\[C@H](C)[C@H](O)[C@@H](C)[C@@H](O)[C@@H](C)[C@H](OC(C)=O)[C@@H]1C)C4=O			4.07	18	5	266.51	6			68	2	CO[C@H]1/C=C/O[C@@]2(C)Oc3c(C)c(O)c4c(c3C2=O)C2=NC3(CCN(CCn5c([N+](=O)[O-])cnc5C)CC3)NC2=C(NC(=O)/C(C)=C\C=C\[C@H](C)[C@H](O)[C@@H](C)[C@@H](O)[C@@H](C)[C@H](OC(C)=O)[C@@H]1C)C4=O	ok
CHEMBL517427	NILVADIPINE	3		Small molecule	0	0	0	1	0			0		COC(=O)C1=C(C#N)NC(C)=C(C(=O)OC(C)C)C1c1cccc([N+](=O)[O-])c1			2.46	8	1	131.56	5			28	1	COC(=O)C1=C(C#N)NC(C)=C(C(=O)OC(C)C)C1c1cccc([N+](=O)[O-])c1	ok
CHEMBL517712	ATROPINE	4	1960	Small molecule	1	1	1	1	0			0		CN1[C@@H]2CC[C@H]1C[C@@H](OC(=O)C(CO)c1ccccc1)C2			1.93	4	1	49.77	4			21	1	CN1[C@@H]2CC[C@H]1C[C@@H](OC(=O)C(CO)c1ccccc1)C2	ok
CHEMBL5183847	ENSITRELVIR	3		Small molecule	0	0	0	0	0			0		Cn1cnc(Cn2c(=O)[nH]/c(=N\c3cc4cn(C)nc4cc3Cl)n(Cc3cc(F)c(F)cc3F)c2=O)n1			1.75	10	1	120.68	5			37	5	Cn1cnc(Cn2c(=O)[nH]/c(=N\c3cc4cn(C)nc4cc3Cl)n(Cc3cc(F)c(F)cc3F)c2=O)n1	ok
CHEMBL518520	RALTEGRAVIR POTASSIUM	4	2007	Small molecule	1	0	0	0	0			0		Cc1nnc(C(=O)NC(C)(C)c2nc(C(=O)NCc3ccc(F)cc3)c([O-])c(=O)n2C)o1.[K+]			0.91	9	3	152.24	6			32	3	Cc1nnc(C(=O)NC(C)(C)c2nc(C(=O)NCc3ccc(F)cc3)c([O-])c(=O)n2C)o1	ok
CHEMBL518924	MAVORIXAFOR	4	2024	Small molecule	1	0	0	1	0			0		NCCCCN(Cc1nc2ccccc2[nH]1)[C@H]1CCCc2cccnc21			3.58	4	2	70.83	7			26	3	NCCCCN(Cc1nc2ccccc2[nH]1)[C@H]1CCCc2cccnc21	RISK
CHEMBL5189739	BEROTRALSTAT	4	2020	Small molecule	1	0	0	0	0			0		N#Cc1cccc([C@@H](NCC2CC2)c2ccc(F)c(NC(=O)c3cc(C(F)(F)F)nn3-c3cccc(CN)c3)c2)c1			5.7	6	3	108.76	9			41	4	N#Cc1cccc([C@@H](NCC2CC2)c2ccc(F)c(NC(=O)c3cc(C(F)(F)F)nn3-c3cccc(CN)c3)c2)c1	ok
CHEMBL519504	ALEGLITAZAR	3		Small molecule	0	0	0	1	0			0		CO[C@@H](Cc1ccc(OCCc2nc(-c3ccccc3)oc2C)c2ccsc12)C(=O)O			5.13	6	1	81.79	9			31	4	CO[C@@H](Cc1ccc(OCCc2nc(-c3ccccc3)oc2C)c2ccsc12)C(=O)O	ok
CHEMBL519846	RO-0622	3		Small molecule	0	0	0	0	0			0		[N-]=[N+]=N[C@]1(CO)O[C@@H](n2ccc(N)nc2=O)[C@@H](F)[C@@H]1O			-0.95	8	3	159.36	3			20	1	[N-]=[N+]=N[C@]1(CO)O[C@@H](n2ccc(N)nc2=O)[C@@H](F)[C@@H]1O	ok
CHEMBL520733	SEMAGACESTAT	3		Small molecule	0	0	0	1	0			0		CC(C)[C@H](O)C(=O)N[C@@H](C)C(=O)N[C@@H]1C(=O)N(C)CCc2ccccc21			0.38	4	3	98.74	5			26	1	CC(C)[C@H](O)C(=O)N[C@@H](C)C(=O)N[C@@H]1C(=O)N(C)CCc2ccccc21	ok
CHEMBL521	IBUPROFEN	4	1974	Small molecule	1	1	0	1	0			0		CC(C)Cc1ccc(C(C)C(=O)O)cc1			3.07	1	1	37.3	4			15	1	CC(C)Cc1ccc(C(C)C(=O)O)cc1	ok
CHEMBL521078	PORFIROMYCIN	3		Small molecule	0	0	0	1	0			0		CO[C@@]12[C@H](COC(N)=O)C3=C(C(=O)C(C)=C(N)C3=O)N1C[C@H]1[C@@H]2N1C			-1.31	8	2	127.96	3			25	0	CO[C@@]12[C@H](COC(N)=O)C3=C(C(=O)C(C)=C(N)C3=O)N1C[C@H]1[C@@H]2N1C	ok
CHEMBL521589	BAMBUTEROL	3		Small molecule	0	0	0	1	1			0		CN(C)C(=O)Oc1cc(OC(=O)N(C)C)cc(C(O)CNC(C)(C)C)c1			2.23	6	2	91.34	5			26	1	CN(C)C(=O)Oc1cc(OC(=O)N(C)C)cc(C(O)CNC(C)(C)C)c1	ok
CHEMBL521606	NADOLOL	4	1979	Small molecule	1	0	0	1	0			0		CC(C)(C)NCC(O)COc1cccc2c1CC(O)C(O)C2			0.63	5	4	81.95	5			22	1	CC(C)(C)NCC(O)COc1cccc2c1CC(O)C(O)C2	ok
CHEMBL521686	OLAPARIB	4	2014	Small molecule	1	0	0	0	0			0		O=C(c1cc(Cc2n[nH]c(=O)c3ccccc23)ccc1F)N1CCN(C(=O)C2CC2)CC1			2.35	4	1	86.37	4			32	3	O=C(c1cc(Cc2n[nH]c(=O)c3ccccc23)ccc1F)N1CCN(C(=O)C2CC2)CC1	ok
CHEMBL5219660	JT-001	3		Small molecule	0	0	0	0	0			0		O=C(Nc1c2c(cc3c1CCC3)CCC2)NS(=O)(=O)c1cnn2c1OCCC2			2.15	6	2	102.32	3			28	2	O=C(Nc1c2c(cc3c1CCC3)CCC2)NS(=O)(=O)c1cnn2c1OCCC2	ok
CHEMBL522038	XIMELAGATRAN	4		Small molecule	1	0	0	1	1			0		CCOC(=O)CN[C@@H](C(=O)N1CC[C@H]1C(=O)NCc1ccc(/C(N)=N\O)cc1)C1CCCCC1			1.1	7	4	146.35	10			34	1	CCOC(=O)CN[C@@H](C(=O)N1CC[C@H]1C(=O)NCc1ccc(/C(N)=N\O)cc1)C1CCCCC1	ok
CHEMBL522892	DOVITINIB	3		Small molecule	0	0	0	0	0			0		CN1CCN(c2ccc3nc(-c4c(N)c5c(F)cccc5[nH]c4=O)[nH]c3c2)CC1			2.54	5	3	94.04	2			29	4	CN1CCN(c2ccc3nc(-c4c(N)c5c(F)cccc5[nH]c4=O)[nH]c3c2)CC1	ok
CHEMBL52333	ROLOFYLLINE	3		Small molecule	0	0	0	1	0			0		CCCn1c(=O)c2nc(C34CC5CC(CC3C5)C4)[nH]c2n(CCC)c1=O			2.78	5	1	72.68	5			26	2	CCCn1c(=O)c2nc(C34CC5CC(CC3C5)C4)[nH]c2n(CCC)c1=O	ok
CHEMBL524	METHOXAMINE	4	1982	Small molecule	0	1	0	1	0			0		COc1ccc(OC)c(C(O)C(C)N)c1			1.08	4	2	64.71	4			15	1	COc1ccc(OC)c(C(O)C(C)N)c1	ok
CHEMBL524004	MEPENZOLATE	4	1956	Small molecule	1	0	0	1	0			0		C[N+]1(C)CCCC(OC(=O)C(O)(c2ccccc2)c2ccccc2)C1			2.7	3	1	46.53	4			25	2	C[N+]1(C)CCCC(OC(=O)C(O)(c2ccccc2)c2ccccc2)C1	ok
CHEMBL52440	DEXTROMETHORPHAN	4	1982	Small molecule	1	0	0	1	0			0		COc1ccc2c(c1)[C@]13CCCC[C@@H]1[C@H](C2)N(C)CC3			3.38	2	0	12.47	1			20	1	COc1ccc2c(c1)[C@]13CCCC[C@@H]1[C@H](C2)N(C)CC3	ok
CHEMBL526	PROPOFOL	4	1989	Small molecule	0	1	0	1	0			0		CC(C)c1cccc(C(C)C)c1O			3.64	1	1	20.23	2			13	1	CC(C)c1cccc(C(C)C)c1O	ok
CHEMBL5267842	PALTUSOTINE	3		Small molecule	0	0	0	0	0			0		N#Cc1cccc(-c2ccc3ncc(-c4cc(F)cc(F)c4)c(N4CCC(N)CC4)c3c2)c1O			5.35	5	2	86.17	3			34	4	N#Cc1cccc(-c2ccc3ncc(-c4cc(F)cc(F)c4)c(N4CCC(N)CC4)c3c2)c1O	ok
CHEMBL527	PIROXICAM	4	1982	Small molecule	1	0	0	1	0			0		CN1C(C(=O)Nc2ccccn2)=C(O)c2ccccc2S1(=O)=O			1.58	5	2	99.6	2			23	2	CN1C(C(=O)Nc2ccccn2)=C(O)c2ccccc2S1(=O)=O	ok
CHEMBL528	CEFTIZOXIME	4	1983	Small molecule	0	1	0	1	0			0		CO/N=C(\C(=O)N[C@@H]1C(=O)N2C(C(=O)O)=CCS[C@H]12)c1csc(N)n1			-0.56	9	3	147.21	5			25	1	CO/N=C(\C(=O)N[C@@H]1C(=O)N2C(C(=O)O)=CCS[C@H]12)c1csc(N)n1	ok
CHEMBL529	AZITHROMYCIN	4	1991	Small molecule	1	1	1	1	0			0		CC[C@H]1OC(=O)[C@H](C)[C@@H](O[C@H]2C[C@@](C)(OC)[C@@H](O)[C@H](C)O2)[C@H](C)[C@@H](O[C@@H]2O[C@H](C)C[C@H](N(C)C)[C@H]2O)[C@](C)(O)C[C@@H](C)CN(C)[C@H](C)[C@@H](O)[C@]1(C)O			1.9	14	5	180.08	7			52	0	CC[C@H]1OC(=O)[C@H](C)[C@@H](O[C@H]2C[C@@](C)(OC)[C@@H](O)[C@H](C)O2)[C@H](C)[C@@H](O[C@@H]2O[C@H](C)C[C@H](N(C)C)[C@H]2O)[C@](C)(O)C[C@@H](C)CN(C)[C@H](C)[C@@H](O)[C@]1(C)O	ok
CHEMBL52939	SARPOGRELATE	3		Small molecule	0	0	0	1	0			0		COc1cccc(CCc2ccccc2OCC(CN(C)C)OC(=O)CCC(=O)O)c1			3.2	6	1	85.3	13			31	2	COc1cccc(CCc2ccccc2OCC(CN(C)C)OC(=O)CCC(=O)O)c1	ok
CHEMBL529888	GLIBORNURIDE	4		Small molecule	0	0	0	1	0			0		Cc1ccc(S(=O)(=O)NC(=O)N[C@H]2[C@H]3CC[C@@](C)([C@H]2O)C3(C)C)cc1			2.17	4	3	95.5	3			25	1	Cc1ccc(S(=O)(=O)NC(=O)N[C@H]2[C@H]3CC[C@@](C)([C@H]2O)C3(C)C)cc1	ok
CHEMBL53	APOMORPHINE	4	2001	Small molecule	0	1	1	1	0			0		CN1CCc2cccc3c2[C@H]1Cc1ccc(O)c(O)c1-3			2.85	3	2	43.7	0			20	2	CN1CCc2cccc3c2[C@H]1Cc1ccc(O)c(O)c1-3	RISK
CHEMBL530	AMDINOCILLIN	4	1984	Small molecule	0	1	0	1	0			0		CC1(C)S[C@@H]2[C@H](/N=C/N3CCCCCC3)C(=O)N2[C@H]1C(=O)O			1.41	4	1	73.21	3			22	0	CC1(C)S[C@@H]2[C@H](/N=C/N3CCCCCC3)C(=O)N2[C@H]1C(=O)O	ok
CHEMBL531	PERGOLIDE	4	1988	Small molecule	1	0	0	1	0			0		CCCN1C[C@H](CSC)C[C@@H]2c3cccc4[nH]cc(c34)C[C@H]21			4.27	2	1	19.03	4			22	2	CCCN1C[C@H](CSC)C[C@@H]2c3cccc4[nH]cc(c34)C[C@H]21	RISK
CHEMBL5314365	MONENSIN SODIUM	4		Small molecule	0	0	0	1	0			1		CC[C@@]1([C@H]2O[C@H]([C@H]3O[C@@](O)(CO)[C@H](C)C[C@@H]3C)C[C@H]2C)CC[C@H]([C@@]2(C)CC[C@]3(C[C@H](O)[C@@H](C)[C@@H]([C@H](C)[C@H](OC)[C@@H](C)C(=O)[O-])O3)O2)O1.[Na+]			4.27	10	4	153.37	10			47	0	CC[C@@]1([C@H]2O[C@H]([C@H]3O[C@@](O)(CO)[C@H](C)C[C@@H]3C)C[C@H]2C)CC[C@H]([C@@]2(C)CC[C@]3(C[C@H](O)[C@@H](C)[C@@H]([C@H](C)[C@H](OC)[C@@H](C)C(=O)[O-])O3)O2)O1	ok
CHEMBL5314404	AJMALINE	3		Small molecule	0	0	0	1	0			0		CC[C@H]1[C@@H]2C[C@H]3[C@@H]4N(C)c5ccccc5[C@]45C[C@@H]([C@@H]2[C@H]5O)N3[C@@H]1O			1.55	4	2	46.94	1			24	1	CC[C@H]1[C@@H]2C[C@H]3[C@@H]4N(C)c5ccccc5[C@]45C[C@@H]([C@@H]2[C@H]5O)N3[C@@H]1O	RISK
CHEMBL5314423	ZASOCITINIB	3		Small molecule	0	0	0	0	0			0		CNc1cc(Nc2cccn(-c3ccccn3)c2=O)nc2c(C(=O)N[C@@H]3CC[C@H]3OC)cnn12			1.97	10	3	127.47	7			34	4	CNc1cc(Nc2cccn(-c3ccccn3)c2=O)nc2c(C(=O)N[C@@H]3CC[C@H]3OC)cnn12	ok
CHEMBL5314428	ZANZALINTINIB	3		Small molecule	0	0	0	0	0			0		CNC(=O)c1cc2c(Oc3ccc(NC(=O)C4(C(=O)Nc5ccc(F)cc5)CC4)cc3)ccnc2cc1OC			4.89	6	3	118.65	8			39	4	CNC(=O)c1cc2c(Oc3ccc(NC(=O)C4(C(=O)Nc5ccc(F)cc5)CC4)cc3)ccnc2cc1OC	ok
CHEMBL5314430	TINENGOTINIB	3		Small molecule	0	0	0	0	0			0		Cc1[nH]nc2c1N=C(c1ccccc1Cl)c1cnc(N3CCOCC3)cc1N2			3.83	6	2	78.43	2			28	3	Cc1[nH]nc2c1N=C(c1ccccc1Cl)c1cnc(N3CCOCC3)cc1N2	ok
CHEMBL5314455	BRIGIMADLIN	3		Small molecule	0	0	0	0	0			0		Cc1c(C(=O)O)ccc2c3n(nc12)[C@@H]1[C@H](C3)N(CC2CC2)[C@@]2(C(=O)Nc3cc(Cl)ccc32)[C@H]1c1cccc(Cl)c1F			6.31	5	2	87.46	4			41	4	Cc1c(C(=O)O)ccc2c3n(nc12)[C@@H]1[C@H](C3)N(CC2CC2)[C@@]2(C(=O)Nc3cc(Cl)ccc32)[C@H]1c1cccc(Cl)c1F	ok
CHEMBL5314459	FAZAMOREXANT	3		Small molecule	0	0	0	0	0			0		Cc1ccc(-c2ncccn2)c(C(=O)N2[C@H]3CC[C@@H](COc4ccc(F)cn4)[C@@H]2CC3)c1			4.45	5	0	68.21	5			32	3	Cc1ccc(-c2ncccn2)c(C(=O)N2[C@H]3CC[C@@H](COc4ccc(F)cn4)[C@@H]2CC3)c1	ok
CHEMBL5314475	PALAZESTRANT	3		Small molecule	0	0	0	0	0			0		CCCN1CC(Oc2ccc([C@@H]3c4[nH]c5ccccc5c4C[C@@H](C)N3CC(C)(C)F)cc2)C1			5.73	3	1	31.5	7			33	3	CCCN1CC(Oc2ccc([C@@H]3c4[nH]c5ccccc5c4C[C@@H](C)N3CC(C)(C)F)cc2)C1	ok
CHEMBL5314487	SUZETRIGINE	3		Small molecule	0	0	0	0	0			0		COc1c([C@H]2[C@H](C(=O)Nc3ccnc(C(N)=O)c3)O[C@@](C)(C(F)(F)F)[C@H]2C)ccc(F)c1F			3.55	5	2	103.54	5			33	2	COc1c([C@H]2[C@H](C(=O)Nc3ccnc(C(N)=O)c3)O[C@@](C)(C(F)(F)F)[C@H]2C)ccc(F)c1F	ok
CHEMBL5314498	ZONGERTINIB	3		Small molecule	0	0	0	0	0			0		C=CC(=O)NC1CCN(c2ncc3ncnc(Nc4ccc(Oc5ccc6c(c5)ncn6C)c(C)c4)c3n2)CC1			4.42	10	2	122.98	7			40	5	C=CC(=O)NC1CCN(c2ncc3ncnc(Nc4ccc(Oc5ccc6c(c5)ncn6C)c(C)c4)c3n2)CC1	ok
CHEMBL5314533	OPEVESOSTAT	3		Small molecule	0	0	0	0	0			0		CS(=O)(=O)N1CCC(COc2coc(CN3Cc4ccccc4C3)cc2=O)CC1			2.21	6	0	80.06	6			29	2	CS(=O)(=O)N1CCC(COc2coc(CN3Cc4ccccc4C3)cc2=O)CC1	ok
CHEMBL5314535	PIMICOTINIB	3		Small molecule	0	0	0	0	0			0		Cc1nc(NC(=O)N2CCC(C)(C)C2=O)ccc1Oc1ccnc(-c2cnn(C)c2)c1			3.77	7	1	102.24	4			31	3	Cc1nc(NC(=O)N2CCC(C)(C)C2=O)ccc1Oc1ccnc(-c2cnn(C)c2)c1	ok
CHEMBL5314564	SUNVOZERTINIB	3		Small molecule	0	0	0	0	0			0		C=CC(=O)Nc1cc(Nc2nccc(Nc3cc(Cl)c(F)cc3C(C)(C)O)n2)c(OC)cc1N1CC[C@@H](N(C)C)C1			5.26	9	4	114.88	10			41	3	C=CC(=O)Nc1cc(Nc2nccc(Nc3cc(Cl)c(F)cc3C(C)(C)O)n2)c(OC)cc1N1CC[C@@H](N(C)C)C1	ok
CHEMBL5314576	ICLEPERTIN	3		Small molecule	0	0	0	0	0			0		C[C@@H](Oc1ccc(S(C)(=O)=O)cc1C(=O)N1C[C@@H]2C[C@]2(c2cc(C(F)(F)F)on2)C1)C(F)(F)F			3.84	6	0	89.71	5			34	2	C[C@@H](Oc1ccc(S(C)(=O)=O)cc1C(=O)N1C[C@@H]2C[C@]2(c2cc(C(F)(F)F)on2)C1)C(F)(F)F	ok
CHEMBL5314588	PERFLUOROHEXYLOCTANE	4	2023	Small molecule	0	0	1	0	0			0		CCCCCCCCC(F)(F)C(F)(F)C(F)(F)C(F)(F)C(F)(F)C(F)(F)F			7.48	0	0	0	11			27	0	CCCCCCCCC(F)(F)C(F)(F)C(F)(F)C(F)(F)C(F)(F)C(F)(F)F	ok
CHEMBL5314597	BIMATOPROST GRENOD	3		Small molecule	0	0	0	0	0			0		CCNC(=O)CCC/C=C/C[C@@H]1[C@@H](/C=C/[C@H](CCc2ccccc2)OC(=O)CCCCCO[N+](=O)[O-])[C@H](O)C[C@@H]1O			4.47	8	3	148.23	20			41	1	CCNC(=O)CCC/C=C/C[C@@H]1[C@@H](/C=C/[C@H](CCc2ccccc2)OC(=O)CCCCCO[N+](=O)[O-])[C@H](O)C[C@@H]1O	ok
CHEMBL5314598	IBUPROFEN TRELAMINE	3		Small molecule	0	0	0	0	0			0		CCN(CC)CCOC(=O)C(C)c1ccc(CC(C)C)cc1			3.87	3	0	29.54	9			22	1	CCN(CC)CCOC(=O)C(C)c1ccc(CC(C)C)cc1	ok
CHEMBL5314606	GILDEURETINOL	3		Small molecule	0	0	0	0	0			0		[2H]C([2H])([2H])C(/C=C/C=C(C)/C=C/C1=C(C)CCCC1(C)C)=C\CO			5.51	1	1	20.23	5			21	0	[2H]C([2H])([2H])C(/C=C/C=C(C)/C=C/C1=C(C)CCCC1(C)C)=C\CO	ok
CHEMBL531472	HYDROQUINIDINE	3		Small molecule	0	0	0	1	0			0		CC[C@H]1CN2CC[C@H]1C[C@@H]2[C@@H](O)c1ccnc2ccc(OC)cc12			3.4	4	1	45.59	4			24	2	CC[C@H]1CN2CC[C@H]1C[C@@H]2[C@@H](O)c1ccnc2ccc(OC)cc12	ok
CHEMBL5314921	LEUCOGEN	3		Small molecule	0	0	0	0	0			0		CCOC(=O)C(c1ccccc1)C1NC(C(=O)O)CS1			1.45	5	2	75.63	5			20	1	CCOC(=O)C(c1ccccc1)C1NC(C(=O)O)CS1	ok
CHEMBL5314931	SUDAPYRIDINE	3		Small molecule	0	0	0	0	0			0		COc1ncc(-c2ccc(Cl)cc2)cc1[C@@H](c1ccccc1)[C@@](O)(CCN(C)C)c1cccc2ccccc12			7.54	4	1	45.59	9			39	5	COc1ncc(-c2ccc(Cl)cc2)cc1[C@@H](c1ccccc1)[C@@](O)(CCN(C)C)c1cccc2ccccc12	ok
CHEMBL5314934	VANZACAFTOR	4	2024	Small molecule	1	0	0	0	0			0		CC1(C)C[C@@H]2CCCNc3cccc(n3)S(=O)(=O)NC(=O)c3ccc(-n4ccc(OCCC5C6(CC6)C56CC6)n4)nc3N1C2			4.55	10	2	131.34	5			44	3	CC1(C)C[C@@H]2CCCNc3cccc(n3)S(=O)(=O)NC(=O)c3ccc(-n4ccc(OCCC5C6(CC6)C56CC6)n4)nc3N1C2	ok
CHEMBL5314939	FLUOROCHOLINE F-18	3		Small molecule	0	0	0	0	0			0		C[N+](C)(C[18F])CCO			-0.02	1	1	20.23	3			8	0	C[N+](C)(C[18F])CCO	ok
CHEMBL5314951	SONROTOCLAX	3		Small molecule	0	0	0	0	0			0		CC(C)c1ccccc1[C@@H]1CCCN1C1CC2(CCN(c3ccc(C(=O)NS(=O)(=O)c4ccc(NC[C@H]5CC[C@](C)(O)CC5)c([N+](=O)[O-])c4)c(Oc4cnc5[nH]ccc5c4)c3)CC2)C1			9.44	11	4	183.03	13			64	5	CC(C)c1ccccc1[C@@H]1CCCN1C1CC2(CCN(c3ccc(C(=O)NS(=O)(=O)c4ccc(NC[C@H]5CC[C@](C)(O)CC5)c([N+](=O)[O-])c4)c(Oc4cnc5[nH]ccc5c4)c3)CC2)C1	ok
CHEMBL5314952	REZIVERTINIB	3		Small molecule	0	0	0	0	0			0		C=CC(=O)Nc1cc(Nc2nccc(-c3cn(C)c4ccccc34)n2)c(OC)cc1OCCN(C)C			4.45	8	2	93.54	10			36	4	C=CC(=O)Nc1cc(Nc2nccc(-c3cn(C)c4ccccc34)n2)c(OC)cc1OCCN(C)C	ok
CHEMBL5314958	CRISUGABALIN	3		Small molecule	0	0	0	0	0			0		NC[C@@]1(CC(=O)O)[C@@H]2CC[C@H]3C[C@@H]2[C@@H]1C3			1.47	2	2	63.32	3			15	0	NC[C@@]1(CC(=O)O)[C@@H]2CC[C@H]3C[C@@H]2[C@@H]1C3	ok
CHEMBL5314960	DIOXYDINE	3		Small molecule	0	0	0	0	0			0		[O-][n+]1c(CO)c(CO)[n+]([O-])c2ccccc21			-0.91	4	2	94.34	2			16	2	[O-][n+]1c(CO)c(CO)[n+]([O-])c2ccccc21	ok
CHEMBL5314961	OCEDURENONE	3		Small molecule	0	0	0	0	0			0		N#Cc1ccc(N2N=C3c4ccc(C(=O)N5CCC(O)CC5)nc4CC[C@@H]3[C@@H]2C2CCCC2)cc1Cl			4.55	6	1	92.82	3			36	2	N#Cc1ccc(N2N=C3c4ccc(C(=O)N5CCC(O)CC5)nc4CC[C@@H]3[C@@H]2C2CCCC2)cc1Cl	ok
CHEMBL5315122	BORTEZOMIB D-MANNITOL	4	2003	Small molecule	0	1	0	0	0			0		CC(C)C[C@H](NC(=O)[C@H](Cc1ccccc1)NC(=O)c1cnccn1)B1O[C@H]([C@H](O)CO)[C@@H]([C@H](O)CO)O1												CC(C)C[C@H](NC(=O)[C@H](Cc1ccccc1)NC(=O)c1cnccn1)B1O[C@H]([C@H](O)CO)[C@@H]([C@H](O)CO)O1	ok
CHEMBL532	ERYTHROMYCIN	4	1964	Small molecule	1	1	1	1	0			0		CC[C@H]1OC(=O)[C@H](C)[C@@H](O[C@H]2C[C@@](C)(OC)[C@@H](O)[C@H](C)O2)[C@H](C)[C@@H](O[C@@H]2O[C@H](C)C[C@H](N(C)C)[C@H]2O)[C@](C)(O)C[C@@H](C)C(=O)[C@H](C)[C@@H](O)[C@]1(C)O			1.79	14	5	193.91	7			51	0	CC[C@H]1OC(=O)[C@H](C)[C@@H](O[C@H]2C[C@@](C)(OC)[C@@H](O)[C@H](C)O2)[C@H](C)[C@@H](O[C@@H]2O[C@H](C)C[C@H](N(C)C)[C@H]2O)[C@](C)(O)C[C@@H](C)C(=O)[C@H](C)[C@@H](O)[C@]1(C)O	RISK
CHEMBL53292	ISOXICAM	4		Small molecule	0	0	0	1	0			0		Cc1cc(NC(=O)C2=C(O)c3ccccc3S(=O)(=O)N2C)no1			1.48	6	2	112.74	2			23	2	Cc1cc(NC(=O)C2=C(O)c3ccccc3S(=O)(=O)N2C)no1	ok
CHEMBL533	IBUTILIDE	4	1995	Small molecule	0	1	0	1	0			0		CCCCCCCN(CC)CCCC(O)c1ccc(NS(C)(=O)=O)cc1			4.16	4	2	69.64	14			26	1	CCCCCCCN(CC)CCCC(O)c1ccc(NS(C)(=O)=O)cc1	RISK
CHEMBL53366	IMIDAFENACIN	3		Small molecule	0	0	0	1	0			0		Cc1nccn1CCC(C(N)=O)(c1ccccc1)c1ccccc1			3.05	3	1	60.91	6			24	3	Cc1nccn1CCC(C(N)=O)(c1ccccc1)c1ccccc1	ok
CHEMBL534	KETOTIFEN	4	1999	Small molecule	0	0	1	1	1			0		CN1CCC(=C2c3ccccc3CC(=O)c3sccc32)CC1			4.01	3	0	20.31	0			22	2	CN1CCC(=C2c3ccccc3CC(=O)c3sccc32)CC1	ok
CHEMBL53418	DANTHRON	4		Small molecule	0	0	0	1	0			0		O=C1c2cccc(O)c2C(=O)c2c(O)cccc21			1.87	4	2	74.6	0			18	2	O=C1c2cccc(O)c2C(=O)c2c(O)cccc21	ok
CHEMBL53463	DOXORUBICIN	4	1974	Small molecule	0	1	0	1	0			0		COc1cccc2c1C(=O)c1c(O)c3c(c(O)c1C2=O)C[C@@](O)(C(=O)CO)C[C@@H]3O[C@H]1C[C@H](N)[C@H](O)[C@H](C)O1			0	12	6	206.07	5			39	2	COc1cccc2c1C(=O)c1c(O)c3c(c(O)c1C2=O)C[C@@](O)(C(=O)CO)C[C@@H]3O[C@H]1C[C@H](N)[C@H](O)[C@H](C)O1	ok
CHEMBL535	SUNITINIB	4	2006	Small molecule	1	0	0	0	0			0		CCN(CC)CCNC(=O)c1c(C)[nH]c(/C=C2\C(=O)Nc3ccc(F)cc32)c1C			3.33	3	3	77.23	7			29	2	CCN(CC)CCNC(=O)c1c(C)[nH]c(/C=C2\C(=O)Nc3ccc(F)cc32)c1C	RISK
CHEMBL537	HYDROQUINONE	4	2002	Small molecule	0	0	1	1	0			0		Oc1ccc(O)cc1			1.1	2	2	40.46	0			8	1	Oc1ccc(O)cc1	ok
CHEMBL538867	PATIDEGIB	3		Small molecule	0	0	0	1	0			0		CC1=C2C[C@H]3[C@@H](CC[C@@H]4C[C@H](NS(C)(=O)=O)CC[C@@]43C)[C@@H]2CC[C@@]2(C1)O[C@@H]1C[C@H](C)CN[C@H]1[C@H]2C			5.03	4	2	67.43	2			35	0	CC1=C2C[C@H]3[C@@H](CC[C@@H]4C[C@H](NS(C)(=O)=O)CC[C@@]43C)[C@@H]2CC[C@@]2(C1)O[C@@H]1C[C@H](C)CN[C@H]1[C@H]2C	ok
CHEMBL539	ACETIC ACID	4	1982	Small molecule	0	0	1	1	0			0		CC(=O)O			0.09	1	1	37.3	0			4	0	CC(=O)O	ok
CHEMBL53904	ZUCLOPENTHIXOL	3		Small molecule	0	0	0	1	0			0		OCCN1CCN(CC/C=C2/c3ccccc3Sc3ccc(Cl)cc32)CC1			4.24	4	1	26.71	5			27	2	OCCN1CCN(CC/C=C2/c3ccccc3Sc3ccc(Cl)cc32)CC1	ok
CHEMBL539423	SPARSENTAN	4	2023	Small molecule	1	0	0	1	0			0		CCCCC1=NC2(CCCC2)C(=O)N1Cc1ccc(-c2ccccc2S(=O)(=O)Nc2noc(C)c2C)c(COCC)c1			6.54	7	1	114.1	12			42	3	CCCCC1=NC2(CCCC2)C(=O)N1Cc1ccc(-c2ccccc2S(=O)(=O)Nc2noc(C)c2C)c(COCC)c1	ok
CHEMBL539697	DABIGATRAN ETEXILATE	4	2008	Small molecule	1	0	0	1	1			0		CCCCCCOC(=O)NC(=N)c1ccc(NCc2nc3cc(C(=O)N(CCC(=O)OCC)c4ccccn4)ccc3n2C)cc1			5.81	10	3	151.53	15			46	4	CCCCCCOC(=O)NC(=N)c1ccc(NCc2nc3cc(C(=O)N(CCC(=O)OCC)c4ccccn4)ccc3n2C)cc1	ok
CHEMBL54	HALOPERIDOL	4	1967	Small molecule	1	1	0	0	0			0		O=C(CCCN1CCC(O)(c2ccc(Cl)cc2)CC1)c1ccc(F)cc1			4.43	3	1	40.54	6			26	2	O=C(CCCN1CCC(O)(c2ccc(Cl)cc2)CC1)c1ccc(F)cc1	RISK
CHEMBL54349	ALPIDEM	4		Small molecule	0	0	0	0	0			0		CCCN(CCC)C(=O)Cc1c(-c2ccc(Cl)cc2)nc2ccc(Cl)cn12			5.5	3	0	37.61	7			27	3	CCCN(CCC)C(=O)Cc1c(-c2ccc(Cl)cc2)nc2ccc(Cl)cn12	ok
CHEMBL544	MEQUINOL	4	1999	Small molecule	0	0	1	1	0			0		COc1ccc(O)cc1			1.4	2	1	29.46	1			9	1	COc1ccc(O)cc1	ok
CHEMBL545	ALCOHOL	4	1982	Small molecule	0	1	1	1	0			0		CCO			0	1	1	20.23	0			3	0	CCO	ok
CHEMBL546	OXPRENOLOL	4	1983	Small molecule	1	0	0	1	0			0		C=CCOc1ccccc1OCC(O)CNC(C)C			1.99	4	2	50.72	9			19	1	C=CCOc1ccccc1OCC(O)CNC(C)C	ok
CHEMBL547	ISOTRETINOIN	4	1982	Small molecule	1	0	0	1	0			0		CC1=C(/C=C/C(C)=C/C=C/C(C)=C\C(=O)O)C(C)(C)CCC1			5.6	1	1	37.3	5			22	0	CC1=C(/C=C/C(C)=C/C=C/C(C)=C\C(=O)O)C(C)(C)CCC1	ok
CHEMBL548	DINOPROSTONE	4	1977	Small molecule	0	1	1	1	0			0		CCCCC[C@H](O)/C=C/[C@H]1[C@H](O)CC(=O)[C@@H]1C/C=C\CCCC(=O)O			3.25	4	3	94.83	12			25	0	CCCCC[C@H](O)/C=C/[C@H]1[C@H](O)CC(=O)[C@@H]1C/C=C\CCCC(=O)O	ok
CHEMBL549	CITALOPRAM	4	1998	Small molecule	1	0	0	0	0			0		CN(C)CCCC1(c2ccc(F)cc2)OCc2cc(C#N)ccc21			3.81	3	0	36.26	5			24	2	CN(C)CCCC1(c2ccc(F)cc2)OCc2cc(C#N)ccc21	RISK
CHEMBL549386	FOTEMUSTINE	3		Small molecule	0	0	0	1	0			0		CCOP(=O)(OCC)C(C)NC(=O)N(CCCl)N=O			2.53	6	1	97.3	9			19	0	CCOP(=O)(OCC)C(C)NC(=O)N(CCCl)N=O	ok
CHEMBL54976	TRYPTOPHAN	4		Small molecule	0	0	0	1	0			0		N[C@@H](Cc1c[nH]c2ccccc12)C(=O)O			1.12	2	3	79.11	3			15	2	N[C@@H](Cc1c[nH]c2ccccc12)C(=O)O	ok
CHEMBL549963	HYDROMETHYLTHIONINE	3		Small molecule	0	0	0	1	0			0		CN(C)c1ccc2c(c1)Sc1cc(N(C)C)ccc1N2			4.03	4	1	18.51	2			20	2	CN(C)c1ccc2c(c1)Sc1cc(N(C)C)ccc1N2	ok
CHEMBL55	PENTAMIDINE	4	1984	Small molecule	0	1	1	1	0			0		N=C(N)c1ccc(OCCCCCOc2ccc(C(=N)N)cc2)cc1			2.88	4	4	118.2	10			25	2	N=C(N)c1ccc(OCCCCCOc2ccc(C(=N)N)cc2)cc1	ok
CHEMBL550	PILOCARPINE	4	1974	Small molecule	1	0	1	1	0			0		CC[C@@H]1C(=O)OC[C@@H]1Cc1cncn1C			1.16	4	0	44.12	3			15	1	CC[C@@H]1C(=O)OC[C@@H]1Cc1cncn1C	ok
CHEMBL550348	DEFERASIROX	4	2005	Small molecule	1	0	0	1	0			0		O=C(O)c1ccc(-n2nc(-c3ccccc3O)nc2-c2ccccc2O)cc1			3.71	6	3	108.47	4			28	4	O=C(O)c1ccc(-n2nc(-c3ccccc3O)nc2-c2ccccc2O)cc1	ok
CHEMBL550781	DEXLOXIGLUMIDE	3		Small molecule	0	0	0	1	0			0		CCCCCN(CCCOC)C(=O)[C@@H](CCC(=O)O)NC(=O)c1ccc(Cl)c(Cl)c1			4.01	4	2	95.94	14			30	1	CCCCCN(CCCOC)C(=O)[C@@H](CCC(=O)O)NC(=O)c1ccc(Cl)c(Cl)c1	ok
CHEMBL551978	DROTAVERINE	3		Small molecule	0	0	0	1	0			0		CCOc1ccc(/C=C2\NCCc3cc(OCC)c(OCC)cc32)cc1OCC			4.93	5	1	48.95	9			29	2	CCOc1ccc(/C=C2\NCCc3cc(OCC)c(OCC)cc32)cc1OCC	ok
CHEMBL55214	NERIDRONIC ACID	3		Small molecule	0	0	0	1	0			0		NCCCCCC(O)(P(=O)(O)O)P(=O)(O)O			-0.49	4	6	161.31	7			16	0	NCCCCCC(O)(P(=O)(O)O)P(=O)(O)O	ok
CHEMBL553	ERLOTINIB	4	2004	Small molecule	1	0	0	1	0			0		C#Cc1cccc(Nc2ncnc3cc(OCCOC)c(OCCOC)cc23)c1			3.41	7	1	74.73	10			29	3	C#Cc1cccc(Nc2ncnc3cc(OCCOC)c(OCCOC)cc23)c1	ok
CHEMBL553025	VINORELBINE	4	1994	Small molecule	0	1	0	1	0			0		CCC1=C[C@@H]2CN(C1)Cc1c([nH]c3ccccc13)[C@@](C(=O)OC)(c1cc3c(cc1OC)N(C)[C@H]1[C@@](O)(C(=O)OC)[C@H](OC(C)=O)[C@]4(CC)C=CCN5CC[C@]31[C@@H]54)C2			4.75	11	2	133.87	7			57	3	CCC1=C[C@@H]2CN(C1)Cc1c([nH]c3ccccc13)[C@@](C(=O)OC)(c1cc3c(cc1OC)N(C)[C@H]1[C@@](O)(C(=O)OC)[C@H](OC(C)=O)[C@]4(CC)C=CCN5CC[C@]31[C@@H]54)C2	ok
CHEMBL553204	ICARIIN	3		Small molecule	0	0	0	1	0			0		COc1ccc(-c2oc3c(CC=C(C)C)c(O[C@@H]4O[C@H](CO)[C@@H](O)[C@H](O)[C@H]4O)cc(O)c3c(=O)c2O[C@@H]2O[C@@H](C)[C@H](O)[C@@H](O)[C@H]2O)cc1			0.07	15	8	238.2	9			48	3	COc1ccc(-c2oc3c(CC=C(C)C)c(O[C@@H]4O[C@H](CO)[C@@H](O)[C@H](O)[C@H]4O)cc(O)c3c(=O)c2O[C@@H]2O[C@@H](C)[C@H](O)[C@@H](O)[C@H]2O)cc1	ok
CHEMBL554	LAPATINIB	4	2007	Small molecule	1	0	0	0	0			0		CS(=O)(=O)CCNCc1ccc(-c2ccc3ncnc(Nc4ccc(OCc5cccc(F)c5)c(Cl)c4)c3c2)o1			6.14	8	2	106.35	11			40	5	CS(=O)(=O)CCNCc1ccc(-c2ccc3ncnc(Nc4ccc(OCc5cccc(F)c5)c(Cl)c4)c3c2)o1	RISK
CHEMBL556	DEFEROXAMINE	4	1968	Small molecule	0	1	0	1	0			0		CC(=O)N(O)CCCCCNC(=O)CCC(=O)N(O)CCCCCNC(=O)CCC(=O)N(O)CCCCCN			0.92	9	6	205.84	23			39	0	CC(=O)N(O)CCCCCNC(=O)CCC(=O)N(O)CCCCCNC(=O)CCC(=O)N(O)CCCCCN	ok
CHEMBL556262	FAROPENEM	3		Small molecule	0	0	0	1	0			0		C[C@@H](O)[C@H]1C(=O)N2C(C(=O)O)=C([C@H]3CCCO3)S[C@H]12			0.37	5	2	87.07	3			19	0	C[C@@H](O)[C@H]1C(=O)N2C(C(=O)O)=C([C@H]3CCCO3)S[C@H]12	ok
CHEMBL557555	CIPROFIBRATE	4	1985	Small molecule	1	0	0	1	0			0		CC(C)(Oc1ccc(C2CC2(Cl)Cl)cc1)C(=O)O			3.59	2	1	46.53	4			18	1	CC(C)(Oc1ccc(C2CC2(Cl)Cl)cc1)C(=O)O	ok
CHEMBL558	MEXILETINE	4	1985	Small molecule	1	0	0	1	0			0		Cc1cccc(C)c1OCC(C)N			2.03	2	1	35.25	3			13	1	Cc1cccc(C)c1OCC(C)N	ok
CHEMBL559	DEXTROTHYROXINE	4	1967	Small molecule	1	0	0	1	0			0		N[C@H](Cc1cc(I)c(Oc2cc(I)c(O)c(I)c2)c(I)c1)C(=O)O			4.56	4	3	92.78	5			24	2	N[C@H](Cc1cc(I)c(Oc2cc(I)c(O)c(I)c2)c(I)c1)C(=O)O	ok
CHEMBL559288	PIRITRAMIDE	3		Small molecule	0	0	0	1	0			0		N#CC(CCN1CCC(C(N)=O)(N2CCCCC2)CC1)(c1ccccc1)c1ccccc1			3.69	4	1	73.36	7			32	2	N#CC(CCN1CCC(C(N)=O)(N2CCCCC2)CC1)(c1ccccc1)c1ccccc1	ok
CHEMBL56021	LEVACETYLLEUCINE	4	2024	Small molecule	1	0	0	1	0			0		CC(=O)N[C@@H](CC(C)C)C(=O)O			0.62	2	2	66.4	4			12	0	CC(=O)N[C@@H](CC(C)C)C(=O)O	ok
CHEMBL560592	DANEGAPTIDE	3		Small molecule	0	0	0	1	0			0		NCC(=O)N1C[C@H](NC(=O)c2ccccc2)C[C@H]1C(=O)O			-0.57	4	3	112.73	4			21	1	NCC(=O)N1C[C@H](NC(=O)c2ccccc2)C[C@H]1C(=O)O	ok
CHEMBL560993	TIMAPIPRANT	3		Small molecule	0	0	0	0	0			0		Cc1c(Cc2ccc3ccccc3n2)c2cc(F)ccc2n1CC(=O)O			4.31	3	1	55.12	4			26	4	Cc1c(Cc2ccc3ccccc3n2)c2cc(F)ccc2n1CC(=O)O	ok
CHEMBL561	LOMEFLOXACIN	4	1992	Small molecule	1	0	0	0	0			0		CCn1cc(C(=O)O)c(=O)c2cc(F)c(N3CCNC(C)C3)c(F)c21			1.8	5	2	74.57	3			25	2	CCn1cc(C(=O)O)c(=O)c2cc(F)c(N3CCNC(C)C3)c(F)c21	ok
CHEMBL561157	TREPROSTINIL SODIUM	4	2020	Small molecule	0	0	0	0	0			0		CCCCC[C@H](O)CC[C@@H]1[C@H]2Cc3cccc(OCC(=O)[O-])c3C[C@H]2C[C@H]1O.[Na+]			3.58	4	3	86.99	10			28	1	CCCCC[C@H](O)CC[C@@H]1[C@H]2Cc3cccc(OCC(=O)[O-])c3C[C@H]2C[C@H]1O	ok
CHEMBL562	GRISEOFULVIN	4	1962	Small molecule	1	0	0	1	0			0		COC1=CC(=O)C[C@@H](C)[C@]12Oc1c(Cl)c(OC)cc(OC)c1C2=O			2.81	6	0	71.06	3			24	1	COC1=CC(=O)C[C@@H](C)[C@]12Oc1c(Cl)c(OC)cc(OC)c1C2=O	ok
CHEMBL562668	OTENABANT	3		Small molecule	0	0	0	1	0			0		CCNC1(C(N)=O)CCN(c2ncnc3c2nc(-c2ccccc2Cl)n3-c2ccc(Cl)cc2)CC1			4.22	7	2	101.96	6			35	4	CCNC1(C(N)=O)CCN(c2ncnc3c2nc(-c2ccccc2Cl)n3-c2ccc(Cl)cc2)CC1	RISK
CHEMBL563	FLURBIPROFEN	4	1986	Small molecule	1	0	1	0	0			0		CC(C(=O)O)c1ccc(-c2ccccc2)c(F)c1			3.68	1	1	37.3	3			18	2	CC(C(=O)O)c1ccc(-c2ccccc2)c(F)c1	ok
CHEMBL56337	EPALRESTAT	4	1992	Small molecule	1	0	0	1	0			0		CC(/C=C1\SC(=S)N(CC(=O)O)C1=O)=C\c1ccccc1			2.92	4	1	57.61	4			21	1	CC(/C=C1\SC(=S)N(CC(=O)O)C1=O)=C\c1ccccc1	ok
CHEMBL56367	NIMESULIDE	4		Small molecule	0	0	0	1	0			0		CS(=O)(=O)Nc1ccc([N+](=O)[O-])cc1Oc1ccccc1			2.76	5	1	98.54	5			21	2	CS(=O)(=O)Nc1ccc([N+](=O)[O-])cc1Oc1ccccc1	ok
CHEMBL564	PROMAZINE	4	1956	Small molecule	1	1	0	1	0			0		CN(C)CCCN1c2ccccc2Sc2ccccc21			4.24	3	0	6.48	4			20	2	CN(C)CCCN1c2ccccc2Sc2ccccc21	ok
CHEMBL564085	TROLEANDOMYCIN	4	1969	Small molecule	1	0	0	1	0			0		CO[C@H]1C[C@H](O[C@H]2[C@H](C)[C@@H](O[C@@H]3O[C@H](C)C[C@H](N(C)C)[C@H]3OC(C)=O)[C@@H](C)C[C@@]3(CO3)C(=O)[C@H](C)[C@@H](OC(C)=O)[C@@H](C)[C@@H](C)OC(=O)[C@@H]2C)O[C@@H](C)[C@@H]1OC(C)=O			3.62	16	0	184.19	9			57	0	CO[C@H]1C[C@H](O[C@H]2[C@H](C)[C@@H](O[C@@H]3O[C@H](C)C[C@H](N(C)C)[C@H]3OC(C)=O)[C@@H](C)C[C@@]3(CO3)C(=O)[C@H](C)[C@@H](OC(C)=O)[C@@H](C)[C@@H](C)OC(=O)[C@@H]2C)O[C@@H](C)[C@@H]1OC(C)=O	ok
CHEMBL565	CLOFIBRATE	4	1967	Small molecule	1	0	0	1	1			0		CCOC(=O)C(C)(C)Oc1ccc(Cl)cc1			3.06	3	0	35.53	4			16	1	CCOC(=O)C(C)(C)Oc1ccc(Cl)cc1	ok
CHEMBL56564	TROPISETRON	4		Small molecule	0	0	0	1	0			0		CN1[C@@H]2CC[C@H]1C[C@@H](OC(=O)c1c[nH]c3ccccc13)C2			2.95	3	1	45.33	2			21	2	CN1[C@@H]2CC[C@H]1C[C@@H](OC(=O)c1c[nH]c3ccccc13)C2	ok
CHEMBL566	URACIL	3		Small molecule	0	0	0	1	0			0		O=c1cc[nH]c(=O)[nH]1			-0.94	2	2	65.72	0			8	1	O=c1cc[nH]c(=O)[nH]1	ok
CHEMBL566315	OBETICHOLIC ACID	4	2016	Small molecule	1	0	0	1	0			0		CC[C@H]1[C@@H](O)[C@@H]2[C@H](CC[C@]3(C)[C@@H]([C@H](C)CCC(=O)O)CC[C@@H]23)[C@@]2(C)CC[C@@H](O)C[C@@H]12			5.11	3	3	77.76	5			30	0	CC[C@H]1[C@@H](O)[C@@H]2[C@H](CC[C@]3(C)[C@@H]([C@H](C)CCC(=O)O)CC[C@@H]23)[C@@]2(C)CC[C@@H](O)C[C@@H]12	ok
CHEMBL566534	ARTEMETHER	4	2009	Small molecule	1	0	0	1	1			0		CO[C@H]1O[C@@H]2O[C@@]3(C)CC[C@H]4[C@H](C)CC[C@@H]([C@H]1C)[C@@]24OO3			2.84	5	0	46.15	1			21	0	CO[C@H]1O[C@@H]2O[C@@]3(C)CC[C@H]4[C@H](C)CC[C@@H]([C@H]1C)[C@@]24OO3	ok
CHEMBL566752	FLORBETABEN F18	4	2014	Small molecule	0	1	0	0	0			0		CNc1ccc(/C=C/c2ccc(OCCOCCOCC[18F])cc2)cc1			4.28	4	1	39.72	12			26	2	CNc1ccc(/C=C/c2ccc(OCCOCCOCC[18F])cc2)cc1	ok
CHEMBL567	PERPHENAZINE	4	1957	Small molecule	1	1	0	1	0			0		OCCN1CCN(CCCN2c3ccccc3Sc3ccc(Cl)cc32)CC1			3.94	5	1	29.95	6			27	2	OCCN1CCN(CCCN2c3ccccc3Sc3ccc(Cl)cc32)CC1	RISK
CHEMBL568	OXAZEPAM	4	1965	Small molecule	1	0	0	1	0			0		O=C1Nc2ccc(Cl)cc2C(c2ccccc2)=NC1O			2.45	3	2	61.69	1			20	2	O=C1Nc2ccc(Cl)cc2C(c2ccccc2)=NC1O	ok
CHEMBL569	PROCAINE	4	1954	Small molecule	0	1	0	1	0			0		CCN(CC)CCOC(=O)c1ccc(N)cc1			1.77	4	1	55.56	6			17	1	CCN(CC)CCOC(=O)c1ccc(N)cc1	ok
CHEMBL56900	LERISETRON	3		Small molecule	0	0	0	1	0			0		c1ccc(Cn2c(N3CCNCC3)nc3ccccc32)cc1			2.49	4	1	33.09	3			22	3	c1ccc(Cn2c(N3CCNCC3)nc3ccccc32)cc1	ok
CHEMBL569713	SCOPOLAMINE	4	1979	Small molecule	0	0	1	1	0			0		CN1[C@@H]2C[C@@H](OC(=O)[C@H](CO)c3ccccc3)C[C@H]1[C@@H]1O[C@@H]12			0.92	5	1	62.3	4			22	1	CN1[C@@H]2C[C@@H](OC(=O)[C@H](CO)c3ccccc3)C[C@H]1[C@@H]1O[C@@H]12	ok
CHEMBL57	NEVIRAPINE	4	1996	Small molecule	1	0	0	1	0			0		Cc1ccnc2c1NC(=O)c1cccnc1N2C1CC1			2.65	4	1	58.12	1			20	2	Cc1ccnc2c1NC(=O)c1cccnc1N2C1CC1	ok
CHEMBL570	TRIFLUPROMAZINE	4	1957	Small molecule	1	1	0	0	0			0		CN(C)CCCN1c2ccccc2Sc2ccc(C(F)(F)F)cc21			5.26	3	0	6.48	4			24	2	CN(C)CCCN1c2ccccc2Sc2ccc(C(F)(F)F)cc21	ok
CHEMBL571	KETOPROFEN	4	1986	Small molecule	1	0	0	1	0			0		CC(C(=O)O)c1cccc(C(=O)c2ccccc2)c1			3.11	2	1	54.37	4			19	2	CC(C(=O)O)c1cccc(C(=O)c2ccccc2)c1	ok
CHEMBL571546	TIRBANIBULIN	4	2020	Small molecule	0	0	1	1	0			0		O=C(Cc1ccc(-c2ccc(OCCN3CCOCC3)cc2)cn1)NCc1ccccc1			3.32	5	1	63.69	9			32	3	O=C(Cc1ccc(-c2ccc(OCCN3CCOCC3)cc2)cn1)NCc1ccccc1	ok
CHEMBL572	NITROFURANTOIN	4	1953	Small molecule	1	1	0	1	0			0		O=C1CN(/N=C/c2ccc([N+](=O)[O-])o2)C(=O)N1			0.07	6	1	118.05	3			17	1	O=C1CN(/N=C/c2ccc([N+](=O)[O-])o2)C(=O)N1	ok
CHEMBL572284	OMBRABULIN	3		Small molecule	0	0	0	1	0			0		COc1ccc(/C=C\c2cc(OC)c(OC)c(OC)c2)cc1NC(=O)[C@@H](N)CO			2.15	7	3	112.27	9			29	2	COc1ccc(/C=C\c2cc(OC)c(OC)c(OC)c2)cc1NC(=O)[C@@H](N)CO	ok
CHEMBL57242	AZILSARTAN	3		Small molecule	0	0	0	1	0			0		CCOc1nc2cccc(C(=O)O)c2n1Cc1ccc(-c2ccccc2-c2noc(=O)[nH]2)cc1			4.19	7	2	123.24	7			34	5	CCOc1nc2cccc(C(=O)O)c2n1Cc1ccc(-c2ccccc2-c2noc(=O)[nH]2)cc1	ok
CHEMBL572881	MOTESANIB	3		Small molecule	0	0	0	1	0			0		CC1(C)CNc2cc(NC(=O)c3cccnc3NCc3ccncc3)ccc21			4.04	5	3	78.94	5			28	3	CC1(C)CNc2cc(NC(=O)c3cccnc3NCc3ccncc3)ccc21	ok
CHEMBL573	NIACIN	4	1982	Small molecule	1	0	0	1	0			0		O=C(O)c1cccnc1			0.78	2	1	50.19	1			9	1	O=C(O)c1cccnc1	ok
CHEMBL574	P-TOLUENESULFONAMIDE	3		Small molecule	0	0	0	1	0			0		Cc1ccc(S(N)(=O)=O)cc1			0.64	2	1	60.16	1			11	1	Cc1ccc(S(N)(=O)=O)cc1	ok
CHEMBL575	METHICILLIN	4	1982	Small molecule	0	1	0	1	0			0		COc1cccc(OC)c1C(=O)N[C@@H]1C(=O)N2[C@@H]1SC(C)(C)[C@@H]2C(=O)O			0.95	6	2	105.17	5			26	1	COc1cccc(OC)c1C(=O)N[C@@H]1C(=O)N2[C@@H]1SC(C)(C)[C@@H]2C(=O)O	ok
CHEMBL575060	GLUTAMIC ACID	3		Small molecule	0	0	0	1	0			0		N[C@@H](CCC(=O)O)C(=O)O			-0.74	3	3	100.62	4			10	0	N[C@@H](CCC(=O)O)C(=O)O	ok
CHEMBL576	SUCCINIC ACID	3		Small molecule	0	0	0	1	0			0		O=C(O)CCC(=O)O			-0.06	2	2	74.6	3			8	0	O=C(O)CCC(=O)O	ok
CHEMBL576127	FENSPIRIDE	4		Small molecule	0	0	0	1	0			0		O=C1NCC2(CCN(CCc3ccccc3)CC2)O1			1.8	3	1	41.57	3			19	1	O=C1NCC2(CCN(CCc3ccccc3)CC2)O1	ok
CHEMBL576982	QUIZARTINIB	4	2023	Small molecule	1	0	0	1	0			0		CC(C)(C)c1cc(NC(=O)Nc2ccc(-c3cn4c(n3)sc3cc(OCCN5CCOCC5)ccc34)cc2)no1			5.86	9	2	106.16	7			40	5	CC(C)(C)c1cc(NC(=O)Nc2ccc(-c3cn4c(n3)sc3cc(OCCN5CCOCC5)ccc34)cc2)no1	ok
CHEMBL577	ENALAPRILAT ANHYDROUS	4	1988	Small molecule	0	1	0	1	0			0		C[C@H](N[C@@H](CCc1ccccc1)C(=O)O)C(=O)N1CCC[C@H]1C(=O)O			1.13	4	3	106.94	8			25	1	C[C@H](N[C@@H](CCc1ccccc1)C(=O)O)C(=O)N1CCC[C@H]1C(=O)O	ok
CHEMBL578	ENALAPRIL	4	1985	Small molecule	1	0	0	1	1			0		CCOC(=O)[C@H](CCc1ccccc1)N[C@@H](C)C(=O)N1CCC[C@H]1C(=O)O			1.6	5	2	95.94	9			27	1	CCOC(=O)[C@H](CCc1ccccc1)N[C@@H](C)C(=O)N1CCC[C@H]1C(=O)O	ok
CHEMBL578767	FLUMEXADOL	4		Small molecule	0	0	0	0	0			0		FC(F)(F)c1cccc(C2CNCCO2)c1			2.37	2	1	21.26	1			16	1	FC(F)(F)c1cccc(C2CNCCO2)c1	ok
CHEMBL579205	FLUTEMETAMOL	4	2013	Small molecule	0	1	0	0	0			0		CNc1ccc(-c2nc3ccc(O)cc3s2)cc1F			3.85	4	2	45.15	2			19	3	CNc1ccc(-c2nc3ccc(O)cc3s2)cc1F	ok
CHEMBL58	MITOXANTRONE	4	1987	Small molecule	0	1	0	1	0			0		O=C1c2c(O)ccc(O)c2C(=O)c2c(NCCNCCO)ccc(NCCNCCO)c21			-0.14	10	8	163.18	12			32	2	O=C1c2c(O)ccc(O)c2C(=O)c2c(NCCNCCO)ccc(NCCNCCO)c21	RISK
CHEMBL580	LORAZEPAM	4	1977	Small molecule	1	1	0	1	0			0		O=C1Nc2ccc(Cl)cc2C(c2ccccc2Cl)=NC1O			3.1	3	2	61.69	1			21	2	O=C1Nc2ccc(Cl)cc2C(c2ccccc2Cl)=NC1O	ok
CHEMBL582	ISOPROPYL ALCOHOL	4	2000	Small molecule	0	0	1	1	0			0		CC(C)O			0.39	1	1	20.23	0			4	0	CC(C)O	ok
CHEMBL583	GREPAFLOXACIN	4	1997	Small molecule	1	0	0	0	0			0		Cc1c(F)c(N2CCNC(C)C2)cc2c1c(=O)c(C(=O)O)cn2C1CC1			2.28	5	2	74.57	3			26	2	Cc1c(F)c(N2CCNC(C)C2)cc2c1c(=O)c(C(=O)O)cn2C1CC1	ok
CHEMBL58323	LACOSAMIDE	4	2008	Small molecule	1	1	0	1	0			0		COC[C@@H](NC(C)=O)C(=O)NCc1ccccc1			0.45	3	2	67.43	6			18	1	COC[C@@H](NC(C)=O)C(=O)NCc1ccccc1	ok
CHEMBL584	NELFINAVIR	4	1997	Small molecule	1	0	0	0	0			0		Cc1c(O)cccc1C(=O)N[C@@H](CSc1ccccc1)[C@H](O)CN1C[C@H]2CCCC[C@H]2C[C@H]1C(=O)NC(C)(C)C			4.75	6	4	101.9	9			40	2	Cc1c(O)cccc1C(=O)N[C@@H](CSc1ccccc1)[C@H](O)CN1C[C@H]2CCCC[C@H]2C[C@H]1C(=O)NC(C)(C)C	ok
CHEMBL585	TRIAMTERENE	4	1964	Small molecule	1	0	0	1	0			0		Nc1nc(N)c2nc(-c3ccccc3)c(N)nc2n1			0.83	7	3	129.62	1			19	3	Nc1nc(N)c2nc(-c3ccccc3)c(N)nc2n1	ok
CHEMBL588	FENOLDOPAM	4	1997	Small molecule	0	1	0	1	0			0		Oc1ccc(C2CNCCc3c2cc(O)c(O)c3Cl)cc1			2.73	4	4	72.72	1			21	2	Oc1ccc(C2CNCCc3c2cc(O)c(O)c3Cl)cc1	ok
CHEMBL589	ROPINIROLE	4	1997	Small molecule	1	0	0	1	0			1		CCCN(CCC)CCc1cccc2c1CC(=O)N2			2.85	2	1	32.34	7			19	1	CCCN(CCC)CCc1cccc2c1CC(=O)N2	ok
CHEMBL589390	LATREPIRDINE	3		Small molecule	0	0	0	1	0			0		Cc1ccc2c(c1)c1c(n2CCc2ccc(C)nc2)CCN(C)C1			3.88	3	0	21.06	3			24	3	Cc1ccc2c(c1)c1c(n2CCc2ccc(C)nc2)CCN(C)C1	ok
CHEMBL589583	DELAPRIL	3		Small molecule	0	0	0	0	0			0		CCOC(=O)[C@H](CCc1ccccc1)N[C@@H](C)C(=O)N(CC(=O)O)C1Cc2ccccc2C1			2.61	5	2	95.94	11			33	2	CCOC(=O)[C@H](CCc1ccccc1)N[C@@H](C)C(=O)N(CC(=O)O)C1Cc2ccccc2C1	ok
CHEMBL589586	MONOMETHYL FUMARATE	4	2020	Small molecule	1	0	0	1	0			0		COC(=O)/C=C/C(=O)O			-0.2	3	1	63.6	2			9	0	COC(=O)/C=C/C(=O)O	ok
CHEMBL59	DOPAMINE	4	1974	Small molecule	0	1	0	1	0			0		NCCc1ccc(O)c(O)c1			0.6	3	3	66.48	2			11	1	NCCc1ccc(O)c(O)c1	ok
CHEMBL590	MENADIONE	4	1982	Small molecule	1	0	0	1	0			0		CC1=CC(=O)c2ccccc2C1=O			2.01	2	0	34.14	0			13	1	CC1=CC(=O)c2ccccc2C1=O	ok
CHEMBL590799	CAMOSTAT	3		Small molecule	0	0	0	1	0			0		CN(C)C(=O)COC(=O)Cc1ccc(OC(=O)c2ccc(NC(=N)N)cc2)cc1			1.39	6	3	134.81	7			29	2	CN(C)C(=O)COC(=O)Cc1ccc(OC(=O)c2ccc(NC(=N)N)cc2)cc1	ok
CHEMBL591	ETHCHLORVYNOL	4	1961	Small molecule	1	0	0	1	0			0		C#CC(O)(/C=C/Cl)CC			1.51	1	1	20.23	2			9	0	C#CC(O)(/C=C/Cl)CC	ok
CHEMBL591665	SODIUM ASCORBATE	4	2006	Small molecule	1	0	0	1	0			0		O=C1O[C@H]([C@@H](O)CO)C([O-])=C1O.[Na+]												O=C1O[C@H]([C@@H](O)CO)C([O-])=C1O	ok
CHEMBL592	LEVORPHANOL	4	1991	Small molecule	1	1	0	1	0			0		CN1CC[C@]23CCCC[C@H]2[C@H]1Cc1ccc(O)cc13			3.08	2	1	23.47	0			19	1	CN1CC[C@]23CCCC[C@H]2[C@H]1Cc1ccc(O)cc13	ok
CHEMBL592054	IMIGLITAZAR	3		Small molecule	0	0	0	1	0			0		Cc1oc(-c2ccccc2)nc1COc1ccc(CO/N=C(\CCC(=O)O)c2ccccc2)cc1			6.01	6	1	94.15	11			35	4	Cc1oc(-c2ccccc2)nc1COc1ccc(CO/N=C(\CCC(=O)O)c2ccccc2)cc1	ok
CHEMBL592445	GEDATOLISIB	3		Small molecule	0	0	0	1	0			0		CN(C)C1CCN(C(=O)c2ccc(NC(=O)Nc3ccc(-c4nc(N5CCOCC5)nc(N5CCOCC5)n4)cc3)cc2)CC1			3.02	10	2	128.29	7			45	3	CN(C)C1CCN(C(=O)c2ccc(NC(=O)Nc3ccc(-c4nc(N5CCOCC5)nc(N5CCOCC5)n4)cc3)cc2)CC1	ok
CHEMBL592868	ESTROGEN	3		Small molecule	0	0	0	0	0			0		CC#C[C@]1(O)CC[C@H]2[C@@H]3CCc4cc(O)ccc4[C@H]3CC[C@@]21C			4	2	2	40.46	0			23	1	CC#C[C@]1(O)CC[C@H]2[C@@H]3CCc4cc(O)ccc4[C@H]3CC[C@@]21C	ok
CHEMBL592943	TINORIDINE	3		Small molecule	0	0	0	1	0			0		CCOC(=O)c1c(N)sc2c1CCN(Cc1ccccc1)C2			3.07	5	1	55.56	4			22	2	CCOC(=O)c1c(N)sc2c1CCN(Cc1ccccc1)C2	ok
CHEMBL593	DELAVIRDINE	4	1997	Small molecule	1	0	0	1	0			0		CC(C)Nc1cccnc1N1CCN(C(=O)c2cc3cc(NS(C)(=O)=O)ccc3[nH]2)CC1			2.72	6	3	110.43	6			32	3	CC(C)Nc1cccnc1N1CCN(C(=O)c2cc3cc(NS(C)(=O)=O)ccc3[nH]2)CC1	ok
CHEMBL594	EMEDASTINE	4	1997	Small molecule	0	0	1	1	0			0		CCOCCn1c(N2CCCN(C)CC2)nc2ccccc21			2.21	5	0	33.53	5			22	2	CCOCCn1c(N2CCCN(C)CC2)nc2ccccc21	ok
CHEMBL595	PIOGLITAZONE	4	1999	Small molecule	1	0	0	1	0			0		CCc1ccc(CCOc2ccc(CC3SC(=O)NC3=O)cc2)nc1			3.16	5	1	68.29	7			25	2	CCc1ccc(CCOc2ccc(CC3SC(=O)NC3=O)cc2)nc1	ok
CHEMBL595573	MK-0557	3		Small molecule	0	0	0	0	0			0		O=C1O[C@]2(CC[C@H](C(=O)Nc3ccn(-c4ccccc4F)n3)CC2)c2cnccc21			3.6	6	1	86.11	3			30	3	O=C1O[C@]2(CC[C@H](C(=O)Nc3ccn(-c4ccccc4F)n3)CC2)c2cnccc21	ok
CHEMBL596	FENTANYL	4	1968	Small molecule	1	1	1	1	0			1		CCC(=O)N(c1ccccc1)C1CCN(CCc2ccccc2)CC1			4.14	2	0	23.55	6			25	2	CCC(=O)N(c1ccccc1)C1CCN(CCc2ccccc2)CC1	RISK
CHEMBL596186	CYTARABINE 5'-PHOSPHATE	3		Small molecule	0	0	0	1	0			0		Nc1ccn([C@@H]2O[C@H](COP(=O)(O)O)[C@@H](O)[C@@H]2O)c(=O)n1			-2.45	9	5	177.36	4			21	1	Nc1ccn([C@@H]2O[C@H](COP(=O)(O)O)[C@@H](O)[C@@H]2O)c(=O)n1	ok
CHEMBL596802	PRIDOPIDINE	3		Small molecule	0	0	0	1	0			0		CCCN1CCC(c2cccc(S(C)(=O)=O)c2)CC1			2.68	3	0	37.38	4			19	1	CCCN1CCC(c2cccc(S(C)(=O)=O)c2)CC1	ok
CHEMBL597	PHENTOLAMINE	4	1952	Small molecule	0	1	1	1	0			0		Cc1ccc(N(CC2=NCCN2)c2cccc(O)c2)cc1			2.84	4	2	47.86	4			21	2	Cc1ccc(N(CC2=NCCN2)c2cccc(O)c2)cc1	ok
CHEMBL599	MELOXICAM	4	2000	Small molecule	1	1	0	1	0			1		Cc1cnc(NC(=O)C2=C(O)c3ccccc3S(=O)(=O)N2C)s1			1.95	6	2	99.6	2			23	2	Cc1cnc(NC(=O)C2=C(O)c3ccccc3S(=O)(=O)N2C)s1	ok
CHEMBL599552	INDIGO	3		Small molecule	0	0	0	1	0			0		O=C1/C(=C2\Nc3ccccc3C2=O)Nc2ccccc21			2.81	4	2	58.2	0			20	2	O=C1/C(=C2\Nc3ccccc3C2=O)Nc2ccccc21	ok
CHEMBL6	INDOMETHACIN	4	1965	Small molecule	1	1	1	1	0			0		COc1ccc2c(c1)c(CC(=O)O)c(C)n2C(=O)c1ccc(Cl)cc1			3.93	4	1	68.53	4			25	3	COc1ccc2c(c1)c(CC(=O)O)c(C)n2C(=O)c1ccc(Cl)cc1	ok
CHEMBL600	ACETYLCYSTEINE	4	1963	Small molecule	1	1	1	1	0			0		CC(=O)N[C@@H](CS)C(=O)O			-0.49	3	3	66.4	3			10	0	CC(=O)N[C@@H](CS)C(=O)O	ok
CHEMBL601	AMINOLEVULINIC ACID	4	1999	Small molecule	1	0	1	1	1			0		NCC(=O)CCC(=O)O			-0.62	3	2	80.39	4			9	0	NCC(=O)CCC(=O)O	ok
CHEMBL601719	CRIZOTINIB	4	2011	Small molecule	1	0	0	0	0			0		C[C@@H](Oc1cc(-c2cnn(C3CCNCC3)c2)cnc1N)c1c(Cl)ccc(F)c1Cl			5.04	6	2	77.99	5			30	3	C[C@@H](Oc1cc(-c2cnn(C3CCNCC3)c2)cnc1N)c1c(Cl)ccc(F)c1Cl	ok
CHEMBL602	CYSTEAMINE	4	1994	Small molecule	1	0	1	1	0			0		NCCS			-0.13	2	2	26.02	1			4	0	NCCS	ok
CHEMBL603	ZAFIRLUKAST	4	1996	Small molecule	1	0	0	1	0			0		COc1cc(C(=O)NS(=O)(=O)c2ccccc2C)ccc1Cc1cn(C)c2ccc(NC(=O)OC3CCCC3)cc12			5.7	7	2	115.73	8			41	4	COc1cc(C(=O)NS(=O)(=O)c2ccccc2C)ccc1Cc1cn(C)c2ccc(NC(=O)OC3CCCC3)cc12	ok
CHEMBL603469	LESTAURTINIB	3		Small molecule	0	0	0	1	0			0		C[C@]12O[C@H](C[C@]1(O)CO)n1c3ccccc3c3c4c(c5c6ccccc6n2c5c31)CNC4=O			3.47	6	3	88.65	1			33	5	C[C@]12O[C@H](C[C@]1(O)CO)n1c3ccccc3c3c4c(c5c6ccccc6n2c5c31)CNC4=O	ok
CHEMBL605846	OLODATEROL	4	2014	Small molecule	0	0	1	1	0			0		COc1ccc(CC(C)(C)NC[C@H](O)c2cc(O)cc3c2OCC(=O)N3)cc1			2.38	6	4	100.05	7			28	2	COc1ccc(CC(C)(C)NC[C@H](O)c2cc(O)cc3c2OCC(=O)N3)cc1	ok
CHEMBL606	MISOPROSTOL	4	1988	Small molecule	1	0	0	1	1			0		CCCCC(C)(O)C/C=C/[C@H]1[C@H](O)CC(=O)[C@@H]1CCCCCCC(=O)OC			3.95	5	2	83.83	13			27	0	CCCCC(C)(O)C/C=C/[C@H]1[C@H](O)CC(=O)[C@@H]1CCCCCCC(=O)OC	ok
CHEMBL606260	CARBENICILLIN DISODIUM	4	1982	Small molecule	0	1	0	1	0			0		CC1(C)S[C@@H]2[C@H](NC(=O)C(C(=O)[O-])c3ccccc3)C(=O)N2[C@H]1C(=O)[O-].[Na+].[Na+]			0.49	5	3	124.01	5			26	1	CC1(C)S[C@@H]2[C@H](NC(=O)C(C(=O)[O-])c3ccccc3)C(=O)N2[C@H]1C(=O)[O-]	ok
CHEMBL6067641	GALACTOSE	3		Small molecule	0	0	0	1	0			0		O=C[C@H](O)[C@@H](O)[C@@H](O)[C@H](O)CO			-3.38	6	5	118.22	5			12	0	O=C[C@H](O)[C@@H](O)[C@@H](O)[C@H](O)CO	ok
CHEMBL6067643	L-FUCOSE	3		Small molecule	0	0	0	1	0			0		C[C@H](O)[C@@H](O)[C@@H](O)[C@H](O)C=O			-2.35	5	4	97.99	4			11	0	C[C@H](O)[C@@H](O)[C@@H](O)[C@H](O)C=O	ok
CHEMBL6067656	CEFTRIAXONE SODIUM	4	1984	Small molecule	0	1	0	0	0			0		CO/N=C(\C(=O)N[C@@H]1C(=O)N2C(C(=O)[O-])=C(CSc3nc(=O)c([O-])nn3C)CS[C@H]12)c1csc(N)n1.CO/N=C(\C(=O)N[C@@H]1C(=O)N2C(C(=O)[O-])=C(CSc3nc(=O)c([O-])nn3C)CS[C@H]12)c1csc(N)n1.O.O.O.O.O.O.O.[Na+].[Na+].[Na+].[Na+]			-1.2	15	4	215.22	8			36	2	CO/N=C(\C(=O)N[C@@H]1C(=O)N2C(C(=O)[O-])=C(CSc3nc(=O)c([O-])nn3C)CS[C@H]12)c1csc(N)n1	ok
CHEMBL6068328	ELTROMBOPAG CHOLINE	4	2023	Small molecule	1	0	0	0	0			0		CC1=NN(c2ccc(C)c(C)c2)C(=O)/C1=N\Nc1cccc(-c2cccc(C(=O)[O-])c2)c1O.C[N+](C)(C)CCO			4.56	6	3	114.59	5			33	3	CC1=NN(c2ccc(C)c(C)c2)C(=O)/C1=N\Nc1cccc(-c2cccc(C(=O)[O-])c2)c1O	ok
CHEMBL6068410	OLOMORASIB	3		Small molecule	0	0	0	0	0			0		C=CC(=O)N1CCN2C(=O)c3cc(F)c(-c4ccc(F)c5sc(N)c(C#N)c45)c(Cl)c3OCC[C@H]2C1			4.58	6	1	99.66	2			36	3	C=CC(=O)N1CCN2C(=O)c3cc(F)c(-c4ccc(F)c5sc(N)c(C#N)c45)c(Cl)c3OCC[C@H]2C1	ok
CHEMBL6068421	UPACICALCET	3		Small molecule	0	0	0	0	0			0		Cc1c(Cl)cc(S(=O)(=O)O)cc1NC(=O)NC[C@H](N)C(=O)O			0.43	5	5	158.82	5			22	1	Cc1c(Cl)cc(S(=O)(=O)O)cc1NC(=O)NC[C@H](N)C(=O)O	ok
CHEMBL6068530	ZINC ACEXAMATE	3		Small molecule	0	0	0	0	0			0		CC(=O)NCCCCCC(=O)[O-].CC(=O)NCCCCCC(=O)[O-].[Zn+2]			0.77	2	2	66.4	6			12	0	CC(=O)NCCCCCC(=O)[O-]	ok
CHEMBL6068536	ASK-120067	3		Small molecule	0	0	0	0	0			0		C=CC(=O)Nc1cc(Nc2ncc(Cl)c(Nc3ccc4ccccc4c3)n2)c(OC)cc1N(C)CCN(C)C			5.9	8	3	94.65	11			39	4	C=CC(=O)Nc1cc(Nc2ncc(Cl)c(Nc3ccc4ccccc4c3)n2)c(OC)cc1N(C)CCN(C)C	ok
CHEMBL6068542	CANOSIMIBE	3		Small molecule	0	0	0	0	0			0		COc1ccc([C@@H]2[C@@H](CC[C@H](O)c3ccc(F)cc3)C(=O)N2c2ccc(CNC(=O)CCCCCCCCCCC(=O)NC[C@H](O)[C@@H](O)[C@H](O)[C@H](O)CO)cc2)cc1			4.12	10	8	209.12	26			58	3	COc1ccc([C@@H]2[C@@H](CC[C@H](O)c3ccc(F)cc3)C(=O)N2c2ccc(CNC(=O)CCCCCCCCCCC(=O)NC[C@H](O)[C@@H](O)[C@H](O)[C@H](O)CO)cc2)cc1	ok
CHEMBL607	MEPERIDINE	4	1942	Small molecule	1	1	0	1	0			0		CCOC(=O)C1(c2ccccc2)CCN(C)CC1			2.21	3	0	29.54	3			18	1	CCOC(=O)C1(c2ccccc2)CCN(C)CC1	RISK
CHEMBL607400	BRIVARACETAM	4	2016	Small molecule	1	1	0	1	0			0		CCC[C@@H]1CC(=O)N([C@@H](CC)C(N)=O)C1			0.9	2	1	63.4	5			15	0	CCC[C@@H]1CC(=O)N([C@@H](CC)C(N)=O)C1	ok
CHEMBL607710	CHLORPHENESIN CARBAMATE	4	1965	Small molecule	1	0	0	0	0			0		NC(=O)OCC(O)COc1ccc(Cl)cc1			1.18	4	2	81.78	5			16	1	NC(=O)OCC(O)COc1ccc(Cl)cc1	ok
CHEMBL608	PROBUCOL	4	1977	Small molecule	1	0	0	1	0			0		CC(C)(Sc1cc(C(C)(C)C)c(O)c(C(C)(C)C)c1)Sc1cc(C(C)(C)C)c(O)c(C(C)(C)C)c1			9.91	4	2	40.46	4			35	2	CC(C)(Sc1cc(C(C)(C)C)c(O)c(C(C)(C)C)c1)Sc1cc(C(C)(C)C)c(O)c(C(C)(C)C)c1	ok
CHEMBL608533	MIDOSTAURIN	4	2017	Small molecule	1	0	0	1	0			0		CO[C@@H]1[C@H](N(C)C(=O)c2ccccc2)C[C@H]2O[C@]1(C)n1c3ccccc3c3c4c(c5c6ccccc6n2c5c31)C(=O)NC4			5.91	6	1	77.73	3			43	6	CO[C@@H]1[C@H](N(C)C(=O)c2ccccc2)C[C@H]2O[C@]1(C)n1c3ccccc3c3c4c(c5c6ccccc6n2c5c31)C(=O)NC4	ok
CHEMBL60889	MOSAPRIDE	3		Small molecule	0	0	0	0	0			0		CCOc1cc(N)c(Cl)cc1C(=O)NCC1CN(Cc2ccc(F)cc2)CCO1			3.09	5	2	76.82	7			29	2	CCOc1cc(N)c(Cl)cc1C(=O)NCC1CN(Cc2ccc(F)cc2)CCO1	RISK
CHEMBL609	TRIENTINE	4	1985	Small molecule	1	0	0	1	0			0		NCCNCCNCCN			-1.92	4	4	76.1	7			10	0	NCCNCCNCCN	ok
CHEMBL61	PODOFILOX	4	1990	Small molecule	0	0	1	1	0			0		COc1cc([C@@H]2c3cc4c(cc3[C@H](O)[C@H]3COC(=O)[C@H]23)OCO4)cc(OC)c1OC			2.41	8	1	92.68	4			30	2	COc1cc([C@@H]2c3cc4c(cc3[C@H](O)[C@H]3COC(=O)[C@H]23)OCO4)cc(OC)c1OC	ok
CHEMBL61006	PHENYLPROPANOLAMINE	4	1958	Small molecule	1	0	0	1	0			0		CC(N)C(O)c1ccccc1			1.07	2	2	46.25	2			11	1	CC(N)C(O)c1ccccc1	ok
CHEMBL611	TERAZOSIN	4	1987	Small molecule	1	0	0	1	0			0		COc1cc2nc(N3CCN(C(=O)C4CCCO4)CC3)nc(N)c2cc1OC			1.06	8	1	103.04	4			28	2	COc1cc2nc(N3CCN(C(=O)C4CCCO4)CC3)nc(N)c2cc1OC	ok
CHEMBL612	DEXTROAMPHETAMINE	4	1955	Small molecule	1	0	1	1	0			0		C[C@H](N)Cc1ccccc1			1.58	1	1	26.02	2			10	1	C[C@H](N)Cc1ccccc1	ok
CHEMBL614	PYRAZINAMIDE	4	1971	Small molecule	1	0	0	1	1			0		NC(=O)c1cnccn1			-0.42	3	1	68.87	1			9	1	NC(=O)c1cnccn1	ok
CHEMBL615	PENICILLIN V	4	1958	Small molecule	1	0	0	1	0			0		CC1(C)S[C@@H]2[C@H](NC(=O)COc3ccccc3)C(=O)N2[C@H]1C(=O)O			0.7	5	2	95.94	5			24	1	CC1(C)S[C@@H]2[C@H](NC(=O)COc3ccccc3)C(=O)N2[C@H]1C(=O)O	ok
CHEMBL61593	CYCLOTHIAZIDE	4	1982	Small molecule	1	0	0	1	0			0		NS(=O)(=O)c1cc2c(cc1Cl)NC(C1CC3C=CC1C3)NS2(=O)=O			1.23	5	3	118.36	2			24	1	NS(=O)(=O)c1cc2c(cc1Cl)NC(C1CC3C=CC1C3)NS2(=O)=O	ok
CHEMBL617	CEPHALOTHIN	4	1974	Small molecule	0	1	0	1	0			0		CC(=O)OCC1=C(C(=O)O)N2C(=O)[C@@H](NC(=O)Cc3cccs3)[C@H]2SC1			0.59	7	2	113.01	6			26	1	CC(=O)OCC1=C(C(=O)O)N2C(=O)[C@@H](NC(=O)Cc3cccs3)[C@H]2SC1	ok
CHEMBL61780	TEZOSENTAN	3		Small molecule	0	0	0	1	0			0		COc1ccccc1Oc1c(NS(=O)(=O)c2ccc(C(C)C)cn2)nc(-c2ccnc(-c3nnn[nH]3)c2)nc1OCCO			3.21	13	3	200.11	12			43	5	COc1ccccc1Oc1c(NS(=O)(=O)c2ccc(C(C)C)cn2)nc(-c2ccnc(-c3nnn[nH]3)c2)nc1OCCO	ok
CHEMBL620	CLIDINIUM	4	1982	Small molecule	1	0	0	1	0			0		C[N+]12CCC(CC1)C(OC(=O)C(O)(c1ccccc1)c1ccccc1)C2			2.7	3	1	46.53	4			26	2	C[N+]12CCC(CC1)C(OC(=O)C(O)(c1ccccc1)c1ccccc1)C2	ok
CHEMBL621	TRAZODONE	4	1981	Small molecule	1	0	0	1	0			0		O=c1n(CCCN2CCN(c3cccc(Cl)c3)CC2)nc2ccccn12			2.36	6	0	45.78	5			26	3	O=c1n(CCCN2CCN(c3cccc(Cl)c3)CC2)nc2ccccn12	ok
CHEMBL62193	SULFADIMETHOXINE	4		Small molecule	0	0	0	1	0			0		COc1cc(NS(=O)(=O)c2ccc(N)cc2)nc(OC)n1			0.88	7	2	116.43	5			21	2	COc1cc(NS(=O)(=O)c2ccc(N)cc2)nc(OC)n1	ok
CHEMBL622	ETODOLAC	4	1991	Small molecule	1	0	0	1	0			0		CCc1cccc2c3c([nH]c12)C(CC)(CC(=O)O)OCC3			3.38	2	2	62.32	4			21	2	CCc1cccc2c3c([nH]c12)C(CC)(CC(=O)O)OCC3	ok
CHEMBL623	NEFAZODONE	4	1994	Small molecule	1	0	0	1	0			0		CCc1nn(CCCN2CCN(c3cccc(Cl)c3)CC2)c(=O)n1CCOc1ccccc1			3.55	7	0	55.53	10			33	3	CCc1nn(CCCN2CCN(c3cccc(Cl)c3)CC2)c(=O)n1CCOc1ccccc1	ok
CHEMBL625	THIABENDAZOLE	4	1967	Small molecule	1	0	0	1	0			0		c1ccc2[nH]c(-c3cscn3)nc2c1			2.69	3	1	41.57	1			14	3	c1ccc2[nH]c(-c3cscn3)nc2c1	ok
CHEMBL626	NAFTIFINE	4	1988	Small molecule	0	0	1	1	0			0		CN(C/C=C/c1ccccc1)Cc1cccc2ccccc12			4.99	1	0	3.24	5			22	3	CN(C/C=C/c1ccccc1)Cc1cccc2ccccc12	ok
CHEMBL627	AMITRIPTYLINOXIDE	3		Small molecule	0	0	0	1	0			0		C[N+](C)([O-])CCC=C1c2ccccc2CCc2ccccc21			4.18	1	0	23.06	3			22	2	C[N+](C)([O-])CCC=C1c2ccccc2CCc2ccccc21	ok
CHEMBL628	PENTOXIFYLLINE	4	1984	Small molecule	1	0	0	1	0			0		CC(=O)CCCCn1c(=O)c2c(ncn2C)n(C)c1=O			0.19	7	0	78.89	5			20	2	CC(=O)CCCCn1c(=O)c2c(ncn2C)n(C)c1=O	ok
CHEMBL629	AMITRIPTYLINE	4	1961	Small molecule	1	1	0	1	0			0		CN(C)CCC=C1c2ccccc2CCc2ccccc21			4.17	1	0	3.24	3			21	2	CN(C)CCC=C1c2ccccc2CCc2ccccc21	RISK
CHEMBL631	PROPAFENONE	4	1989	Small molecule	1	0	0	1	0			0		CCCNCC(O)COc1ccccc1C(=O)CCc1ccccc1			3.24	4	2	58.56	11			25	2	CCCNCC(O)COc1ccccc1C(=O)CCc1ccccc1	RISK
CHEMBL632	BETAMETHASONE	4	1961	Small molecule	1	0	1	0	0			0		C[C@H]1C[C@H]2[C@@H]3CCC4=CC(=O)C=C[C@]4(C)[C@@]3(F)[C@@H](O)C[C@]2(C)[C@@]1(O)C(=O)CO			1.9	5	3	94.83	2			28	0	C[C@H]1C[C@H]2[C@@H]3CCC4=CC(=O)C=C[C@]4(C)[C@@]3(F)[C@@H](O)C[C@]2(C)[C@@]1(O)C(=O)CO	ok
CHEMBL633	AMIODARONE	4	1985	Small molecule	1	1	0	1	0			0		CCCCc1oc2ccccc2c1C(=O)c1cc(I)c(OCCN(CC)CC)c(I)c1			6.94	4	0	42.68	11			31	3	CCCCc1oc2ccccc2c1C(=O)c1cc(I)c(OCCN(CC)CC)c(I)c1	RISK
CHEMBL634	ALFENTANIL	4	1986	Small molecule	0	1	0	1	0			0		CCC(=O)N(c1ccccc1)C1(COC)CCN(CCn2nnn(CC)c2=O)CC1			1.38	8	0	85.49	9			30	2	CCC(=O)N(c1ccccc1)C1(COC)CCN(CCn2nnn(CC)c2=O)CC1	ok
CHEMBL635	PREDNISONE	4	1955	Small molecule	1	0	0	1	1			0		C[C@]12C=CC(=O)C=C1CC[C@@H]1[C@@H]2C(=O)C[C@@]2(C)[C@H]1CC[C@]2(O)C(=O)CO			1.77	5	2	91.67	2			26	0	C[C@]12C=CC(=O)C=C1CC[C@@H]1[C@@H]2C(=O)C[C@@]2(C)[C@H]1CC[C@]2(O)C(=O)CO	ok
CHEMBL636	RIVASTIGMINE	4	1998	Small molecule	1	0	1	1	0			0		CCN(C)C(=O)Oc1cccc([C@H](C)N(C)C)c1			2.76	3	0	32.78	4			18	1	CCN(C)C(=O)Oc1cccc([C@H](C)N(C)C)c1	ok
CHEMBL637	VENLAFAXINE	4	1993	Small molecule	1	0	0	1	0			0		COc1ccc(C(CN(C)C)C2(O)CCCCC2)cc1			3.04	3	1	32.7	5			20	1	COc1ccc(C(CN(C)C)C2(O)CCCCC2)cc1	ok
CHEMBL638	VORICONAZOLE	4	2002	Small molecule	1	1	0	0	0			0		C[C@@H](c1ncncc1F)[C@](O)(Cn1cncn1)c1ccc(F)cc1F			2.18	6	1	76.72	5			25	3	C[C@@H](c1ncncc1F)[C@](O)(Cn1cncn1)c1ccc(F)cc1F	ok
CHEMBL63857	PHENOLPHTHALEIN	4		Small molecule	0	0	0	1	0			0		O=C1OC(c2ccc(O)cc2)(c2ccc(O)cc2)c2ccccc21			3.56	4	2	66.76	2			24	3	O=C1OC(c2ccc(O)cc2)(c2ccc(O)cc2)c2ccccc21	ok
CHEMBL639	AZELASTINE	4	1996	Small molecule	0	0	1	1	0			0		CN1CCCC(n2nc(Cc3ccc(Cl)cc3)c3ccccc3c2=O)CC1			4.3	4	0	38.13	3			27	3	CN1CCCC(n2nc(Cc3ccc(Cl)cc3)c3ccccc3c2=O)CC1	RISK
CHEMBL64	ISONIAZID	4	1952	Small molecule	1	1	0	1	0			0		NNC(=O)c1ccncc1			-0.31	3	2	68.01	1			10	1	NNC(=O)c1ccncc1	ok
CHEMBL640	PROCAINAMIDE	4	1950	Small molecule	1	1	0	1	0			0		CCN(CC)CCNC(=O)c1ccc(N)cc1			1.34	3	2	58.36	6			17	1	CCN(CC)CCNC(=O)c1ccc(N)cc1	ok
CHEMBL641	ATOMOXETINE	4	2002	Small molecule	1	0	0	1	0			0		CNCC[C@@H](Oc1ccccc1C)c1ccccc1			3.72	2	1	21.26	6			19	2	CNCC[C@@H](Oc1ccccc1C)c1ccccc1	RISK
CHEMBL64130	NAPABUCASIN	3		Small molecule	0	0	0	1	0			0		CC(=O)c1cc2c(o1)C(=O)c1ccccc1C2=O			2.26	4	0	64.35	1			18	2	CC(=O)c1cc2c(o1)C(=O)c1ccccc1C2=O	ok
CHEMBL642	ACEBUTOLOL	4	1984	Small molecule	1	0	0	1	0			0		CCCC(=O)Nc1ccc(OCC(O)CNC(C)C)c(C(C)=O)c1			2.37	5	3	87.66	10			24	1	CCCC(=O)Nc1ccc(OCC(O)CNC(C)C)c(C(C)=O)c1	ok
CHEMBL643	PROMETHAZINE	4	1951	Small molecule	1	1	1	1	0			0		CC(CN1c2ccccc2Sc2ccccc21)N(C)C			4.24	3	0	6.48	3			20	2	CC(CN1c2ccccc2Sc2ccccc21)N(C)C	ok
CHEMBL6437	MIANSERIN	4		Small molecule	0	0	0	1	0			0		CN1CCN2c3ccccc3Cc3ccccc3C2C1			3.08	2	0	6.48	0			20	2	CN1CCN2c3ccccc3Cc3ccccc3C2C1	ok
CHEMBL64391	ITRACONAZOLE	4	1992	Small molecule	1	1	0	1	0			1		CCC(C)n1ncn(-c2ccc(N3CCN(c4ccc(OCC5COC(Cn6cncn6)(c6ccc(Cl)cc6Cl)O5)cc4)CC3)cc2)c1=O			5.58	12	0	104.7	11			49	5	CCC(C)n1ncn(-c2ccc(N3CCN(c4ccc(OCC5COC(Cn6cncn6)(c6ccc(Cl)cc6Cl)O5)cc4)CC3)cc2)c1=O	ok
CHEMBL644	TRIMIPRAMINE	4	1979	Small molecule	1	0	0	1	0			0		CC(CN(C)C)CN1c2ccccc2CCc2ccccc21			4.12	2	0	6.48	4			22	2	CC(CN(C)C)CN1c2ccccc2CCc2ccccc21	ok
CHEMBL645	BISOPROLOL	4	1992	Small molecule	1	0	0	1	0			0		CC(C)NCC(O)COc1ccc(COCCOC(C)C)cc1			2.37	5	2	59.95	12			23	1	CC(C)NCC(O)COc1ccc(COCCOC(C)C)cc1	ok
CHEMBL646	TRIAZOLAM	4	1978	Small molecule	1	0	0	1	0			0		Cc1nnc2n1-c1ccc(Cl)cc1C(c1ccccc1Cl)=NC2			4.23	4	0	43.07	1			23	3	Cc1nnc2n1-c1ccc(Cl)cc1C(c1ccccc1Cl)=NC2	ok
CHEMBL6466	COUMARIN	4		Small molecule	0	0	0	1	0			0		O=c1ccc2ccccc2o1			1.79	2	0	30.21	0			11	2	O=c1ccc2ccccc2o1	ok
CHEMBL647	APRACLONIDINE	4	1987	Small molecule	0	0	1	1	0			0		Nc1cc(Cl)c(N=C2NCCN2)c(Cl)c1			1.76	2	3	62.44	1			15	1	Nc1cc(Cl)c(N=C2NCCN2)c(Cl)c1	ok
CHEMBL648	CYCLIZINE	4	1982	Small molecule	0	1	0	1	0			0		CN1CCN(C(c2ccccc2)c2ccccc2)CC1			3.02	2	0	6.48	3			20	2	CN1CCN(C(c2ccccc2)c2ccccc2)CC1	ok
CHEMBL650	METHYLPREDNISOLONE	4	1957	Small molecule	1	0	1	1	0			0		C[C@H]1C[C@@H]2[C@H]([C@@H](O)C[C@@]3(C)[C@H]2CC[C@]3(O)C(=O)CO)[C@@]2(C)C=CC(=O)C=C12			1.8	5	3	94.83	2			27	0	C[C@H]1C[C@@H]2[C@H]([C@@H](O)C[C@@]3(C)[C@H]2CC[C@]3(O)C(=O)CO)[C@@]2(C)C=CC(=O)C=C12	ok
CHEMBL651	METHADONE	4	1947	Small molecule	1	1	0	1	0			0		CCC(=O)C(CC(C)N(C)C)(c1ccccc1)c1ccccc1			4.29	2	0	20.31	7			23	2	CCC(=O)C(CC(C)N(C)C)(c1ccccc1)c1ccccc1	RISK
CHEMBL652	FLECAINIDE	4	1985	Small molecule	1	0	0	0	0			0		O=C(NCC1CCCCN1)c1cc(OCC(F)(F)F)ccc1OCC(F)(F)F			3.44	4	2	59.59	7			28	1	O=C(NCC1CCCCN1)c1cc(OCC(F)(F)F)ccc1OCC(F)(F)F	RISK
CHEMBL654	MIRTAZAPINE	4	1996	Small molecule	1	0	0	1	0			1		CN1CCN2c3ncccc3Cc3ccccc3C2C1			2.48	3	0	19.37	0			20	2	CN1CCN2c3ncccc3Cc3ccccc3C2C1	ok
CHEMBL655	MIDAZOLAM	4	1985	Small molecule	1	1	1	0	0			0		Cc1ncc2n1-c1ccc(Cl)cc1C(c1ccccc1F)=NC2			4.32	3	0	30.18	1			23	3	Cc1ncc2n1-c1ccc(Cl)cc1C(c1ccccc1F)=NC2	ok
CHEMBL65567	CREATININE	3		Small molecule	0	0	0	1	0			0		CN1CC(=O)NC1=N			-1.02	2	2	56.19	0			8	0	CN1CC(=O)NC1=N	ok
CHEMBL656	OXYCODONE	4	1950	Small molecule	1	0	0	1	0			0		COc1ccc2c3c1O[C@H]1C(=O)CC[C@@]4(O)[C@@H](C2)N(C)CC[C@]314			1.05	5	1	59	1			23	1	COc1ccc2c3c1O[C@H]1C(=O)CC[C@@]4(O)[C@@H](C2)N(C)CC[C@]314	ok
CHEMBL657	DIPHENHYDRAMINE	4	1946	Small molecule	1	1	0	1	0			0		CN(C)CCOC(c1ccccc1)c1ccccc1			3.35	2	0	12.47	6			19	2	CN(C)CCOC(c1ccccc1)c1ccccc1	RISK
CHEMBL65794	CEFPIROME	4		Small molecule	0	0	0	1	0			0		CO/N=C(\C(=O)N[C@@H]1C(=O)N2C(C(=O)[O-])=C(C[n+]3cccc4c3CCC4)CS[C@H]12)c1csc(N)n1			-1.04	10	2	153.92	7			35	2	CO/N=C(\C(=O)N[C@@H]1C(=O)N2C(C(=O)[O-])=C(C[n+]3cccc4c3CCC4)CS[C@H]12)c1csc(N)n1	ok
CHEMBL658	SUFENTANIL	4	1984	Small molecule	0	1	1	1	0			0		CCC(=O)N(c1ccccc1)C1(COC)CCN(CCc2cccs2)CC1			4.21	4	0	32.78	8			27	2	CCC(=O)N(c1ccccc1)C1(COC)CCN(CCc2cccs2)CC1	ok
CHEMBL659	GALANTAMINE	4	2001	Small molecule	1	0	0	1	0			0		COc1ccc2c3c1O[C@H]1C[C@@H](O)C=C[C@@]31CCN(C)C2			1.85	4	1	41.93	1			21	1	COc1ccc2c3c1O[C@H]1C[C@@H](O)C=C[C@@]31CCN(C)C2	ok
CHEMBL660	AMANTADINE	4	1968	Small molecule	1	0	0	1	0			0		NC12CC3CC(CC(C3)C1)C2			1.91	1	1	26.02	0			11	0	NC12CC3CC(CC(C3)C1)C2	ok
CHEMBL66092	LAQUINIMOD	3		Small molecule	0	0	0	1	0			0		CCN(C(=O)c1c(O)c2c(Cl)cccc2n(C)c1=O)c1ccccc1			3.56	4	1	62.54	3			25	3	CCN(C(=O)c1c(O)c2c(Cl)cccc2n(C)c1=O)c1ccccc1	ok
CHEMBL661	ALPRAZOLAM	4	1981	Small molecule	1	0	0	1	0			0		Cc1nnc2n1-c1ccc(Cl)cc1C(c1ccccc1)=NC2			3.58	4	0	43.07	1			22	3	Cc1nnc2n1-c1ccc(Cl)cc1C(c1ccccc1)=NC2	ok
CHEMBL6622	ISOSORBIDE DINITRATE	4	1986	Small molecule	1	0	1	1	1			0		O=[N+]([O-])O[C@H]1CO[C@H]2[C@@H]1OC[C@H]2O[N+](=O)[O-]			-1.06	8	0	123.2	4			16	0	O=[N+]([O-])O[C@H]1CO[C@H]2[C@@H]1OC[C@H]2O[N+](=O)[O-]	ok
CHEMBL666	FOSCARNET	4	1991	Small molecule	0	1	0	1	0			0		O=C(O)P(=O)(O)O			-0.16	2	3	94.83	1			7	0	O=C(O)P(=O)(O)O	ok
CHEMBL667	ACETYLCHOLINE	4	1973	Small molecule	0	0	1	1	0			0		CC(=O)OCC[N+](C)(C)C			0.26	2	0	26.3	3			10	0	CC(=O)OCC[N+](C)(C)C	ok
CHEMBL668	PROTRIPTYLINE	4	1967	Small molecule	1	0	0	1	0			0		CNCCCC1c2ccccc2C=Cc2ccccc21			4.3	1	1	12.03	4			20	2	CNCCCC1c2ccccc2C=Cc2ccccc21	ok
CHEMBL669	CYCLOBENZAPRINE	4	1977	Small molecule	1	0	0	1	0			0		CN(C)CCC=C1c2ccccc2C=Cc2ccccc21			4.55	1	0	3.24	3			21	2	CN(C)CCC=C1c2ccccc2C=Cc2ccccc21	ok
CHEMBL671	THIOTEPA	4	1959	Small molecule	0	1	0	1	0			0		S=P(N1CC1)(N1CC1)N1CC1			0.16	1	0	9.03	3			11	0	S=P(N1CC1)(N1CC1)N1CC1	ok
CHEMBL672	FENOFIBRATE	4	1993	Small molecule	1	0	0	1	1			0		CC(C)OC(=O)C(C)(C)Oc1ccc(C(=O)c2ccc(Cl)cc2)cc1			4.68	4	0	52.6	6			25	2	CC(C)OC(=O)C(C)(C)Oc1ccc(C(=O)c2ccc(Cl)cc2)cc1	ok
CHEMBL67279	TALABOSTAT	3		Small molecule	0	0	0	1	0			0		CC(C)[C@H](N)C(=O)N1CCC[C@H]1B(O)O												CC(C)[C@H](N)C(=O)N1CCC[C@H]1B(O)O	ok
CHEMBL673	PARGYLINE	4	1982	Small molecule	1	0	0	1	0			0		C#CCN(C)Cc1ccccc1			1.75	1	0	3.24	3			12	1	C#CCN(C)Cc1ccccc1	ok
CHEMBL675	ALENDRONATE SODIUM	4	1995	Small molecule	1	0	0	0	0			0		NCCCC(O)(P(=O)([O-])O)P(=O)(O)O.[Na+]			-1.27	4	6	161.31	5			14	0	NCCCC(O)(P(=O)([O-])O)P(=O)(O)O	ok
CHEMBL677	LEVONORDEFRIN	4	1960	Small molecule	0	1	0	1	0			0		C[C@H](N)[C@H](O)c1ccc(O)c(O)c1			0.48	4	4	86.71	2			13	1	C[C@H](N)[C@H](O)c1ccc(O)c(O)c1	ok
CHEMBL679	EPINEPHRINE	4	1965	Small molecule	0	1	1	1	0			0		CNC[C@H](O)c1ccc(O)c(O)c1			0.35	4	4	72.72	3			13	1	CNC[C@H](O)c1ccc(O)c(O)c1	ok
CHEMBL680	CEFACLOR ANHYDROUS	4	1979	Small molecule	1	0	0	1	0			0		N[C@@H](C(=O)N[C@@H]1C(=O)N2C(C(=O)O)=C(Cl)CS[C@H]12)c1ccccc1			0.62	5	3	112.73	4			24	1	N[C@@H](C(=O)N[C@@H]1C(=O)N2C(C(=O)O)=C(Cl)CS[C@H]12)c1ccccc1	ok
CHEMBL68055	ACOLBIFENE	3		Small molecule	0	0	0	0	0			0		CC1=C(c2ccc(O)cc2)[C@H](c2ccc(OCCN3CCCCC3)cc2)Oc2cc(O)ccc21			6.03	5	2	62.16	6			34	3	CC1=C(c2ccc(O)cc2)[C@H](c2ccc(OCCN3CCCCC3)cc2)Oc2cc(O)ccc21	ok
CHEMBL681	ETOMIDATE	4	1982	Small molecule	0	1	0	1	0			0		CCOC(=O)c1cncn1[C@H](C)c1ccccc1			2.67	4	0	44.12	4			18	2	CCOC(=O)c1cncn1[C@H](C)c1ccccc1	ok
CHEMBL68117	VOSAROXIN	3		Small molecule	0	0	0	1	0			0		CN[C@H]1CN(c2ccc3c(=O)c(C(=O)O)cn(-c4nccs4)c3n2)C[C@@H]1OC			0.96	9	2	109.58	5			28	3	CN[C@H]1CN(c2ccc3c(=O)c(C(=O)O)cn(-c4nccs4)c3n2)C[C@@H]1OC	ok
CHEMBL682	AMODIAQUINE	4	1982	Small molecule	1	0	0	1	0			0		CCN(CC)Cc1cc(Nc2ccnc3cc(Cl)ccc23)ccc1O			5.18	4	2	48.39	6			25	3	CCN(CC)Cc1cc(Nc2ccnc3cc(Cl)ccc23)ccc1O	ok
CHEMBL684	DIETHYLCARBAMAZINE	4	1950	Small molecule	1	0	0	1	0			0		CCN(CC)C(=O)N1CCN(C)CC1			0.7	2	0	26.79	2			14	0	CCN(CC)C(=O)N1CCN(C)CC1	ok
CHEMBL685	MEBENDAZOLE	4	1974	Small molecule	1	0	0	1	0			0		COC(=O)Nc1nc2cc(C(=O)c3ccccc3)ccc2[nH]1			2.97	4	2	84.08	3			22	3	COC(=O)Nc1nc2cc(C(=O)c3ccccc3)ccc2[nH]1	ok
CHEMBL686	MEFENAMIC ACID	4	1967	Small molecule	1	0	0	1	0			0		Cc1cccc(Nc2ccccc2C(=O)O)c1C			3.75	2	2	49.33	3			18	2	Cc1cccc(Nc2ccccc2C(=O)O)c1C	ok
CHEMBL689	MANNITOL	4	1982	Small molecule	0	1	1	1	0			0		OC[C@@H](O)[C@@H](O)[C@H](O)[C@H](O)CO			-3.59	6	6	121.38	5			12	0	OC[C@@H](O)[C@@H](O)[C@H](O)[C@H](O)CO	ok
CHEMBL690	PRAVASTATIN SODIUM	4	1991	Small molecule	1	0	0	1	0			0		CC[C@H](C)C(=O)O[C@H]1C[C@H](O)C=C2C=C[C@H](C)[C@H](CC[C@@H](O)C[C@@H](O)CC(=O)[O-])[C@H]21.[Na+]			2.44	6	4	124.29	10			30	0	CC[C@H](C)C(=O)O[C@H]1C[C@H](O)C=C2C=C[C@H](C)[C@H](CC[C@@H](O)C[C@@H](O)CC(=O)[O-])[C@H]21	ok
CHEMBL691	ETHINYL ESTRADIOL	4	1982	Small molecule	1	0	1	1	0			0		C#C[C@]1(O)CC[C@H]2[C@@H]3CCc4cc(O)ccc4[C@H]3CC[C@@]21C			3.61	2	2	40.46	0			22	1	C#C[C@]1(O)CC[C@H]2[C@@H]3CCc4cc(O)ccc4[C@H]3CC[C@@]21C	ok
CHEMBL692	GLYCERIN	4	1982	Small molecule	0	1	0	1	0			0		OCC(O)CO			-1.67	3	3	60.69	2			6	0	OCC(O)CO	ok
CHEMBL69308	PELUBIPROFEN	3		Small molecule	0	0	0	1	0			0		CC(C(=O)O)c1ccc(/C=C2\CCCCC2=O)cc1			3.4	2	1	54.37	3			19	1	CC(C(=O)O)c1ccc(/C=C2\CCCCC2=O)cc1	ok
CHEMBL695	TRIMETHADIONE	4	1946	Small molecule	1	0	0	1	0			0		CN1C(=O)OC(C)(C)C1=O			0.37	3	0	46.61	0			10	0	CN1C(=O)OC(C)(C)C1=O	ok
CHEMBL696	ETHOSUXIMIDE	4	1960	Small molecule	1	0	0	1	0			0		CCC1(C)CC(=O)NC1=O			0.45	2	1	46.17	1			10	0	CCC1(C)CC(=O)NC1=O	ok
CHEMBL6966	VERAPAMIL	4	1981	Small molecule	1	1	0	1	0			0		COc1ccc(CCN(C)CCCC(C#N)(c2ccc(OC)c(OC)c2)C(C)C)cc1OC			5.09	6	0	63.95	13			33	2	COc1ccc(CCN(C)CCCC(C#N)(c2ccc(OC)c(OC)c2)C(C)C)cc1OC	RISK
CHEMBL697	METHSUXIMIDE	4	1957	Small molecule	1	0	0	1	0			0		CN1C(=O)CC(C)(c2ccccc2)C1=O			1.33	2	0	37.38	1			15	1	CN1C(=O)CC(C)(c2ccccc2)C1=O	ok
CHEMBL698	TETRACAINE	4	2005	Small molecule	0	0	1	1	0			0		CCCCNc1ccc(C(=O)OCCN(C)C)cc1			2.62	4	1	41.57	8			19	1	CCCCNc1ccc(C(=O)OCCN(C)C)cc1	ok
CHEMBL6995	PRACTOLOL	4		Small molecule	0	0	0	1	0			0		CC(=O)Nc1ccc(OCC(O)CNC(C)C)cc1			1.38	4	3	70.59	7			19	1	CC(=O)Nc1ccc(OCC(O)CNC(C)C)cc1	ok
CHEMBL70	MORPHINE	4	1984	Small molecule	1	1	0	1	0			0		CN1CC[C@]23c4c5ccc(O)c4O[C@H]2[C@@H](O)C=C[C@H]3[C@H]1C5			1.2	4	2	52.93	0			21	1	CN1CC[C@]23c4c5ccc(O)c4O[C@H]2[C@@H](O)C=C[C@H]3[C@H]1C5	ok
CHEMBL700	SULFAPYRIDINE	4	1939	Small molecule	1	0	0	1	0			0		Nc1ccc(S(=O)(=O)Nc2ccccn2)cc1			1.46	4	2	85.08	3			17	2	Nc1ccc(S(=O)(=O)Nc2ccccn2)cc1	ok
CHEMBL70046	SORIVUDINE	4		Small molecule	0	0	0	1	0			0		O=c1[nH]c(=O)n([C@@H]2O[C@H](CO)[C@@H](O)[C@@H]2O)cc1/C=C/Br			-1.49	7	4	124.78	3			20	1	O=c1[nH]c(=O)n([C@@H]2O[C@H](CO)[C@@H](O)[C@@H]2O)cc1/C=C/Br	ok
CHEMBL701	BACLOFEN	4	1977	Small molecule	1	1	0	1	0			0		NCC(CC(=O)O)c1ccc(Cl)cc1			1.86	2	2	63.32	4			14	1	NCC(CC(=O)O)c1ccc(Cl)cc1	ok
CHEMBL702	PIPERACILLIN	4	1981	Small molecule	0	1	0	1	0			0		CCN1CCN(C(=O)N[C@@H](C(=O)N[C@@H]2C(=O)N3[C@@H]2SC(C)(C)[C@@H]3C(=O)O)c2ccccc2)C(=O)C1=O			-0.24	7	3	156.43	6			36	1	CCN1CCN(C(=O)N[C@@H](C(=O)N[C@@H]2C(=O)N3[C@@H]2SC(C)(C)[C@@H]3C(=O)O)c2ccccc2)C(=O)C1=O	ok
CHEMBL70246	ACEFYLLINE	4		Small molecule	0	0	0	1	0			0		Cn1c(=O)c2c(ncn2CC(=O)O)n(C)c1=O			-1.48	7	1	99.12	2			17	2	Cn1c(=O)c2c(ncn2CC(=O)O)n(C)c1=O	ok
CHEMBL703	SUXAMETHONIUM	4	1952	Small molecule	0	1	0	1	0			0		C[N+](C)(C)CCOC(=O)CCC(=O)OCC[N+](C)(C)C			0.27	4	0	52.6	9			20	0	C[N+](C)(C)CCOC(=O)CCC(=O)OCC[N+](C)(C)C	ok
CHEMBL704	MESALAMINE	4	1987	Small molecule	1	0	1	1	0			0		Nc1ccc(O)c(C(=O)O)c1			0.67	3	3	83.55	1			11	1	Nc1ccc(O)c(C(=O)O)c1	ok
CHEMBL70418	CLOBAZAM	4	2005	Small molecule	1	0	0	1	0			0		CN1C(=O)CC(=O)N(c2ccccc2)c2cc(Cl)ccc21			3.37	2	0	40.62	1			21	2	CN1C(=O)CC(=O)N(c2ccccc2)c2cc(Cl)ccc21	ok
CHEMBL705	ALITRETINOIN	4	1999	Small molecule	0	0	1	1	0			0		CC1=C(/C=C/C(C)=C\C=C\C(C)=C\C(=O)O)C(C)(C)CCC1			5.6	1	1	37.3	5			22	0	CC1=C(/C=C/C(C)=C\C=C\C(C)=C\C(=O)O)C(C)(C)CCC1	ok
CHEMBL706	CETYL ALCOHOL	4	1990	Small molecule	0	1	0	1	0			0		CCCCCCCCCCCCCCCCO			5.46	1	1	20.23	14			17	0	CCCCCCCCCCCCCCCCO	ok
CHEMBL70663	DAPIVIRINE	3		Small molecule	0	0	0	1	0			0		Cc1cc(C)c(Nc2ccnc(Nc3ccc(C#N)cc3)n2)c(C)c1			4.76	5	2	73.63	4			25	3	Cc1cc(C)c(Nc2ccnc(Nc3ccc(C#N)cc3)n2)c(C)c1	ok
CHEMBL707	DOXAZOSIN	4	1990	Small molecule	1	0	0	1	0			0		COc1cc2nc(N3CCN(C(=O)C4COc5ccccc5O4)CC3)nc(N)c2cc1OC			1.72	9	1	112.27	4			33	3	COc1cc2nc(N3CCN(C(=O)C4COc5ccccc5O4)CC3)nc(N)c2cc1OC	RISK
CHEMBL708	ZIPRASIDONE	4	2001	Small molecule	1	1	0	1	0			0		O=C1Cc2cc(CCN3CCN(c4nsc5ccccc45)CC3)c(Cl)cc2N1			3.81	5	1	48.47	4			28	3	O=C1Cc2cc(CCN3CCN(c4nsc5ccccc45)CC3)c(Cl)cc2N1	RISK
CHEMBL709	ALFUZOSIN	4	2003	Small molecule	1	0	0	1	0			0		COc1cc2nc(N(C)CCCNC(=O)C3CCCO3)nc(N)c2cc1OC			1.35	8	2	111.83	8			28	2	COc1cc2nc(N(C)CCCNC(=O)C3CCCO3)nc(N)c2cc1OC	ok
CHEMBL70927	DEFERIPRONE	4	1999	Small molecule	1	0	0	1	0			0		Cc1c(O)c(=O)ccn1C			0.4	3	1	42.23	0			10	1	Cc1c(O)c(=O)ccn1C	ok
CHEMBL70972	SERATRODAST	4	1995	Small molecule	1	0	0	1	0			0		CC1=C(C)C(=O)C(C(CCCCCC(=O)O)c2ccccc2)=C(C)C1=O			4.61	3	1	71.44	8			26	1	CC1=C(C)C(=O)C(C(CCCCCC(=O)O)c2ccccc2)=C(C)C1=O	ok
CHEMBL71	CHLORPROMAZINE	4	1957	Small molecule	1	1	1	1	0			0		CN(C)CCCN1c2ccccc2Sc2ccc(Cl)cc21			4.89	3	0	6.48	4			21	2	CN(C)CCCN1c2ccccc2Sc2ccc(Cl)cc21	RISK
CHEMBL710	FINASTERIDE	4	1992	Small molecule	1	0	0	1	0			0		CC(C)(C)NC(=O)[C@H]1CC[C@H]2[C@@H]3CC[C@H]4NC(=O)C=C[C@]4(C)[C@H]3CC[C@]12C			3.81	2	2	58.2	1			27	0	CC(C)(C)NC(=O)[C@H]1CC[C@H]2[C@@H]3CC[C@H]4NC(=O)C=C[C@]4(C)[C@H]3CC[C@]12C	ok
CHEMBL711	PHENINDIONE	4	1982	Small molecule	1	0	0	1	0			0		O=C1c2ccccc2C(=O)C1c1ccccc1			2.85	2	0	34.14	1			17	2	O=C1c2ccccc2C(=O)C1c1ccccc1	ok
CHEMBL712	ANISINDIONE	4	1957	Small molecule	1	0	0	1	0			0		COc1ccc(C2C(=O)c3ccccc3C2=O)cc1			2.86	3	0	43.37	2			19	2	COc1ccc(C2C(=O)c3ccccc3C2=O)cc1	ok
CHEMBL71263	VADIMEZAN	3		Small molecule	0	0	0	1	0			0		Cc1ccc2c(=O)c3cccc(CC(=O)O)c3oc2c1C			3.19	3	1	67.51	2			21	3	Cc1ccc2c(=O)c3cccc(CC(=O)O)c3oc2c1C	ok
CHEMBL713	ENTECAVIR ANHYDROUS	4	2005	Small molecule	1	0	0	1	1			0		C=C1[C@H](CO)[C@@H](O)C[C@@H]1n1cnc2c(=O)[nH]c(N)nc21			-0.83	7	4	130.05	2			20	2	C=C1[C@H](CO)[C@@H](O)C[C@@H]1n1cnc2c(=O)[nH]c(N)nc21	ok
CHEMBL714	ALBUTEROL	4	1981	Small molecule	1	0	1	1	0			0		CC(C)(C)NCC(O)c1ccc(O)c(CO)c1			1.31	4	4	72.72	4			17	1	CC(C)(C)NCC(O)c1ccc(O)c(CO)c1	ok
CHEMBL715	OLANZAPINE	4	1996	Small molecule	1	1	0	1	0			0		Cc1cc2c(s1)Nc1ccccc1N=C2N1CCN(C)CC1			3.44	5	1	30.87	0			22	2	Cc1cc2c(s1)Nc1ccccc1N=C2N1CCN(C)CC1	RISK
CHEMBL71595	HYDROGEN PEROXIDE	4	2017	Small molecule	0	0	1	1	0			0		OO			0.02	2	2	40.46	0			2	0	OO	ok
CHEMBL716	QUETIAPINE	4	1997	Small molecule	1	0	0	1	0			0		OCCOCCN1CCN(C2=Nc3ccccc3Sc3ccccc32)CC1			2.86	6	1	48.3	5			27	2	OCCOCCN1CCN(C2=Nc3ccccc3Sc3ccccc32)CC1	RISK
CHEMBL717	MEDROXYPROGESTERONE ACETATE	4	1959	Small molecule	1	1	0	1	0			0		CC(=O)O[C@]1(C(C)=O)CC[C@H]2[C@@H]3C[C@H](C)C4=CC(=O)CC[C@]4(C)[C@H]3CC[C@@]21C			4.66	4	0	60.44	2			28	0	CC(=O)O[C@]1(C(C)=O)CC[C@H]2[C@@H]3C[C@H](C)C4=CC(=O)CC[C@]4(C)[C@H]3CC[C@@]21C	ok
CHEMBL71752	VINPOCETINE	4		Small molecule	0	0	0	1	0			0		CCOC(=O)C1=C[C@]2(CC)CCCN3CCc4c(n1c1ccccc41)[C@@H]32			4.15	4	0	34.47	3			26	2	CCOC(=O)C1=C[C@]2(CC)CCCN3CCc4c(n1c1ccccc41)[C@@H]32	RISK
CHEMBL719	MUPIROCIN	4	1987	Small molecule	0	0	1	1	0			0		C/C(=C\C(=O)OCCCCCCCCC(=O)O)C[C@@H]1OC[C@H](C[C@@H]2O[C@H]2[C@@H](C)[C@H](C)O)[C@@H](O)[C@H]1O			2.59	8	4	146.05	16			35	0	C/C(=C\C(=O)OCCCCCCCCC(=O)O)C[C@@H]1OC[C@H](C[C@@H]2O[C@H]2[C@@H](C)[C@H](C)O)[C@@H](O)[C@H]1O	ok
CHEMBL72	DESIPRAMINE	4	1964	Small molecule	1	0	0	1	0			0		CNCCCN1c2ccccc2CCc2ccccc21			3.53	2	1	15.27	4			20	2	CNCCCN1c2ccccc2CCc2ccccc21	RISK
CHEMBL720	BENZYL ALCOHOL	4	2009	Small molecule	0	0	1	1	0			0		OCc1ccccc1			1.18	1	1	20.23	1			8	1	OCc1ccccc1	ok
CHEMBL723	CARVEDILOL	4	1995	Small molecule	1	0	0	1	0			0		COc1ccccc1OCCNCC(O)COc1cccc2[nH]c3ccccc3c12			3.74	5	3	75.74	10			30	4	COc1ccccc1OCCNCC(O)COc1cccc2[nH]c3ccccc3c12	RISK
CHEMBL726	FLUPHENAZINE	4	1959	Small molecule	1	1	0	0	0			0		OCCN1CCN(CCCN2c3ccccc3Sc3ccc(C(F)(F)F)cc32)CC1			4.31	5	1	29.95	6			30	2	OCCN1CCN(CCCN2c3ccccc3Sc3ccc(C(F)(F)F)cc32)CC1	RISK
CHEMBL727	THIOGUANINE	4	1966	Small molecule	1	0	0	1	1			0		Nc1nc2[nH]cnc2c(=S)[nH]1			0.6	4	3	83.38	0			11	2	Nc1nc2[nH]cnc2c(=S)[nH]1	ok
CHEMBL728	PROCHLORPERAZINE	4	1956	Small molecule	1	1	1	1	0			0		CN1CCN(CCCN2c3ccccc3Sc3ccc(Cl)cc32)CC1			4.58	4	0	9.72	4			25	2	CN1CCN(CCCN2c3ccccc3Sc3ccc(Cl)cc32)CC1	RISK
CHEMBL729	LOPINAVIR	4	2000	Small molecule	1	0	0	1	0			0		Cc1cccc(C)c1OCC(=O)N[C@@H](Cc1ccccc1)[C@@H](O)C[C@H](Cc1ccccc1)NC(=O)[C@H](C(C)C)N1CCCNC1=O			4.33	5	4	120	15			46	3	Cc1cccc(C)c1OCC(=O)N[C@@H](Cc1ccccc1)[C@@H](O)C[C@H](Cc1ccccc1)NC(=O)[C@H](C(C)C)N1CCCNC1=O	RISK
CHEMBL730	NITROGLYCERIN	4	1981	Small molecule	0	1	1	1	1			0		O=[N+]([O-])OCC(CO[N+](=O)[O-])O[N+](=O)[O-]			-1.02	9	0	157.11	8			15	0	O=[N+]([O-])OCC(CO[N+](=O)[O-])O[N+](=O)[O-]	ok
CHEMBL7301	FENRETINIDE	3		Small molecule	0	0	0	1	0			0		CC1=C(/C=C/C(C)=C/C=C/C(C)=C/C(=O)Nc2ccc(O)cc2)C(C)(C)CCC1			6.86	2	2	49.33	6			29	1	CC1=C(/C=C/C(C)=C/C=C/C(C)=C/C(=O)Nc2ccc(O)cc2)C(C)(C)CCC1	ok
CHEMBL73234	CARBETAPENTANE	4		Small molecule	1	0	0	1	0			0		CCN(CC)CCOCCOC(=O)C1(c2ccccc2)CCCC1			3.4	4	0	38.77	10			24	1	CCN(CC)CCOCCOC(=O)C1(c2ccccc2)CCCC1	ok
CHEMBL734	ACETOHYDROXAMIC ACID	4	1983	Small molecule	1	0	0	1	0			0		CC(=O)NO			-0.49	2	2	49.33	0			5	0	CC(=O)NO	ok
CHEMBL738	THIOPENTAL SODIUM	4	1982	Small molecule	0	0	1	0	0			0		CCCC(C)C1(CC)C(=O)[N-]C(=S)NC1=O.[Na+]			1.35	3	2	58.2	4			16	0	CCCC(C)C1(CC)C(=O)[N-]C(=S)NC1=O	ok
CHEMBL73822	APAZIQUONE	3		Small molecule	0	0	0	1	0			0		Cn1c(/C=C/CO)c(CO)c2c1C(=O)C=C(N1CC1)C2=O			0.1	6	2	82.54	4			21	1	Cn1c(/C=C/CO)c(CO)c2c1C(=O)C=C(N1CC1)C2=O	ok
CHEMBL74	CROMOLYN SODIUM	4	1982	Small molecule	1	0	1	1	0			0		O=C([O-])c1cc(=O)c2c(OCC(O)COc3cccc4oc(C(=O)[O-])cc(=O)c34)cccc2o1.[Na+].[Na+]			2.11	9	3	173.71	8			34	4	O=C([O-])c1cc(=O)c2c(OCC(O)COc3cccc4oc(C(=O)[O-])cc(=O)c34)cccc2o1	ok
CHEMBL741	LAMOTRIGINE	4	1994	Small molecule	1	0	0	1	0			0		Nc1nnc(-c2cccc(Cl)c2Cl)c(N)n1			2.01	5	2	90.71	1			16	2	Nc1nnc(-c2cccc(Cl)c2Cl)c(N)n1	ok
CHEMBL7413	METHOHEXITAL	4	1960	Small molecule	0	1	0	1	0			0		C=CCC1(C(C)C#CCC)C(=O)NC(=O)N(C)C1=O			1.31	3	1	66.48	3			19	0	C=CCC1(C(C)C#CCC)C(=O)NC(=O)N(C)C1=O	ok
CHEMBL742	KETAMINE	4	1970	Small molecule	0	1	0	1	0			0		CNC1(c2ccccc2Cl)CCCCC1=O			2.9	2	1	29.1	2			16	1	CNC1(c2ccccc2Cl)CCCCC1=O	ok
CHEMBL74355	VOLINANSERIN	3		Small molecule	0	0	0	0	0			0		COc1cccc([C@H](O)C2CCN(CCc3ccc(F)cc3)CC2)c1OC			3.83	4	1	41.93	7			27	2	COc1cccc([C@H](O)C2CCN(CCc3ccc(F)cc3)CC2)c1OC	RISK
CHEMBL744	RILUZOLE	4	1995	Small molecule	1	0	0	0	0			0		Nc1nc2ccc(OC(F)(F)F)cc2s1			2.78	4	1	48.14	1			15	2	Nc1nc2ccc(OC(F)(F)F)cc2s1	ok
CHEMBL74415	CANNABINOL	3		Small molecule	0	0	0	1	0			0		CCCCCc1cc(O)c2c(c1)OC(C)(C)c1ccc(C)cc1-2			5.73	2	1	29.46	4			23	2	CCCCCc1cc(O)c2c(c1)OC(C)(C)c1ccc(C)cc1-2	ok
CHEMBL746	NEDOCROMIL	4	1992	Small molecule	0	0	1	1	0			0		CCCc1c2oc(C(=O)O)cc(=O)c2cc2c(=O)cc(C(=O)O)n(CC)c12			2.48	6	2	126.81	5			27	3	CCCc1c2oc(C(=O)O)cc(=O)c2cc2c(=O)cc(C(=O)O)n(CC)c12	ok
CHEMBL74632	MOXALACTAM	4	1982	Small molecule	0	1	0	1	0			0		CO[C@@]1(NC(=O)C(C(=O)O)c2ccc(O)cc2)C(=O)N2C(C(=O)O)=C(CSc3nnnn3C)CO[C@@H]21			-1.13	12	4	206.3	9			36	2	CO[C@@]1(NC(=O)C(C(=O)O)c2ccc(O)cc2)C(=O)N2C(C(=O)O)=C(CSc3nnnn3C)CO[C@@H]21	ok
CHEMBL748	PRALIDOXIME CHLORIDE	4	1964	Small molecule	1	1	0	0	0			0		C[n+]1ccccc1/C=N/O.[Cl-]			0.32	2	1	36.47	1			10	1	C[n+]1ccccc1/C=N/O	ok
CHEMBL750	ZONISAMIDE	4	2000	Small molecule	1	0	0	1	0			0		NS(=O)(=O)Cc1noc2ccccc12			0.62	4	1	86.19	2			14	2	NS(=O)(=O)Cc1noc2ccccc12	ok
CHEMBL75094	PRINOMASTAT	3		Small molecule	0	0	0	1	0			0		CC1(C)SCCN(S(=O)(=O)c2ccc(Oc3ccncc3)cc2)[C@H]1C(=O)NO			2.26	7	2	108.83	5			28	2	CC1(C)SCCN(S(=O)(=O)c2ccc(Oc3ccncc3)cc2)[C@H]1C(=O)NO	ok
CHEMBL75124	NONIVAMIDE	3		Small molecule	0	0	0	1	0			0		CCCCCCCCC(=O)NCc1ccc(O)c(OC)c1			3.77	3	2	58.56	10			21	1	CCCCCCCCC(=O)NCc1ccc(O)c(OC)c1	ok
CHEMBL752	ADENOSINE PHOSPHATE	4		Small molecule	0	0	0	1	0			0		Nc1ncnc2c1ncn2[C@@H]1O[C@H](COP(=O)(O)O)[C@@H](O)[C@H]1O			-1.86	10	5	186.07	4			23	2	Nc1ncnc2c1ncn2[C@@H]1O[C@H](COP(=O)(O)O)[C@@H](O)[C@H]1O	ok
CHEMBL753	PHENOXYBENZAMINE	4	1953	Small molecule	1	0	0	1	0			0		CC(COc1ccccc1)N(CCCl)Cc1ccccc1			4.19	2	0	12.47	8			21	2	CC(COc1ccccc1)N(CCCl)Cc1ccccc1	ok
CHEMBL754	FOSCARNET SODIUM	4	1991	Small molecule	0	1	0	0	0			0		O=C([O-])P(=O)([O-])[O-].[Na+].[Na+].[Na+]			-0.16	2	3	94.83	1			7	0	O=C([O-])P(=O)([O-])[O-]	ok
CHEMBL75435	DEXKETOPROFEN	4	1994	Small molecule	1	0	0	1	0			0		C[C@H](C(=O)O)c1cccc(C(=O)c2ccccc2)c1			3.11	2	1	54.37	4			19	2	C[C@H](C(=O)O)c1cccc(C(=O)c2ccccc2)c1	ok
CHEMBL7568	QUINACRINE	4		Small molecule	0	0	0	1	0			0		CCN(CC)CCCC(C)Nc1c2ccc(Cl)cc2nc2ccc(OC)cc12			5.97	4	1	37.39	9			28	3	CCN(CC)CCCC(C)Nc1c2ccc(Cl)cc2nc2ccc(OC)cc12	ok
CHEMBL757	NANDROLONE	3		Small molecule	0	0	0	1	0			0		C[C@]12CC[C@H]3[C@@H](CCC4=CC(=O)CC[C@@H]43)[C@@H]1CC[C@@H]2O			3.49	2	1	37.3	0			20	0	C[C@]12CC[C@H]3[C@@H](CCC4=CC(=O)CC[C@@H]43)[C@@H]1CC[C@@H]2O	ok
CHEMBL75880	PERHEXILINE	4	1974	Small molecule	0	0	0	1	0			0		C1CCC(C(CC2CCCCN2)C2CCCCC2)CC1			5.3	1	1	12.03	4			20	0	C1CCC(C(CC2CCCCN2)C2CCCCC2)CC1	RISK
CHEMBL76	CHLOROQUINE	4	1949	Small molecule	1	1	0	1	0			0		CCN(CC)CCCC(C)Nc1ccnc2cc(Cl)ccc12			4.81	3	1	28.16	8			22	2	CCN(CC)CCCC(C)Nc1ccnc2cc(Cl)ccc12	RISK
CHEMBL760	ANAGRELIDE	4	1997	Small molecule	1	0	0	1	0			0		O=C1CN2Cc3c(ccc(Cl)c3Cl)N=C2N1			1.93	3	1	44.7	0			16	1	O=C1CN2Cc3c(ccc(Cl)c3Cl)N=C2N1	ok
CHEMBL761	NAPHAZOLINE	4	1971	Small molecule	0	0	1	1	0			0		c1ccc2c(CC3=NCCN3)cccc2c1			2.38	2	1	24.39	2			16	2	c1ccc2c(CC3=NCCN3)cccc2c1	ok
CHEMBL762	OXYMETAZOLINE	4	1986	Small molecule	0	0	1	1	0			0		Cc1cc(C(C)(C)C)c(O)c(C)c1CC1=NCCN1			2.85	3	2	44.62	2			19	1	Cc1cc(C(C)(C)C)c(O)c(C)c1CC1=NCCN1	ok
CHEMBL76370	TEGASEROD	4	2002	Small molecule	1	0	0	1	0			0		CCCCCNC(=N)N/N=C/c1c[nH]c2ccc(OC)cc12			2.81	3	4	85.29	7			22	2	CCCCCNC(=N)N/N=C/c1c[nH]c2ccc(OC)cc12	ok
CHEMBL765	GUANETHIDINE	4	1960	Small molecule	1	0	0	1	0			0		N=C(N)NCCN1CCCCCCC1			0.74	2	3	65.14	3			14	0	N=C(N)NCCN1CCCCCCC1	ok
CHEMBL766	CILASTATIN	4	1985	Small molecule	0	1	0	1	0			0		CC1(C)C[C@@H]1C(=O)N/C(=C\CCCCSC[C@H](N)C(=O)O)C(=O)O			1.43	5	4	129.72	11			24	0	CC1(C)C[C@@H]1C(=O)N/C(=C\CCCCSC[C@H](N)C(=O)O)C(=O)O	ok
CHEMBL76688	SIVELESTAT	3		Small molecule	0	0	0	1	0			0		CC(C)(C)C(=O)Oc1ccc(S(=O)(=O)Nc2ccccc2C(=O)NCC(=O)O)cc1			2.25	6	3	138.87	7			30	2	CC(C)(C)C(=O)Oc1ccc(S(=O)(=O)Nc2ccccc2C(=O)NCC(=O)O)cc1	ok
CHEMBL768	ESMOLOL	4	1986	Small molecule	0	1	0	1	0			0		COC(=O)CCc1ccc(OCC(O)CNC(C)C)cc1			1.53	5	2	67.79	9			21	1	COC(=O)CCc1ccc(OCC(O)CNC(C)C)cc1	ok
CHEMBL77	ARTEMISIN	3		Small molecule	0	0	0	1	0			0		C[C@@H]1CC[C@H]2[C@@H](C)C(=O)O[C@@H]3O[C@]4(C)CC[C@@H]1C32OO4			2.39	5	0	53.99	0			20	0	C[C@@H]1CC[C@H]2[C@@H](C)C(=O)O[C@@H]3O[C@]4(C)CC[C@@H]1C32OO4	ok
CHEMBL770	TOLAZOLINE	4	1985	Small molecule	0	1	0	1	0			0		c1ccc(CC2=NCCN2)cc1			1.23	2	1	24.39	2			12	1	c1ccc(CC2=NCCN2)cc1	ok
CHEMBL771	CYCLOSERINE	4	1964	Small molecule	1	0	0	1	0			0		N[C@@H]1CONC1=O			-1.62	3	2	64.35	0			7	0	N[C@@H]1CONC1=O	ok
CHEMBL772	RESERPINE	4	1960	Small molecule	1	1	0	1	0			0		COC(=O)[C@H]1[C@H]2C[C@@H]3c4[nH]c5cc(OC)ccc5c4CCN3C[C@H]2C[C@@H](OC(=O)c2cc(OC)c(OC)c(OC)c2)[C@@H]1OC			4.17	10	1	117.78	8			44	3	COC(=O)[C@H]1[C@H]2C[C@@H]3c4[nH]c5cc(OC)ccc5c4CCN3C[C@H]2C[C@@H](OC(=O)c2cc(OC)c(OC)c(OC)c2)[C@@H]1OC	ok
CHEMBL7728	HEXOBARBITAL	4		Small molecule	0	0	0	1	0			0		CN1C(=O)NC(=O)C(C)(C2=CCCCC2)C1=O			1.2	3	1	66.48	1			17	0	CN1C(=O)NC(=O)C(C)(C2=CCCCC2)C1=O	ok
CHEMBL773	GLYCINE	4	1982	Small molecule	0	0	0	1	0			0		NCC(=O)O			-0.97	2	2	63.32	1			5	0	NCC(=O)O	ok
CHEMBL77305	RUBITECAN	3		Small molecule	0	0	0	1	0			0		CC[C@@]1(O)C(=O)OCc2c1cc1n(c2=O)Cc2cc3c([N+](=O)[O-])cccc3nc2-1			1.99	8	1	124.56	2			29	3	CC[C@@]1(O)C(=O)OCc2c1cc1n(c2=O)Cc2cc3c([N+](=O)[O-])cccc3nc2-1	ok
CHEMBL776	METAPROTERENOL	4	1973	Small molecule	1	0	1	1	0			0		CC(C)NCC(O)c1cc(O)cc(O)c1			1.13	4	4	72.72	4			15	1	CC(C)NCC(O)c1cc(O)cc(O)c1	ok
CHEMBL777	CLAVULANIC ACID	4	1984	Small molecule	1	1	0	1	0			0		O=C(O)[C@H]1/C(=C/CO)O[C@@H]2CC(=O)N21			-1.1	4	2	87.07	2			14	0	O=C(O)[C@H]1/C(=C/CO)O[C@@H]2CC(=O)N21	ok
CHEMBL778	DEXMEDETOMIDINE	4	1999	Small molecule	0	1	1	1	0			1		Cc1cccc([C@H](C)c2c[nH]cn2)c1C			3.18	1	1	28.68	2			15	2	Cc1cccc([C@H](C)c2c[nH]cn2)c1C	ok
CHEMBL779	TADALAFIL	4	2002	Small molecule	1	0	0	1	0			0		CN1CC(=O)N2[C@H](c3ccc4c(c3)OCO4)c3[nH]c4ccccc4c3C[C@@H]2C1=O			2.21	4	1	74.87	1			29	3	CN1CC(=O)N2[C@H](c3ccc4c(c3)OCO4)c3[nH]c4ccccc4c3C[C@@H]2C1=O	ok
CHEMBL77921	MEDETOMIDINE	3		Small molecule	0	0	0	1	0			0		Cc1cccc(C(C)c2c[nH]cn2)c1C			3.18	1	1	28.68	2			15	2	Cc1cccc(C(C)c2c[nH]cn2)c1C	ok
CHEMBL780	PENTETIC ACID	4	2004	Small molecule	0	1	1	1	0			0		O=C(O)CN(CCN(CC(=O)O)CC(=O)O)CCN(CC(=O)O)CC(=O)O			-2.68	8	5	196.22	16			27	0	O=C(O)CN(CCN(CC(=O)O)CC(=O)O)CCN(CC(=O)O)CC(=O)O	ok
CHEMBL781	MAZINDOL	4	1973	Small molecule	1	0	0	1	0			0		OC1(c2ccc(Cl)cc2)c2ccccc2C2=NCCN21			2.61	3	1	35.83	1			20	2	OC1(c2ccc(Cl)cc2)c2ccccc2C2=NCCN21	ok
CHEMBL782	TOLBUTAMIDE	4	1961	Small molecule	1	1	0	1	0			0		CCCCNC(=O)NS(=O)(=O)c1ccc(C)cc1			1.78	3	2	75.27	5			18	1	CCCCNC(=O)NS(=O)(=O)c1ccc(C)cc1	ok
CHEMBL783	NATEGLINIDE	4	2000	Small molecule	1	0	0	1	0			0		CC(C)[C@H]1CC[C@H](C(=O)N[C@H](Cc2ccccc2)C(=O)O)CC1			3.26	2	2	66.4	6			23	1	CC(C)[C@H]1CC[C@H](C(=O)N[C@H](Cc2ccccc2)C(=O)O)CC1	ok
CHEMBL7863	APROBARBITAL	4		Small molecule	0	0	0	1	0			0		C=CCC1(C(C)C)C(=O)NC(=O)NC1=O			0.57	3	2	75.27	3			15	0	C=CCC1(C(C)C)C(=O)NC(=O)NC1=O	ok
CHEMBL787	MONTELUKAST	4	1998	Small molecule	1	0	0	1	0			0		CC(C)(O)c1ccccc1CC[C@@H](SCC1(CC(=O)O)CC1)c1cccc(/C=C/c2ccc3ccc(Cl)cc3n2)c1			8.95	4	2	70.42	12			41	4	CC(C)(O)c1ccccc1CC[C@@H](SCC1(CC(=O)O)CC1)c1cccc(/C=C/c2ccc3ccc(Cl)cc3n2)c1	ok
CHEMBL788	IDOXURIDINE	4	1963	Small molecule	0	0	1	1	0			0		O=c1[nH]c(=O)n([C@H]2C[C@H](O)[C@@H](CO)O2)cc1I			-1.22	6	3	104.55	2			17	1	O=c1[nH]c(=O)n([C@H]2C[C@H](O)[C@@H](CO)O2)cc1I	ok
CHEMBL79	LIDOCAINE	4	1948	Small molecule	1	1	1	1	0			0		CCN(CC)CC(=O)Nc1c(C)cccc1C			2.58	2	1	32.34	5			17	1	CCN(CC)CC(=O)Nc1c(C)cccc1C	ok
CHEMBL790	CHLORHEXIDINE	4	1976	Small molecule	0	0	1	1	0			0		N=C(NCCCCCCNC(=N)NC(=N)Nc1ccc(Cl)cc1)NC(=N)Nc1ccc(Cl)cc1			4.18	4	10	167.58	9			34	2	N=C(NCCCCCCNC(=N)NC(=N)Nc1ccc(Cl)cc1)NC(=N)Nc1ccc(Cl)cc1	ok
CHEMBL796	METHYLPHENIDATE	4	1955	Small molecule	1	0	1	1	0			0		COC(=O)C(c1ccccc1)C1CCCCN1			2.09	3	1	38.33	3			17	1	COC(=O)C(c1ccccc1)C1CCCCN1	ok
CHEMBL797	PHENSUXIMIDE	4	1982	Small molecule	1	0	0	1	0			0		CN1C(=O)CC(c2ccccc2)C1=O			1.16	2	0	37.38	1			14	1	CN1C(=O)CC(c2ccccc2)C1=O	ok
CHEMBL799	CILOSTAZOL	4	1999	Small molecule	1	0	0	1	0			0		O=C1CCc2cc(OCCCCc3nnnn3C3CCCCC3)ccc2N1			3.46	6	1	81.93	7			27	2	O=C1CCc2cc(OCCCCc3nnnn3C3CCCCC3)ccc2N1	ok
CHEMBL8	CIPROFLOXACIN	4	1987	Small molecule	1	1	1	0	0			0		O=C(O)c1cn(C2CC2)c2cc(N3CCNCC3)c(F)cc2c1=O			1.58	5	2	74.57	3			24	2	O=C(O)c1cn(C2CC2)c2cc(N3CCNCC3)c(F)cc2c1=O	ok
CHEMBL80	NALOXONE	4	1971	Small molecule	1	1	1	1	0			0		C=CCN1CC[C@]23c4c5ccc(O)c4O[C@H]2C(=O)CC[C@@]3(O)[C@H]1C5			1.3	5	2	70	2			24	1	C=CCN1CC[C@]23c4c5ccc(O)c4O[C@H]2C(=O)CC[C@@]3(O)[C@H]1C5	ok
CHEMBL802	MINOXIDIL	4	1979	Small molecule	1	0	1	1	1			0		Nc1cc(N2CCCCC2)nc(N)[n+]1[O-]			-0.13	5	2	95.11	1			15	1	Nc1cc(N2CCCCC2)nc(N)[n+]1[O-]	ok
CHEMBL803	CYTARABINE	4	1969	Small molecule	0	1	0	1	0			0		Nc1ccn([C@@H]2O[C@H](CO)[C@@H](O)[C@@H]2O)c(=O)n1			-2.56	8	4	130.83	2			17	1	Nc1ccn([C@@H]2O[C@H](CO)[C@@H](O)[C@@H]2O)c(=O)n1	ok
CHEMBL80386	IVOSPEMIN	3		Small molecule	0	0	0	0	0			0		CCNCC[C@H](O)CNCCCCNC[C@@H](O)CCNCC			-0.33	6	6	88.58	17			22	0	CCNCC[C@H](O)CNCCCCNC[C@@H](O)CCNCC	ok
CHEMBL806	FLUTAMIDE	4	1989	Small molecule	1	0	0	0	1			0		CC(C)C(=O)Nc1ccc([N+](=O)[O-])c(C(F)(F)F)c1			3.21	3	1	72.24	3			19	1	CC(C)C(=O)Nc1ccc([N+](=O)[O-])c(C(F)(F)F)c1	ok
CHEMBL807	MEMANTINE	4	2002	Small molecule	1	0	0	1	0			0		CC12CC3CC(C)(C1)CC(N)(C3)C2			2.69	1	1	26.02	0			13	0	CC12CC3CC(C)(C1)CC(N)(C3)C2	ok
CHEMBL808	ECONAZOLE	4	1982	Small molecule	0	0	1	1	0			0		Clc1ccc(COC(Cn2ccnc2)c2ccc(Cl)cc2Cl)cc1			5.8	3	0	27.05	6			24	3	Clc1ccc(COC(Cn2ccnc2)c2ccc(Cl)cc2Cl)cc1	ok
CHEMBL80830	BUCILLAMINE	3		Small molecule	0	0	0	1	0			0		CC(C)(S)C(=O)N[C@@H](CS)C(=O)O			0.19	4	4	66.4	4			13	0	CC(C)(S)C(=O)N[C@@H](CS)C(=O)O	ok
CHEMBL809	SERTRALINE	4	1991	Small molecule	1	0	0	1	0			0		CN[C@H]1CC[C@@H](c2ccc(Cl)c(Cl)c2)c2ccccc21			5.18	1	1	12.03	2			20	2	CN[C@H]1CC[C@@H](c2ccc(Cl)c(Cl)c2)c2ccccc21	RISK
CHEMBL81	RALOXIFENE	4	1997	Small molecule	1	0	0	1	0			0		O=C(c1ccc(OCCN2CCCCC2)cc1)c1c(-c2ccc(O)cc2)sc2cc(O)ccc12			6.08	6	2	70	7			34	4	O=C(c1ccc(OCCN2CCCCC2)cc1)c1c(-c2ccc(O)cc2)sc2cc(O)ccc12	ok
CHEMBL810	TEMOZOLOMIDE	4	1999	Small molecule	1	1	0	1	1			0		Cn1nnc2c(C(N)=O)ncn2c1=O			-2.08	7	1	108.17	1			14	2	Cn1nnc2c(C(N)=O)ncn2c1=O	ok
CHEMBL811	BROMPHENIRAMINE	4	1957	Small molecule	1	1	0	1	0			0		CN(C)CCC(c1ccc(Br)cc1)c1ccccn1			3.93	2	0	16.13	5			19	2	CN(C)CCC(c1ccc(Br)cc1)c1ccccn1	RISK
CHEMBL813	EPROSARTAN	4	1997	Small molecule	1	0	0	1	0			0		CCCCc1ncc(/C=C(\Cc2cccs2)C(=O)O)n1Cc1ccc(C(=O)O)cc1			4.74	5	2	92.42	10			30	3	CCCCc1ncc(/C=C(\Cc2cccs2)C(=O)O)n1Cc1ccc(C(=O)O)cc1	ok
CHEMBL814	FLUVOXAMINE	4	1994	Small molecule	1	0	0	0	0			0		COCCCC/C(=N\OCCN)c1ccc(C(F)(F)F)cc1			3.2	4	1	56.84	9			22	1	COCCCC/C(=N\OCCN)c1ccc(C(F)(F)F)cc1	RISK
CHEMBL815	DINOPROST	4	1982	Small molecule	0	1	0	1	0			0		CCCCC[C@H](O)/C=C/[C@@H]1[C@@H](C/C=C\CCCC(=O)O)[C@@H](O)C[C@H]1O			3.04	4	4	97.99	12			25	0	CCCCC[C@H](O)/C=C/[C@@H]1[C@@H](C/C=C\CCCC(=O)O)[C@@H](O)C[C@H]1O	ok
CHEMBL816	ETHYLENEDIAMINE	3		Small molecule	0	0	0	1	0			0		NCCN			-1.1	2	2	52.04	1			4	0	NCCN	ok
CHEMBL817	TOLAZAMIDE	4	1966	Small molecule	1	0	0	1	0			0		Cc1ccc(S(=O)(=O)NC(=O)NN2CCCCCC2)cc1			1.77	4	2	78.51	3			21	1	Cc1ccc(S(=O)(=O)NC(=O)NN2CCCCCC2)cc1	ok
CHEMBL818	IOBENGUANE	4	1994	Small molecule	0	1	0	1	0			0		N=C(N)NCc1cccc(I)c1			1.27	1	3	61.9	2			12	1	N=C(N)NCc1cccc(I)c1	ok
CHEMBL819	OXACILLIN	4	1971	Small molecule	1	1	0	1	0			0		Cc1onc(-c2ccccc2)c1C(=O)N[C@@H]1C(=O)N2[C@@H]1SC(C)(C)[C@@H]2C(=O)O			1.9	6	2	112.74	4			28	2	Cc1onc(-c2ccccc2)c1C(=O)N[C@@H]1C(=O)N2[C@@H]1SC(C)(C)[C@@H]2C(=O)O	ok
CHEMBL820	BUSULFAN	4	1954	Small molecule	1	1	0	1	0			0		CS(=O)(=O)OCCCCOS(C)(=O)=O			-0.28	6	0	86.74	7			14	0	CS(=O)(=O)OCCCCOS(C)(=O)=O	ok
CHEMBL821	GUANIDINE	4	1939	Small molecule	1	0	0	1	0			0		N=C(N)N			-1.16	1	3	75.89	0			4	0	N=C(N)N	ok
CHEMBL822	TERBINAFINE	4	1992	Small molecule	1	0	1	1	0			0		CN(C/C=C/C#CC(C)(C)C)Cc1cccc2ccccc12			4.88	1	0	3.24	4			22	2	CN(C/C=C/C#CC(C)(C)C)Cc1cccc2ccccc12	ok
CHEMBL82202	PYRIDOXAL PHOSPHATE ANHYDROUS	3		Small molecule	0	0	0	1	0			0		Cc1ncc(COP(=O)(O)O)c(C=O)c1O			0.52	5	3	116.95	4			16	1	Cc1ncc(COP(=O)(O)O)c(C=O)c1O	ok
CHEMBL82301	VICRIVIROC	3		Small molecule	0	0	0	0	0			0		COC[C@@H](c1ccc(C(F)(F)F)cc1)N1CCN(C2(C)CCN(C(=O)c3c(C)ncnc3C)CC2)C[C@@H]1C			4.5	6	0	61.8	6			38	2	COC[C@@H](c1ccc(C(F)(F)F)cc1)N1CCN(C2(C)CCN(C(=O)c3c(C)ncnc3C)CC2)C[C@@H]1C	ok
CHEMBL826	ENOXACIN	4	1991	Small molecule	1	0	0	0	0			0		CCn1cc(C(=O)O)c(=O)c2cc(F)c(N3CCNCC3)nc21			0.66	6	2	87.46	3			23	2	CCn1cc(C(=O)O)c(=O)c2cc(F)c(N3CCNCC3)nc21	ok
CHEMBL827	DEXMETHYLPHENIDATE	4	2001	Small molecule	1	0	0	1	0			0		COC(=O)[C@H](c1ccccc1)[C@H]1CCCCN1			2.09	3	1	38.33	3			17	1	COC(=O)[C@H](c1ccccc1)[C@H]1CCCCN1	ok
CHEMBL829	METHYLPROMAZINE	4	1982	Small molecule	1	0	0	1	0			0		CC(CN(C)C)CN1c2ccccc2Sc2ccccc21			4.49	3	0	6.48	4			21	2	CC(CN(C)C)CN1c2ccccc2Sc2ccccc21	ok
CHEMBL83	TAMOXIFEN	4	1977	Small molecule	1	0	0	0	1			0		CC/C(=C(\c1ccccc1)c1ccc(OCCN(C)C)cc1)c1ccccc1			6	2	0	12.47	8			28	3	CC/C(=C(\c1ccccc1)c1ccc(OCCN(C)C)cc1)c1ccccc1	RISK
CHEMBL830	EFLORNITHINE	4	1990	Small molecule	1	1	1	0	0			0		NCCCC(N)(C(=O)O)C(F)F			-0.23	3	3	89.34	5			12	0	NCCCC(N)(C(=O)O)C(F)F	ok
CHEMBL83063	RITODRINE	4	1982	Small molecule	1	1	0	1	0			0		CC(NCCc1ccc(O)cc1)C(O)c1ccc(O)cc1			2.35	4	4	72.72	6			21	2	CC(NCCc1ccc(O)cc1)C(O)c1ccc(O)cc1	ok
CHEMBL831	LOXAPINE	4	1975	Small molecule	1	1	1	1	0			0		CN1CCN(C2=Nc3ccccc3Oc3ccc(Cl)cc32)CC1			3.77	4	0	28.07	0			23	2	CN1CCN(C2=Nc3ccccc3Oc3ccc(Cl)cc32)CC1	ok
CHEMBL832	SULFINPYRAZONE	4	1959	Small molecule	1	0	0	1	0			0		O=C1C(CC[S+]([O-])c2ccccc2)C(=O)N(c2ccccc2)N1c1ccccc1			3.8	3	0	63.68	6			29	3	O=C1C(CC[S+]([O-])c2ccccc2)C(=O)N(c2ccccc2)N1c1ccccc1	ok
CHEMBL833	TICLOPIDINE	4	1991	Small molecule	1	0	0	1	1			0		Clc1ccccc1CN1CCc2sccc2C1			3.96	2	0	3.24	2			17	2	Clc1ccccc1CN1CCc2sccc2C1	ok
CHEMBL834	PAMIDRONIC ACID	4	1991	Small molecule	0	1	0	1	0			0		NCCC(O)(P(=O)(O)O)P(=O)(O)O			-1.66	4	6	161.31	4			13	0	NCCC(O)(P(=O)(O)O)P(=O)(O)O	ok
CHEMBL836	TAMSULOSIN	4	1997	Small molecule	1	0	0	1	0			0		CCOc1ccccc1OCCN[C@H](C)Cc1ccc(OC)c(S(N)(=O)=O)c1			2.34	6	2	99.88	11			28	2	CCOc1ccccc1OCCN[C@H](C)Cc1ccc(OC)c(S(N)(=O)=O)c1	ok
CHEMBL83626	SUCCINOBUCOL	3		Small molecule	0	0	0	1	0			0		CC(C)(Sc1cc(C(C)(C)C)c(O)c(C(C)(C)C)c1)Sc1cc(C(C)(C)C)c(OC(=O)CCC(=O)O)c(C(C)(C)C)c1			9.97	6	2	83.83	8			42	2	CC(C)(Sc1cc(C(C)(C)C)c(O)c(C(C)(C)C)c1)Sc1cc(C(C)(C)C)c(OC(=O)CCC(=O)O)c(C(C)(C)C)c1	ok
CHEMBL83668	TOLNAFTATE	3		Small molecule	0	0	0	1	0			0		Cc1cccc(N(C)C(=S)Oc2ccc3ccccc3c2)c1			4.95	2	0	12.47	2			22	3	Cc1cccc(N(C)C(=S)Oc2ccc3ccccc3c2)c1	ok
CHEMBL838	BENAZEPRIL	4	1991	Small molecule	1	0	0	1	1			0		CCOC(=O)[C@H](CCc1ccccc1)N[C@H]1CCc2ccccc2N(CC(=O)O)C1=O			2.57	5	2	95.94	9			31	2	CCOC(=O)[C@H](CCc1ccccc1)N[C@H]1CCc2ccccc2N(CC(=O)O)C1=O	ok
CHEMBL839	CARTEOLOL	4	1988	Small molecule	1	0	1	1	0			0		CC(C)(C)NCC(O)COc1cccc2c1CCC(=O)N2			1.7	4	3	70.59	5			21	1	CC(C)(C)NCC(O)COc1cccc2c1CCC(=O)N2	ok
CHEMBL84	TOPOTECAN	4	1996	Small molecule	1	1	0	1	0			0		CC[C@@]1(O)C(=O)OCc2c1cc1n(c2=O)Cc2cc3c(CN(C)C)c(O)ccc3nc2-1			1.85	8	2	104.89	3			31	3	CC[C@@]1(O)C(=O)OCc2c1cc1n(c2=O)Cc2cc3c(CN(C)C)c(O)ccc3nc2-1	ok
CHEMBL841	LOPERAMIDE	4	1976	Small molecule	1	0	0	1	0			0		CN(C)C(=O)C(CCN1CCC(O)(c2ccc(Cl)cc2)CC1)(c1ccccc1)c1ccccc1			5.09	3	1	43.78	7			34	3	CN(C)C(=O)C(CCN1CCC(O)(c2ccc(Cl)cc2)CC1)(c1ccccc1)c1ccccc1	RISK
CHEMBL84158	TIAPRIDE	3		Small molecule	0	0	0	1	0			0		CCN(CC)CCNC(=O)c1cc(S(C)(=O)=O)ccc1OC			1.17	5	1	75.71	8			22	1	CCN(CC)CCNC(=O)c1cc(S(C)(=O)=O)ccc1OC	ok
CHEMBL842	CHLOROTHIAZIDE	4	1958	Small molecule	1	1	0	1	0			0		NS(=O)(=O)c1cc2c(cc1Cl)N=CNS2(=O)=O			-0.06	5	2	118.69	1			17	1	NS(=O)(=O)c1cc2c(cc1Cl)N=CNS2(=O)=O	ok
CHEMBL844	BRIMONIDINE	4	1996	Small molecule	0	0	1	1	0			0		Brc1c(NC2=NCCN2)ccc2nccnc12			1.76	5	2	62.2	1			17	2	Brc1c(NC2=NCCN2)ccc2nccnc12	ok
CHEMBL846	CALCITRIOL	4	1978	Small molecule	1	1	1	1	0			0		C=C1/C(=C\C=C2/CCC[C@]3(C)[C@@H]([C@H](C)CCCC(C)(C)O)CC[C@@H]23)C[C@@H](O)C[C@@H]1O			5.7	3	3	60.69	6			30	0	C=C1/C(=C\C=C2/CCC[C@]3(C)[C@@H]([C@H](C)CCCC(C)(C)O)CC[C@@H]23)C[C@@H](O)C[C@@H]1O	ok
CHEMBL847	OXAMNIQUINE	4	1980	Small molecule	1	0	0	1	0			0		CC(C)NCC1CCc2cc(CO)c([N+](=O)[O-])cc2N1			1.81	5	3	87.43	5			20	1	CC(C)NCC1CCc2cc(CO)c([N+](=O)[O-])cc2N1	ok
CHEMBL848	LENALIDOMIDE	4	2005	Small molecule	1	0	0	1	0			0		Nc1cccc2c1CN(C1CCC(=O)NC1=O)C2=O			0.03	4	2	92.5	1			19	1	Nc1cccc2c1CN(C1CCC(=O)NC1=O)C2=O	ok
CHEMBL849	TRICLOSAN	4	1997	Small molecule	0	0	1	1	0			0		Oc1cc(Cl)ccc1Oc1ccc(Cl)cc1Cl			5.14	2	1	29.46	2			17	2	Oc1cc(Cl)ccc1Oc1ccc(Cl)cc1Cl	ok
CHEMBL85	RISPERIDONE	4	1993	Small molecule	1	1	0	0	0			0		Cc1nc2n(c(=O)c1CCN1CCC(c3noc4cc(F)ccc34)CC1)CCCC2			3.59	6	0	64.16	4			30	3	Cc1nc2n(c(=O)c1CCN1CCC(c3noc4cc(F)ccc34)CC1)CCCC2	RISK
CHEMBL850	SPARFLOXACIN	4	1996	Small molecule	1	0	0	0	0			0		C[C@@H]1CN(c2c(F)c(N)c3c(=O)c(C(=O)O)cn(C4CC4)c3c2F)C[C@H](C)N1			2.08	6	3	100.59	3			28	2	C[C@@H]1CN(c2c(F)c(N)c3c(=O)c(C(=O)O)cn(C4CC4)c3c2F)C[C@H](C)N1	ok
CHEMBL852	MELPHALAN	4	1964	Small molecule	1	1	0	1	0			0		N[C@@H](Cc1ccc(N(CCCl)CCCl)cc1)C(=O)O			1.93	3	2	66.56	8			19	1	N[C@@H](Cc1ccc(N(CCCl)CCCl)cc1)C(=O)O	ok
CHEMBL85231	MEDIFOXAMINE	4		Small molecule	0	0	0	0	0			0		CN(C)CC(Oc1ccccc1)Oc1ccccc1			3.03	3	0	21.7	6			19	2	CN(C)CC(Oc1ccccc1)Oc1ccccc1	ok
CHEMBL853	ZALCITABINE	4	1992	Small molecule	1	0	0	1	1			0		Nc1ccn([C@H]2CC[C@@H](CO)O2)c(=O)n1			-0.5	6	2	90.37	2			15	1	Nc1ccn([C@H]2CC[C@@H](CO)O2)c(=O)n1	ok
CHEMBL85398	THIAZOLIDINEDIONE	3		Small molecule	0	0	0	1	0			0		O=C1CSC(=O)N1			-0.03	3	1	46.17	0			7	0	O=C1CSC(=O)N1	ok
CHEMBL855	TRIPROLIDINE	4	1982	Small molecule	1	0	0	1	0			0		Cc1ccc(/C(=C\CN2CCCC2)c2ccccn2)cc1			3.92	2	0	16.13	4			21	2	Cc1ccc(/C(=C\CN2CCCC2)c2ccccn2)cc1	ok
CHEMBL856	PRIMIDONE	4	1954	Small molecule	1	0	0	1	0			0		CCC1(c2ccccc2)C(=O)NCNC1=O			0.54	2	2	58.2	2			16	1	CCC1(c2ccccc2)C(=O)NCNC1=O	ok
CHEMBL857	BIOTIN	4	1985	Small molecule	0	1	0	1	0			0		O=C(O)CCCC[C@@H]1SC[C@@H]2NC(=O)N[C@@H]21			0.8	3	3	78.43	5			16	0	O=C(O)CCCC[C@@H]1SC[C@@H]2NC(=O)N[C@@H]21	ok
CHEMBL858	EDETIC ACID	3		Small molecule	0	0	0	1	0			0		O=C(O)CN(CCN(CC(=O)O)CC(=O)O)CC(=O)O			-2.07	6	4	155.68	11			20	0	O=C(O)CN(CCN(CC(=O)O)CC(=O)O)CC(=O)O	ok
CHEMBL86	METOCLOPRAMIDE	4	1979	Small molecule	1	1	1	1	0			0		CCN(CC)CCNC(=O)c1cc(Cl)c(N)cc1OC			2	4	2	67.59	7			20	1	CCN(CC)CCNC(=O)c1cc(Cl)c(N)cc1OC	ok
CHEMBL861	MEPHENYTOIN	4	1946	Small molecule	1	0	0	1	0			0		CCC1(c2ccccc2)NC(=O)N(C)C1=O			1.47	2	1	49.41	2			16	1	CCC1(c2ccccc2)NC(=O)N(C)C1=O	ok
CHEMBL862	GUANFACINE	4	1986	Small molecule	1	0	0	1	0			0		N=C(N)NC(=O)Cc1c(Cl)cccc1Cl			1.55	2	3	78.97	2			15	1	N=C(N)NC(=O)Cc1c(Cl)cccc1Cl	ok
CHEMBL863	CYSTEINE	4	1986	Small molecule	0	1	0	1	0			0		N[C@@H](CS)C(=O)O			-0.67	3	3	63.32	2			7	0	N[C@@H](CS)C(=O)O	ok
CHEMBL86304	MOCLOBEMIDE	4	1990	Small molecule	1	0	0	1	0			0		O=C(NCCN1CCOCC1)c1ccc(Cl)cc1			1.4	3	1	41.57	4			18	1	O=C(NCCN1CCOCC1)c1ccc(Cl)cc1	ok
CHEMBL864	CARBINOXAMINE	4	1982	Small molecule	1	0	0	1	0			0		CN(C)CCOC(c1ccc(Cl)cc1)c1ccccn1			3.4	3	0	25.36	6			20	2	CN(C)CCOC(c1ccc(Cl)cc1)c1ccccn1	ok
CHEMBL865	VALDECOXIB	4	2001	Small molecule	1	0	0	1	0			0		Cc1onc(-c2ccccc2)c1-c1ccc(S(N)(=O)=O)cc1			2.96	4	1	86.19	3			22	3	Cc1onc(-c2ccccc2)c1-c1ccc(S(N)(=O)=O)cc1	ok
CHEMBL866	MYCOPHENOLIC ACID	4	2004	Small molecule	1	0	0	1	0			0		COc1c(C)c2c(c(O)c1C/C=C(\C)CCC(=O)O)C(=O)OC2			2.73	5	2	93.06	6			23	1	COc1c(C)c2c(c(O)c1C/C=C(\C)CCC(=O)O)C(=O)OC2	ok
CHEMBL867	IOPANOIC ACID	4	1951	Small molecule	1	0	0	1	0			0		CCC(Cc1c(I)cc(I)c(N)c1I)C(=O)O			3.74	2	2	63.32	4			17	1	CCC(Cc1c(I)cc(I)c(N)c1I)C(=O)O	ok
CHEMBL86715	PROCYCLIDINE	4	1955	Small molecule	1	0	0	1	0			0		OC(CCN1CCCC1)(c1ccccc1)C1CCCCC1			3.94	2	1	23.47	5			21	1	OC(CCN1CCCC1)(c1ccccc1)C1CCCCC1	ok
CHEMBL869	NITROFURAZONE	4	1945	Small molecule	0	0	1	1	0			0		NC(=O)N/N=C/c1ccc([N+](=O)[O-])o1			0.19	5	2	123.76	3			14	1	NC(=O)N/N=C/c1ccc([N+](=O)[O-])o1	ok
CHEMBL870	ALENDRONIC ACID	4	1995	Small molecule	1	0	0	1	0			0		NCCCC(O)(P(=O)(O)O)P(=O)(O)O			-1.27	4	6	161.31	5			14	0	NCCCC(O)(P(=O)(O)O)P(=O)(O)O	ok
CHEMBL871	ETIDRONIC ACID	4	1977	Small molecule	1	1	0	1	0			0		CC(O)(P(=O)(O)O)P(=O)(O)O			-0.99	3	5	135.29	2			11	0	CC(O)(P(=O)(O)O)P(=O)(O)O	ok
CHEMBL87493	FENFLURAMINE	4	1963	Small molecule	1	0	0	0	0			0		CCNC(C)Cc1cccc(C(F)(F)F)c1			3.25	1	1	12.03	4			16	1	CCNC(C)Cc1cccc(C(F)(F)F)c1	ok
CHEMBL87563	GABEXATE	3		Small molecule	0	0	0	1	0			0		CCOC(=O)c1ccc(OC(=O)CCCCCNC(=N)N)cc1			1.81	5	3	114.5	9			23	1	CCOC(=O)c1ccc(OC(=O)CCCCCNC(=N)N)cc1	ok
CHEMBL877	TRANEXAMIC ACID	4	1986	Small molecule	1	1	0	1	0			0		NC[C@H]1CC[C@H](C(=O)O)CC1			0.84	2	2	63.32	2			11	0	NC[C@H]1CC[C@H](C(=O)O)CC1	ok
CHEMBL87708	LOFEPRAMINE	4		Small molecule	0	0	0	0	0			0		CN(CCCN1c2ccccc2CCc2ccccc21)CC(=O)c1ccc(Cl)cc1			5.78	3	0	23.55	7			30	3	CN(CCCN1c2ccccc2CCc2ccccc21)CC(=O)c1ccc(Cl)cc1	ok
CHEMBL878	METOLAZONE	4	1973	Small molecule	1	0	0	1	0			0		Cc1ccccc1N1C(=O)c2cc(S(N)(=O)=O)c(Cl)cc2NC1C			2.71	4	2	92.5	2			24	2	Cc1ccccc1N1C(=O)c2cc(S(N)(=O)=O)c(Cl)cc2NC1C	ok
CHEMBL87992	ESLICARBAZEPINE ACETATE	4	2009	Small molecule	1	0	0	1	1			0		CC(=O)O[C@H]1Cc2ccccc2N(C(N)=O)c2ccccc21			3.06	3	1	72.63	1			22	2	CC(=O)O[C@H]1Cc2ccccc2N(C(N)=O)c2ccccc21	ok
CHEMBL88	CYCLOPHOSPHAMIDE ANHYDROUS	4	1959	Small molecule	1	1	0	1	1			0		O=P1(N(CCCl)CCCl)NCCCO1			1.88	2	1	41.57	5			14	0	O=P1(N(CCCl)CCCl)NCCCO1	ok
CHEMBL880	FAMCICLOVIR	4	1994	Small molecule	1	0	0	1	1			0		CC(=O)OCC(CCn1cnc2cnc(N)nc21)COC(C)=O			0.54	9	1	122.22	7			23	2	CC(=O)OCC(CCn1cnc2cnc(N)nc21)COC(C)=O	ok
CHEMBL885	EMTRICITABINE	4	2003	Small molecule	1	0	0	0	1			0		Nc1nc(=O)n([C@@H]2CS[C@H](CO)O2)cc1F			-0.46	7	2	90.37	2			16	1	Nc1nc(=O)n([C@@H]2CS[C@H](CO)O2)cc1F	ok
CHEMBL887	RASAGILINE	4	2005	Small molecule	1	0	0	1	0			0		C#CCN[C@@H]1CCc2ccccc21			1.9	1	1	12.03	2			13	1	C#CCN[C@@H]1CCc2ccccc21	ok
CHEMBL88712	VELIFLAPON	3		Small molecule	0	0	0	0	0			0		O=C(O)[C@@H](c1ccc(OCc2ccc3ccccc3n2)cc1)C1CCCC1			5.17	3	1	59.42	6			27	3	O=C(O)[C@@H](c1ccc(OCc2ccc3ccccc3n2)cc1)C1CCCC1	ok
CHEMBL888	GEMCITABINE	4	1996	Small molecule	0	1	0	0	0			0		Nc1ccn([C@@H]2O[C@H](CO)[C@@H](O)C2(F)F)c(=O)n1			-1.29	7	3	110.6	2			18	1	Nc1ccn([C@@H]2O[C@H](CO)[C@@H](O)C2(F)F)c(=O)n1	ok
CHEMBL889	PALIFOSFAMIDE	3		Small molecule	0	0	0	1	0			0		O=P(O)(NCCCl)NCCCl			0.74	1	3	61.36	6			11	0	O=P(O)(NCCCl)NCCCl	ok
CHEMBL891	CLOXACILLIN	4	1974	Small molecule	1	0	0	1	0			0		Cc1onc(-c2ccccc2Cl)c1C(=O)N[C@@H]1C(=O)N2[C@@H]1SC(C)(C)[C@@H]2C(=O)O			2.55	6	2	112.74	4			29	2	Cc1onc(-c2ccccc2Cl)c1C(=O)N[C@@H]1C(=O)N2[C@@H]1SC(C)(C)[C@@H]2C(=O)O	ok
CHEMBL893	DICLOXACILLIN	4	1968	Small molecule	1	0	0	1	0			0		Cc1onc(-c2c(Cl)cccc2Cl)c1C(=O)N[C@@H]1C(=O)N2[C@@H]1SC(C)(C)[C@@H]2C(=O)O			3.2	6	2	112.74	4			30	2	Cc1onc(-c2c(Cl)cccc2Cl)c1C(=O)N[C@@H]1C(=O)N2[C@@H]1SC(C)(C)[C@@H]2C(=O)O	ok
CHEMBL894	BUPROPION	4	1985	Small molecule	1	0	0	1	0			0		CC(NC(C)(C)C)C(=O)c1cccc(Cl)c1			3.3	2	1	29.1	3			16	1	CC(NC(C)(C)C)C(=O)c1cccc(Cl)c1	ok
CHEMBL895	NALBUPHINE	4	1979	Small molecule	0	1	0	1	0			0		Oc1ccc2c3c1O[C@H]1[C@@H](O)CC[C@@]4(O)[C@@H](C2)N(CC2CCC2)CC[C@]314			1.71	5	3	73.16	2			26	1	Oc1ccc2c3c1O[C@H]1[C@@H](O)CC[C@@]4(O)[C@@H](C2)N(CC2CCC2)CC[C@]314	ok
CHEMBL89598	VIGABATRIN	4	2009	Small molecule	1	0	0	1	0			0		C=CC(N)CCC(=O)O			0.36	2	2	63.32	4			9	0	C=CC(N)CCC(=O)O	ok
CHEMBL896	HYDROXYZINE	4	1956	Small molecule	1	1	0	1	0			0		OCCOCCN1CCN(C(c2ccccc2)c2ccc(Cl)cc2)CC1			3.06	4	1	35.94	8			26	2	OCCOCCN1CCN(C(c2ccccc2)c2ccc(Cl)cc2)CC1	ok
CHEMBL897	PROBENECID	4	1951	Small molecule	1	0	0	1	0			0		CCCN(CCC)S(=O)(=O)c1ccc(C(=O)O)cc1			2.2	3	1	74.68	7			19	1	CCCN(CCC)S(=O)(=O)c1ccc(C(=O)O)cc1	ok
CHEMBL898	DIFLUNISAL	4	1982	Small molecule	1	0	0	0	0			0		O=C(O)c1cc(-c2ccc(F)cc2F)ccc1O			3.04	2	2	57.53	2			18	2	O=C(O)c1cc(-c2ccc(F)cc2F)ccc1O	ok
CHEMBL9	NORFLOXACIN	4	1986	Small molecule	1	0	1	0	0			0		CCn1cc(C(=O)O)c(=O)c2cc(F)c(N3CCNCC3)cc21			1.27	5	2	74.57	3			23	2	CCn1cc(C(=O)O)c(=O)c2cc(F)c(N3CCNCC3)cc21	ok
CHEMBL90	HISTAMINE	4	1939	Small molecule	0	1	0	1	0			0		NCCc1c[nH]cn1			-0.09	2	2	54.7	2			8	1	NCCc1c[nH]cn1	ok
CHEMBL900	ORPHENADRINE	4	1957	Small molecule	1	1	0	1	0			0		Cc1ccccc1C(OCCN(C)C)c1ccccc1			3.66	2	0	12.47	6			20	2	Cc1ccccc1C(OCCN(C)C)c1ccccc1	RISK
CHEMBL902	FAMOTIDINE	4	1986	Small molecule	1	1	0	1	0			0		NC(N)=Nc1nc(CSCC/C(N)=N/S(N)(=O)=O)cs1			-0.77	6	4	175.83	7			20	1	NC(N)=Nc1nc(CSCC/C(N)=N/S(N)(=O)=O)cs1	ok
CHEMBL905	RIZATRIPTAN	4	1998	Small molecule	1	0	0	1	0			0		CN(C)CCc1c[nH]c2ccc(Cn3cncn3)cc12			1.91	4	1	49.74	5			20	3	CN(C)CCc1c[nH]c2ccc(Cn3cncn3)cc12	ok
CHEMBL90555	VINCRISTINE	4	1963	Small molecule	0	1	0	1	0			0		CC[C@]1(O)C[C@H]2CN(CCc3c([nH]c4ccccc34)[C@@](C(=O)OC)(c3cc4c(cc3OC)N(C=O)[C@H]3[C@@](O)(C(=O)OC)[C@H](OC(C)=O)[C@]5(CC)C=CCN6CC[C@]43[C@@H]65)C2)C1			3.52	12	3	171.17	8			60	3	CC[C@]1(O)C[C@H]2CN(CCc3c([nH]c4ccccc34)[C@@](C(=O)OC)(c3cc4c(cc3OC)N(C=O)[C@H]3[C@@](O)(C(=O)OC)[C@H](OC(C)=O)[C@]5(CC)C=CCN6CC[C@]43[C@@H]65)C2)C1	ok
CHEMBL90593	PRASTERONE	4		Small molecule	0	0	1	1	0			0		C[C@]12CC[C@H](O)CC1=CC[C@@H]1[C@@H]2CC[C@]2(C)C(=O)CC[C@@H]12			3.88	2	1	37.3	0			21	0	C[C@]12CC[C@H](O)CC1=CC[C@@H]1[C@@H]2CC[C@]2(C)C(=O)CC[C@@H]12	ok
CHEMBL908	CHLORPROTHIXENE	4	1967	Small molecule	1	1	0	1	0			0		CN(C)CC/C=C1/c2ccccc2Sc2ccc(Cl)cc21			5.19	2	0	3.24	3			21	2	CN(C)CC/C=C1/c2ccccc2Sc2ccc(Cl)cc21	ok
CHEMBL91	MICONAZOLE	4	1974	Small molecule	0	1	1	1	0			0		Clc1ccc(COC(Cn2ccnc2)c2ccc(Cl)cc2Cl)c(Cl)c1			6.45	3	0	27.05	6			25	3	Clc1ccc(COC(Cn2ccnc2)c2ccc(Cl)cc2Cl)c(Cl)c1	ok
CHEMBL911	ZOLPIDEM	4	1992	Small molecule	1	0	1	1	0			0		Cc1ccc(-c2nc3ccc(C)cn3c2CC(=O)N(C)C)cc1			3.25	3	0	37.61	3			23	3	Cc1ccc(-c2nc3ccc(C)cn3c2CC(=O)N(C)C)cc1	ok
CHEMBL91397	RUPATADINE	4		Small molecule	1	0	0	1	0			0		Cc1cncc(CN2CCC(=C3c4ccc(Cl)cc4CCc4cccnc43)CC2)c1			5.63	3	0	29.02	2			30	3	Cc1cncc(CN2CCC(=C3c4ccc(Cl)cc4CCc4cccnc43)CC2)c1	ok
CHEMBL914	FEXOFENADINE	4	1996	Small molecule	1	0	0	1	0			0		CC(C)(C(=O)O)c1ccc(C(O)CCCN2CCC(C(O)(c3ccccc3)c3ccccc3)CC2)cc1			5.51	4	3	81	10			37	3	CC(C)(C(=O)O)c1ccc(C(O)CCCN2CCC(C(O)(c3ccccc3)c3ccccc3)CC2)cc1	RISK
CHEMBL915	NEDOCROMIL SODIUM	4	1992	Small molecule	0	0	1	0	0			0		CCCc1c2oc(C(=O)[O-])cc(=O)c2cc2c(=O)cc(C(=O)[O-])n(CC)c12.[Na+].[Na+]			2.48	6	2	126.81	5			27	3	CCCc1c2oc(C(=O)[O-])cc(=O)c2cc2c(=O)cc(C(=O)[O-])n(CC)c12	ok
CHEMBL916	TIROFIBAN	4	1998	Small molecule	0	1	0	1	0			0		CCCCS(=O)(=O)N[C@@H](Cc1ccc(OCCCCC2CCNCC2)cc1)C(=O)O			2.95	5	3	104.73	14			30	1	CCCCS(=O)(=O)N[C@@H](Cc1ccc(OCCCCC2CCNCC2)cc1)C(=O)O	ok
CHEMBL917	FLOXURIDINE	4	1970	Small molecule	0	1	0	0	0			0		O=c1[nH]c(=O)n([C@H]2C[C@H](O)[C@@H](CO)O2)cc1F			-1.68	6	3	104.55	2			17	1	O=c1[nH]c(=O)n([C@H]2C[C@H](O)[C@@H](CO)O2)cc1F	ok
CHEMBL918	PHENACEMIDE	4	1951	Small molecule	1	0	0	1	0			0		NC(=O)NC(=O)Cc1ccccc1			0.42	2	2	72.19	2			13	1	NC(=O)NC(=O)Cc1ccccc1	ok
CHEMBL91829	RUBOXISTAURIN	3		Small molecule	0	0	0	1	0			0		CN(C)C[C@@H]1CCn2cc(c3ccccc32)C2=C(C(=O)NC2=O)c2cn(c3ccccc23)CCO1			3.51	6	1	68.5	2			35	4	CN(C)C[C@@H]1CCn2cc(c3ccccc32)C2=C(C(=O)NC2=O)c2cn(c3ccccc23)CCO1	ok
CHEMBL919	FOSPHENYTOIN SODIUM	4	1996	Small molecule	0	1	0	0	1			0		O=C1NC(c2ccccc2)(c2ccccc2)C(=O)N1COP(=O)([O-])[O-].[Na+].[Na+]			1.55	4	3	116.17	5			25	2	O=C1NC(c2ccccc2)(c2ccccc2)C(=O)N1COP(=O)([O-])[O-]	ok
CHEMBL9194	ATRASENTAN	3		Small molecule	0	0	0	1	0			0		CCCCN(CCCC)C(=O)CN1C[C@H](c2ccc3c(c2)OCO3)[C@@H](C(=O)O)[C@@H]1c1ccc(OC)cc1			4.69	6	1	88.54	12			37	2	CCCCN(CCCC)C(=O)CN1C[C@H](c2ccc3c(c2)OCO3)[C@@H](C(=O)O)[C@@H]1c1ccc(OC)cc1	ok
CHEMBL92	DOCETAXEL ANHYDROUS	4	1995	Small molecule	0	1	0	1	0			0		CC(=O)O[C@@]12CO[C@@H]1C[C@H](O)[C@@]1(C)C(=O)[C@H](O)C3=C(C)[C@@H](OC(=O)[C@H](O)[C@@H](NC(=O)OC(C)(C)C)c4ccccc4)C[C@@](O)([C@@H](OC(=O)c4ccccc4)[C@H]21)C3(C)C			3.26	14	5	224.45	8			58	2	CC(=O)O[C@@]12CO[C@@H]1C[C@H](O)[C@@]1(C)C(=O)[C@H](O)C3=C(C)[C@@H](OC(=O)[C@H](O)[C@@H](NC(=O)OC(C)(C)C)c4ccccc4)C[C@@](O)([C@@H](OC(=O)c4ccccc4)[C@H]21)C3(C)C	ok
CHEMBL920	CHOLINE	4	2012	Small molecule	0	1	0	1	0			0		C[N+](C)(C)CCO			-0.32	1	1	20.23	2			7	0	C[N+](C)(C)CCO	ok
CHEMBL922	ADEFOVIR DIPIVOXIL	4	2002	Small molecule	1	0	0	1	1			0		CC(C)(C)C(=O)OCOP(=O)(COCCn1cnc2c(N)ncnc21)OCOC(=O)C(C)(C)C			2.7	13	1	166.98	11			34	2	CC(C)(C)C(=O)OCOP(=O)(COCCn1cnc2c(N)ncnc21)OCOC(=O)C(C)(C)C	ok
CHEMBL9225	HEXESTROL	4		Small molecule	0	0	0	1	0			0		CC[C@H](c1ccc(O)cc1)[C@@H](CC)c1ccc(O)cc1			4.79	2	2	40.46	5			20	2	CC[C@H](c1ccc(O)cc1)[C@@H](CC)c1ccc(O)cc1	ok
CHEMBL923	RISEDRONIC ACID	4	1998	Small molecule	1	0	0	1	0			0		O=P(O)(O)C(O)(Cc1cccnc1)P(=O)(O)O			-0.37	4	5	148.18	4			17	1	O=P(O)(O)C(O)(Cc1cccnc1)P(=O)(O)O	ok
CHEMBL924	ZOLEDRONIC ACID ANHYDROUS	4	2001	Small molecule	0	1	0	1	0			0		O=P(O)(O)C(O)(Cn1ccnc1)P(=O)(O)O			-1.12	5	5	153.11	4			16	1	O=P(O)(O)C(O)(Cn1ccnc1)P(=O)(O)O	ok
CHEMBL92401	IPRONIAZID	4		Small molecule	1	0	0	1	0			0		CC(C)NNC(=O)c1ccncc1			0.72	3	2	54.02	3			13	1	CC(C)NNC(=O)c1ccncc1	ok
CHEMBL925	TYROSINE	4	1982	Small molecule	1	0	0	1	0			0		N[C@@H](Cc1ccc(O)cc1)C(=O)O			0.35	3	3	83.55	3			13	1	N[C@@H](Cc1ccc(O)cc1)C(=O)O	ok
CHEMBL926	DOBUTAMINE	4	1978	Small molecule	0	1	0	1	0			0		CC(CCc1ccc(O)cc1)NCCc1ccc(O)c(O)c1			2.96	4	4	72.72	7			22	2	CC(CCc1ccc(O)cc1)NCCc1ccc(O)c(O)c1	ok
CHEMBL927	CEFDINIR	4	1997	Small molecule	1	0	0	1	0			0		C=CC1=C(C(=O)O)N2C(=O)[C@@H](NC(=O)/C(=N\O)c3csc(N)n3)[C@H]2SC1			-0.17	9	4	158.21	5			26	1	C=CC1=C(C(=O)O)N2C(=O)[C@@H](NC(=O)/C(=N\O)c3csc(N)n3)[C@H]2SC1	ok
CHEMBL928	DANTROLENE SODIUM	4	1974	Small molecule	1	1	0	0	0			0		O=C1CN(/N=C/c2ccc(-c3ccc([N+](=O)[O-])cc3)o2)C(=O)[N-]1.[Na+]			1.74	6	1	118.05	4			23	2	O=C1CN(/N=C/c2ccc(-c3ccc([N+](=O)[O-])cc3)o2)C(=O)[N-]1	ok
CHEMBL93	ZILEUTON	4	1996	Small molecule	1	0	0	1	0			0		CC(c1cc2ccccc2s1)N(O)C(N)=O			2.73	3	2	66.56	2			16	2	CC(c1cc2ccccc2s1)N(O)C(N)=O	ok
CHEMBL930	GLUTAMINE	4	2004	Small molecule	1	0	0	1	0			0		NC(=O)CC[C@H](N)C(=O)O			-1.34	3	3	106.41	4			10	0	NC(=O)CC[C@H](N)C(=O)O	ok
CHEMBL931	HALOTHANE	4	1958	Small molecule	0	0	1	0	0			0		FC(F)(F)C(Cl)Br			2.51	0	0	0	0			7	0	FC(F)(F)C(Cl)Br	ok
CHEMBL932	DIPYRIDAMOLE	4	1961	Small molecule	1	1	0	1	0			0		OCCN(CCO)c1nc(N2CCCCC2)c2nc(N(CCO)CCO)nc(N3CCCCC3)c2n1			-0.02	12	4	145.44	12			36	2	OCCN(CCO)c1nc(N2CCCCC2)c2nc(N(CCO)CCO)nc(N3CCCCC3)c2n1	ok
CHEMBL93268	SODIUM NITRITE	4	2011	Small molecule	0	1	0	0	0			0		O=N[O-].[Na+]			0.14	2	1	49.66	0			3	0	O=N[O-]	ok
CHEMBL93298	AROTINOLOL	3		Small molecule	0	0	0	1	0			0		CC(C)(C)NCC(O)CSc1nc(-c2ccc(C(N)=O)s2)cs1			2.81	7	3	88.24	7			23	2	CC(C)(C)NCC(O)CSc1nc(-c2ccc(C(N)=O)s2)cs1	ok
CHEMBL934	METYRAPONE	4	1961	Small molecule	1	0	0	1	0			0		CC(C)(C(=O)c1cccnc1)c1cccnc1			2.64	3	0	42.85	3			17	2	CC(C)(C(=O)c1cccnc1)c1cccnc1	ok
CHEMBL936	DIPHENIDOL	4	1967	Small molecule	1	0	0	1	0			0		OC(CCCN1CCCCC1)(c1ccccc1)c1ccccc1			4.19	2	1	23.47	6			23	2	OC(CCCN1CCCCC1)(c1ccccc1)c1ccccc1	ok
CHEMBL939	GEFITINIB	4	2003	Small molecule	1	0	0	0	0			0		COc1cc2ncnc(Nc3ccc(F)c(Cl)c3)c2cc1OCCCN1CCOCC1			4.28	7	1	68.74	8			31	3	COc1cc2ncnc(Nc3ccc(F)c(Cl)c3)c2cc1OCCCN1CCOCC1	RISK
CHEMBL94	PHYSOSTIGMINE	4		Small molecule	0	1	0	1	0			0		CNC(=O)Oc1ccc2c(c1)[C@]1(C)CCN(C)[C@@H]1N2C			1.77	4	1	44.81	1			20	1	CNC(=O)Oc1ccc2c(c1)[C@]1(C)CCN(C)[C@@H]1N2C	ok
CHEMBL940	GABAPENTIN	4	1993	Small molecule	1	0	0	1	0			0		NCC1(CC(=O)O)CCCCC1			1.37	2	2	63.32	3			12	0	NCC1(CC(=O)O)CCCCC1	ok
CHEMBL94081	ALCLOFENAC	4		Small molecule	0	0	0	1	0			0		C=CCOc1ccc(CC(=O)O)cc1Cl			2.53	2	1	46.53	5			15	1	C=CCOc1ccc(CC(=O)O)cc1Cl	ok
CHEMBL941	IMATINIB	4	2001	Small molecule	1	0	0	1	0			0		Cc1ccc(NC(=O)c2ccc(CN3CCN(C)CC3)cc2)cc1Nc1nccc(-c2cccnc2)n1			4.59	7	2	86.28	7			37	4	Cc1ccc(NC(=O)c2ccc(CN3CCN(C)CC3)cc2)cc1Nc1nccc(-c2cccnc2)n1	ok
CHEMBL942	BISACODYL	4	2004	Small molecule	1	0	0	1	1			0		CC(=O)Oc1ccc(C(c2ccc(OC(C)=O)cc2)c2ccccn2)cc1			4.11	5	0	65.49	5			27	3	CC(=O)Oc1ccc(C(c2ccc(OC(C)=O)cc2)c2ccccn2)cc1	ok
CHEMBL94394	BUFEXAMAC	4		Small molecule	0	0	0	1	0			0		CCCCOc1ccc(CC(=O)NO)cc1			1.91	3	2	58.56	6			16	1	CCCCOc1ccc(CC(=O)NO)cc1	ok
CHEMBL94454	MIZOLASTINE	4	1998	Small molecule	1	0	0	0	0			0		CN(c1nccc(=O)[nH]1)C1CCN(c2nc3ccccc3n2Cc2ccc(F)cc2)CC1			3.41	6	1	70.05	5			32	4	CN(c1nccc(=O)[nH]1)C1CCN(c2nc3ccccc3n2Cc2ccc(F)cc2)CC1	RISK
CHEMBL945	AMILORIDE	4	1981	Small molecule	1	0	0	1	0			0		N=C(N)NC(=O)c1nc(Cl)c(N)nc1N			-1.08	6	5	156.79	1			15	1	N=C(N)NC(=O)c1nc(Cl)c(N)nc1N	ok
CHEMBL946	AZATADINE	4	1977	Small molecule	1	0	0	1	0			0		CN1CCC(=C2c3ccccc3CCc3cccnc32)CC1			3.71	2	0	16.13	0			22	2	CN1CCC(=C2c3ccccc3CCc3cccnc32)CC1	ok
CHEMBL94657	PATUPILONE	3		Small molecule	0	0	0	1	0			0		C/C(=C\c1csc(C)n1)[C@@H]1C[C@@H]2O[C@]2(C)CCC[C@H](C)[C@H](O)[C@@H](C)C(=O)C(C)(C)[C@@H](O)CC(=O)O1			4.48	8	2	109.25	2			35	1	C/C(=C\c1csc(C)n1)[C@@H]1C[C@@H]2O[C@]2(C)CCC[C@H](C)[C@H](O)[C@@H](C)C(=O)C(C)(C)[C@@H](O)CC(=O)O1	ok
CHEMBL95	TACRINE	4	1993	Small molecule	1	0	0	1	0			0		Nc1c2c(nc3ccccc13)CCCC2			2.7	2	1	38.91	0			15	2	Nc1c2c(nc3ccccc13)CCCC2	ok
CHEMBL9509	SILIBININ	3		Small molecule	0	0	0	1	0			0		COc1cc(C2Oc3cc([C@H]4Oc5cc(O)cc(O)c5C(=O)[C@@H]4O)ccc3OC2CO)ccc1O			2.36	10	5	155.14	4			35	3	COc1cc(C2Oc3cc([C@H]4Oc5cc(O)cc(O)c5C(=O)[C@@H]4O)ccc3OC2CO)ccc1O	ok
CHEMBL951	IOPHENDYLATE	4	1982	Small molecule	0	1	0	0	0			0		CCOC(=O)CCCCCCCCC(C)c1ccc(I)cc1			6.08	2	0	26.3	11			22	1	CCOC(=O)CCCCCCCCC(C)c1ccc(I)cc1	ok
CHEMBL953	ENTACAPONE	4	1998	Small molecule	1	0	0	1	0			0		CCN(CC)C(=O)/C(C#N)=C/c1cc(O)c(O)c([N+](=O)[O-])c1			1.78	6	2	127.7	5			22	1	CCN(CC)C(=O)/C(C#N)=C/c1cc(O)c(O)c([N+](=O)[O-])c1	ok
CHEMBL954	ENCLOMIPHENE	3		Small molecule	0	0	0	1	1			0		CCN(CC)CCOc1ccc(/C(=C(/Cl)c2ccccc2)c2ccccc2)cc1			6.56	2	0	12.47	9			29	3	CCN(CC)CCOc1ccc(/C(=C(/Cl)c2ccccc2)c2ccccc2)cc1	ok
CHEMBL95431	CARBOXYAMIDOTRIAZOLE	3		Small molecule	0	0	0	1	0			0		NC(=O)c1nnn(Cc2cc(Cl)c(C(=O)c3ccc(Cl)cc3)c(Cl)c2)c1N			3.2	6	2	116.89	5			27	3	NC(=O)c1nnn(Cc2cc(Cl)c(C(=O)c3ccc(Cl)cc3)c(Cl)c2)c1N	ok
CHEMBL956	SUPROFEN	4	1985	Small molecule	0	0	1	1	0			0		CC(C(=O)O)c1ccc(C(=O)c2cccs2)cc1			3.17	3	1	54.37	4			18	2	CC(C(=O)O)c1ccc(C(=O)c2cccs2)cc1	ok
CHEMBL95606	CYTIDINE	3		Small molecule	0	0	0	1	0			0		Nc1ccn([C@@H]2O[C@H](CO)[C@@H](O)[C@H]2O)c(=O)n1			-2.56	8	4	130.83	2			17	1	Nc1ccn([C@@H]2O[C@H](CO)[C@@H](O)[C@H]2O)c(=O)n1	ok
CHEMBL957	BOSENTAN	4	2001	Small molecule	1	0	0	1	0			0		COc1ccccc1Oc1c(NS(=O)(=O)c2ccc(C(C)(C)C)cc2)nc(-c2ncccn2)nc1OCCO			4.2	10	2	145.65	10			39	4	COc1ccccc1Oc1c(NS(=O)(=O)c2ccc(C(C)(C)C)cc2)nc(-c2ncccn2)nc1OCCO	ok
CHEMBL95889	BETAINE	4	1996	Small molecule	1	0	0	1	0			0		C[N+](C)(C)CC(=O)O			-0.22	1	1	37.3	2			8	0	C[N+](C)(C)CC(=O)O	ok
CHEMBL959	RIMANTADINE	4	1993	Small molecule	1	0	0	1	0			0		CC(N)C12CC3CC(CC(C3)C1)C2			2.55	1	1	26.02	1			13	0	CC(N)C12CC3CC(CC(C3)C1)C2	ok
CHEMBL960	LEFLUNOMIDE	4	1998	Small molecule	1	0	0	0	1			0		Cc1oncc1C(=O)Nc1ccc(C(F)(F)F)cc1			3.25	3	1	55.13	2			19	2	Cc1oncc1C(=O)Nc1ccc(C(F)(F)F)cc1	ok
CHEMBL962	EPOPROSTENOL SODIUM	4	1995	Small molecule	0	1	0	1	0			0		CCCCC[C@H](O)/C=C/[C@@H]1[C@H]2C/C(=C/CCCC(=O)[O-])O[C@H]2C[C@H]1O.[Na+]			3.41	4	3	86.99	10			25	0	CCCCC[C@H](O)/C=C/[C@@H]1[C@H]2C/C(=C/CCCC(=O)[O-])O[C@H]2C[C@H]1O	ok
CHEMBL963	OXYMORPHONE	4	1959	Small molecule	1	1	1	1	0			0		CN1CC[C@]23c4c5ccc(O)c4O[C@H]2C(=O)CC[C@@]3(O)[C@H]1C5			0.75	5	2	70	0			22	1	CN1CC[C@]23c4c5ccc(O)c4O[C@H]2C(=O)CC[C@@]3(O)[C@H]1C5	ok
CHEMBL964	DISULFIRAM	4	1951	Small molecule	1	0	0	1	0			0		CCN(CC)C(=S)SSC(=S)N(CC)CC			3.62	4	0	6.48	4			16	0	CCN(CC)C(=S)SSC(=S)N(CC)CC	ok
CHEMBL965	CARBAMOYLCHOLINE	4	1972	Small molecule	0	1	0	1	0			0		C[N+](C)(C)CCOC(N)=O			-0.21	2	1	52.32	3			10	0	C[N+](C)(C)CCOC(N)=O	ok
CHEMBL967	TEMAZEPAM	4	1981	Small molecule	1	0	0	1	0			0		CN1C(=O)C(O)N=C(c2ccccc2)c2cc(Cl)ccc21			2.47	3	1	52.9	1			21	2	CN1C(=O)C(O)N=C(c2ccccc2)c2cc(Cl)ccc21	ok
CHEMBL96783	XYLITOL	3		Small molecule	0	0	0	1	0			0		OC[C@@H](O)[C@H](O)[C@@H](O)CO			-2.95	5	5	101.15	4			10	0	OC[C@@H](O)[C@H](O)[C@@H](O)CO	ok
CHEMBL968	FLURAZEPAM	4	1970	Small molecule	1	0	0	0	0			0		CCN(CC)CCN1C(=O)CN=C(c2ccccc2F)c2cc(Cl)ccc21			4	3	0	35.91	6			27	2	CCN(CC)CCN1C(=O)CN=C(c2ccccc2F)c2cc(Cl)ccc21	ok
CHEMBL969	PRAZEPAM	4	1982	Small molecule	1	0	0	1	0			0		O=C1CN=C(c2ccccc2)c2cc(Cl)ccc2N1CC1CC1			3.93	2	0	32.67	3			23	2	O=C1CN=C(c2ccccc2)c2cc(Cl)ccc2N1CC1CC1	ok
CHEMBL970	HALAZEPAM	4	1981	Small molecule	1	0	0	0	0			0		O=C1CN=C(c2ccccc2)c2cc(Cl)ccc2N1CC(F)(F)F			4.09	2	0	32.67	2			24	2	O=C1CN=C(c2ccccc2)c2cc(Cl)ccc2N1CC(F)(F)F	ok
CHEMBL971	PENTOBARBITAL SODIUM	4	1973	Small molecule	1	1	1	0	0			0		CCCC(C)C1(CC)C(=O)N=C([O-])NC1=O.[Na+]			1.18	3	2	75.27	4			16	0	CCCC(C)C1(CC)C(=O)N=C([O-])NC1=O	ok
CHEMBL972	SELEGILINE	4	1989	Small molecule	1	0	1	1	0			0		C#CCN(C)[C@H](C)Cc1ccccc1			2.18	1	0	3.24	4			14	1	C#CCN(C)[C@H](C)Cc1ccccc1	ok
CHEMBL973	TERIFLUNOMIDE	4	2012	Small molecule	1	0	0	0	0			0		C/C(O)=C(\C#N)C(=O)Nc1ccc(C(F)(F)F)cc1			3	3	2	73.12	2			19	1	C/C(O)=C(\C#N)C(=O)Nc1ccc(C(F)(F)F)cc1	ok
CHEMBL975	MESNA	4	1988	Small molecule	1	1	0	0	0			0		O=S(=O)([O-])CCS.[Na+]			-0.2	3	2	54.37	2			7	0	O=S(=O)([O-])CCS	ok
CHEMBL976	PRAZIQUANTEL	4	1982	Small molecule	1	0	0	1	0			0		O=C(C1CCCCC1)N1CC(=O)N2CCc3ccccc3C2C1			2.53	2	0	40.62	1			23	1	O=C(C1CCCCC1)N1CC(=O)N2CCc3ccccc3C2C1	ok
CHEMBL977	HYDROCORTISONE HEMISUCCINATE ANHYDROUS	4	1955	Small molecule	0	1	0	1	1			0		C[C@]12CCC(=O)C=C1CC[C@@H]1[C@@H]2[C@@H](O)C[C@@]2(C)[C@H]1CC[C@]2(O)C(=O)COC(=O)CCC(=O)O			2.2	7	3	138.2	6			33	0	C[C@]12CCC(=O)C=C1CC[C@@H]1[C@@H]2[C@@H](O)C[C@@]2(C)[C@H]1CC[C@]2(O)C(=O)COC(=O)CCC(=O)O	ok
CHEMBL978	METHACHOLINE	4	1986	Small molecule	0	0	1	1	0			0		CC(=O)OC(C)C[N+](C)(C)C			0.64	2	0	26.3	3			11	0	CC(=O)OC(C)C[N+](C)(C)C	ok
CHEMBL979	MEPROBAMATE	4	1955	Small molecule	1	0	0	1	0			0		CCCC(C)(COC(N)=O)COC(N)=O			0.98	4	2	104.64	6			15	0	CCCC(C)(COC(N)=O)COC(N)=O	ok
CHEMBL98	VORINOSTAT	4	2006	Small molecule	1	0	0	1	0			0		O=C(CCCCCCC(=O)Nc1ccccc1)NO			2.47	3	3	78.43	8			19	1	O=C(CCCCCCC(=O)Nc1ccccc1)NO	RISK
CHEMBL980	GUAIFENESIN	4	2002	Small molecule	1	0	0	1	0			0		COc1ccccc1OCC(O)CO			0.43	4	2	58.92	5			14	1	COc1ccccc1OCC(O)CO	ok
CHEMBL981	FENOFIBRIC ACID	4	2008	Small molecule	1	0	0	1	0			0		CC(C)(Oc1ccc(C(=O)c2ccc(Cl)cc2)cc1)C(=O)O			3.81	3	1	63.6	5			22	2	CC(C)(Oc1ccc(C(=O)c2ccc(Cl)cc2)cc1)C(=O)O	ok
CHEMBL982	NALMEFENE	4	1995	Small molecule	0	1	1	1	0			0		C=C1CC[C@@]2(O)[C@H]3Cc4ccc(O)c5c4[C@@]2(CCN3CC2CC2)[C@H]1O5			2.51	4	2	52.93	2			25	1	C=C1CC[C@@]2(O)[C@H]3Cc4ccc(O)c5c4[C@@]2(CCN3CC2CC2)[C@H]1O5	ok
CHEMBL985	UREA	4	1982	Small molecule	1	1	1	1	0			0		NC(N)=O			-0.98	1	2	69.11	0			4	0	NC(N)=O	ok
CHEMBL986	RETINOL	4	1982	Small molecule	1	1	0	1	0			0		CC1=C(/C=C/C(C)=C/C=C/C(C)=C/CO)C(C)(C)CCC1			5.51	1	1	20.23	5			21	0	CC1=C(/C=C/C(C)=C/C=C/C(C)=C/CO)C(C)(C)CCC1	ok
CHEMBL989	FLUOCINOLONE ACETONIDE	4	1963	Small molecule	0	1	1	0	0			0		CC1(C)O[C@@H]2C[C@H]3[C@@H]4C[C@H](F)C5=CC(=O)C=C[C@]5(C)[C@@]4(F)[C@@H](O)C[C@]3(C)[C@]2(C(=O)CO)O1			2.37	6	2	93.06	2			32	0	CC1(C)O[C@@H]2C[C@H]3[C@@H]4C[C@H](F)C5=CC(=O)C=C[C@]5(C)[C@@]4(F)[C@@H](O)C[C@]3(C)[C@]2(C(=O)CO)O1	ok
CHEMBL990	BUTENAFINE	4	1996	Small molecule	0	0	1	1	0			0		CN(Cc1ccc(C(C)(C)C)cc1)Cc1cccc2ccccc12			5.77	1	0	3.24	4			24	3	CN(Cc1ccc(C(C)(C)C)cc1)Cc1cccc2ccccc12	ok
CHEMBL991	STAVUDINE	4	1994	Small molecule	1	0	0	1	1			0		Cc1cn([C@H]2C=C[C@@H](CO)O2)c(=O)[nH]c1=O			-0.71	5	2	84.32	2			16	1	Cc1cn([C@H]2C=C[C@@H](CO)O2)c(=O)[nH]c1=O	ok
CHEMBL995	LOSARTAN POTASSIUM	4	1995	Small molecule	1	0	0	1	0			0		CCCCc1nc(Cl)c(CO)n1Cc1ccc(-c2ccccc2-c2nnn[n-]2)cc1.[K+]			4.27	6	2	92.51	8			30	4	CCCCc1nc(Cl)c(CO)n1Cc1ccc(-c2ccccc2-c2nnn[n-]2)cc1	ok
CHEMBL996	CEFOXITIN	4	1978	Small molecule	0	1	0	1	0			0		CO[C@@]1(NC(=O)Cc2cccs2)C(=O)N2C(C(=O)O)=C(COC(N)=O)CS[C@@H]21			0.1	8	3	148.26	7			28	1	CO[C@@]1(NC(=O)Cc2cccs2)C(=O)N2C(C(=O)O)=C(COC(N)=O)CS[C@@H]21	ok
CHEMBL9967	PIRENZEPINE	4		Small molecule	1	0	0	1	0			0		CN1CCN(CC(=O)N2c3ccccc3C(=O)Nc3cccnc32)CC1			1.56	5	1	68.78	2			26	2	CN1CCN(CC(=O)N2c3ccccc3C(=O)Nc3cccnc32)CC1	ok
CHEMBL997	IBANDRONIC ACID	4	1996	Small molecule	1	1	0	1	0			0		CCCCCN(C)CCC(O)(P(=O)(O)O)P(=O)(O)O			0.5	4	5	138.53	9			19	0	CCCCCN(C)CCC(O)(P(=O)(O)O)P(=O)(O)O	ok
CHEMBL998	LORATADINE	4	1993	Small molecule	1	0	0	1	1			0		CCOC(=O)N1CCC(=C2c3ccc(Cl)cc3CCc3cccnc32)CC1			4.89	3	0	42.43	1			27	2	CCOC(=O)N1CCC(=C2c3ccc(Cl)cc3CCc3cccnc32)CC1	RISK
CHEMBL99946	LEVOMILNACIPRAN	4	2013	Small molecule	1	0	0	1	0			0		CCN(CC)C(=O)[C@@]1(c2ccccc2)C[C@H]1CN			1.77	2	1	46.33	5			18	1	CCN(CC)C(=O)[C@@]1(c2ccccc2)C[C@H]1CN	ok
